attained,min_reduction,median_reduction,max_reduction,span20,span30,A_TS,tier,rejection_reason,candidate_id,rho_high_final,rho_two_final,G_high_final_nm,G_two_final_nm,window_width_C,lower_bracketed,upper_bracketed,complete
True,0.07232858432161948,0.09239841532443671,0.11879745076075532,0.0,0.0,0.0029411602866296037,Tier_C,,143680,0.9949413780887719,0.9949605293363292,205.1497763075637,169.6039978893676,0.0,False,True,False
True,0.04399613499153787,0.06216235436533357,0.07603737176647107,0.0,0.0,0.0018818519087297632,Tier_C,,204383,0.9945023436494377,0.9908433537514062,191.36812274594382,171.4831296968591,0.0,False,True,False
True,0.04517988441563836,0.05770922604441564,0.07237502344516233,0.0,0.0,0.0018054270782901618,Tier_C,,23831,0.9947176573254221,0.9949177487204227,180.4566232316365,164.26554444883058,0.0,False,True,False
True,0.05338435020533927,0.06811661991438689,0.08257052169561108,0.0,0.0,0.0020947116152431723,Tier_C,,248418,0.994404267730763,0.9949757333779455,172.00513921783732,153.13757465880948,0.0,False,True,False
True,0.049630635425433556,0.06251925772234013,0.07235365071320143,0.0,0.0,0.0018998885665700406,Tier_C,,178058,0.9948603619858125,0.9949904622950793,177.2248159569498,161.0575806958628,0.0,False,True,False
True,0.05373839915309975,0.06464963961099379,0.08590973743718855,0.0,0.0,0.002074120136656399,Tier_C,,123428,0.9948420492757586,0.9949770757371945,180.12045860430337,159.1601671580236,0.0,False,True,False
True,0.03801926447377879,0.04619315374360178,0.060001458072687974,0.0,0.0,0.001453764060662608,Tier_C,,179780,0.9948615134067259,0.9837073811228828,186.86181226250864,168.9703590822602,0.0,False,True,False
True,0.047753342424340595,0.06389638949792664,0.09429817267710183,0.0,0.0,0.002106458261588018,Tier_C,,235695,0.9948781460305853,0.9949464320381337,206.85860588278646,176.49761558409787,0.0,False,True,False
False,0.02831355983463779,0.037886649608708634,0.04449394463130707,0.0,0.0,0.00113462387639002,Tier_C,,182435,0.9948088762805296,0.9796986239214733,171.7146202515962,158.94380177358045,0.0,False,True,False
True,0.06597558540366033,0.08768488270917318,0.1175094275949855,0.0,0.0,0.0027931176551982025,Tier_C,,148839,0.9949154831952886,0.9949760449723329,193.45753297539187,162.0794256722856,0.0,False,True,False
True,0.055776052071826676,0.07555265475502582,0.09712129360743416,0.0,0.0,0.0023415450694721745,Tier_C,,173209,0.9945209359626692,0.9949817042220006,193.82569365456197,168.22726950189744,0.0,False,True,False
True,0.062026641353474465,0.07906165380292118,0.10198876460744333,0.0,0.0,0.0025360882130543395,Tier_C,,89720,0.9947286813053305,0.9949817070920774,167.9305823677569,144.68492538274745,0.0,False,True,False
True,0.07352095552709659,0.09604313845089263,0.12628719322445958,0.0,0.0,0.0030774372171140283,Tier_C,,75732,0.994942849473145,0.9949407590745685,206.87720775032588,168.13089750138639,0.0,False,True,False
False,0.04148115201283309,0.0559699739399776,0.06941828168970443,0.0,0.0,0.0013455959762662638,Tier_C,,34665,0.9948574913889081,0.9737780880976149,159.46733509663454,141.65688525458114,0.0,False,True,False
True,0.058638057191260806,0.07687073152359158,0.09395485369284629,0.0,0.0,0.0023871722452964432,Tier_C,,58791,0.9945770486313917,0.9949856402800739,172.41726391024585,154.80186546773615,0.0,True,True,False
True,0.07627169153436231,0.0983844381086727,0.12514783676721009,0.0,0.0,0.0031173417369749707,Tier_C,,54525,0.9949674246532827,0.994992500336386,195.37758807656616,162.5375151523887,0.0,False,True,False
True,0.06157344594207115,0.07851774669715073,0.10071854144393644,0.0,0.0,0.002501864174592906,Tier_C,,133029,0.9949179703404528,0.9872923324310524,187.60590588340241,161.16065950357282,0.0,False,True,False
True,0.05637906409847804,0.0668586420932995,0.07969444809842596,0.0,0.0,0.0021058174523178883,Tier_C,,246869,0.994975280502417,0.994961425332415,183.68938443150356,160.0423626148034,0.0,False,True,False
True,0.06571046297480954,0.08667894037206836,0.11024799654705408,0.0,0.0,0.0027588763007013366,Tier_C,,201575,0.9948011095622942,0.9949930387587151,191.88111220325104,163.89988182038445,0.0,False,True,False
True,0.032822941078087364,0.041688917626578004,0.053535791610691774,0.0,0.0,0.001310911246731025,Tier_C,,235940,0.9947175434537716,0.9897081861756726,167.79106171902987,155.99663877080553,0.0,False,True,False
True,0.05255275040964369,0.06599459921106232,0.08501515378795055,0.0,0.0,0.002112893714751287,Tier_C,,150192,0.9946411178002296,0.9949558422565011,162.9269612611643,144.74109354131764,0.0,False,True,False
True,0.04282554542762684,0.05731000665872199,0.07492523742658574,0.0,0.0,0.0017933603962214007,Tier_C,,21979,0.9948888189443318,0.9946385374229202,181.41414683442778,164.1805281785618,0.0,False,True,False
True,0.07144832062645634,0.0915917320028301,0.11783978231816095,0.0,0.0,0.0029301352301421583,Tier_C,,225549,0.994911264320843,0.9949954743918737,195.28031873105516,164.2040974832296,0.0,False,True,False
True,0.057156809868010194,0.07642775198104901,0.09858695277744844,0.0,0.0,0.0023849771728895915,Tier_C,,135801,0.9948924649766092,0.9949945887402396,175.9368668574824,150.81440397664343,0.0,False,True,False
True,0.07073184549773315,0.08906786768982045,0.11116880859454525,0.0,0.0,0.002806359196115145,Tier_C,,249408,0.9949135418931563,0.9949454028647521,174.56123904278766,148.33331547502127,0.0,False,True,False
True,0.05175122087376083,0.06494297189959308,0.0800636809761398,0.0,0.0,0.0020315897409547957,Tier_C,,18411,0.9949665553841393,0.9949939186589822,166.29427711796626,149.4594994451487,0.0,False,True,False
True,0.07034579152890541,0.0912834385339848,0.11691983473227174,0.0,0.0,0.0028872712577438257,Tier_C,,63278,0.9947652236705367,0.9949878127264715,185.04131260900286,154.96822468113794,0.0,False,True,False
True,0.051776749337745454,0.0654747665983696,0.07897489090288767,0.0,0.0,0.0020209316207530923,Tier_C,,172723,0.9949603127239838,0.9949806814615285,167.76272904583954,151.7042530676013,0.0,False,True,False
True,0.0907606029619834,0.11282604664289253,0.1415061067401049,0.0,0.0,0.0036109037296671496,Tier_C,,155976,0.994745543383889,0.9949852584012715,156.68401371901624,128.5358976441353,50,True,True,True
True,0.05497719523060984,0.07137965301104565,0.10051208706278358,0.0,0.0,0.002342515653315686,Tier_C,,210614,0.9948350710135233,0.9943013497171911,161.08572661463188,138.35619649050057,0.0,False,True,False
True,0.07237514860493033,0.0983713197181324,0.12766740790215614,0.0,0.0,0.0031167532790110993,Tier_C,,238924,0.9949870928333704,0.9949174519283375,163.98726518797633,136.53165461397109,0.0,False,True,False
True,0.095682445736329,0.118861514255452,0.15111978914246926,0.0,0.0,0.0038506643132183503,Tier_C,,68959,0.9949312752966832,0.9949947803582924,212.26336413188776,165.47836991946627,0.0,False,True,False
True,0.06645309019743528,0.08606421822493726,0.10685664280643259,0.0,0.0,0.002661791118798001,Tier_C,,79939,0.9947215297604637,0.9949948840172789,166.0438188987474,142.2073347296351,0.0,False,True,False
True,0.06504505248453885,0.08508941342605703,0.11390833736095718,0.0,0.0,0.0027619807172883683,Tier_C,,232116,0.9947579707732112,0.9949825487725255,155.42397485619804,131.26185603043987,0.0,False,True,False
True,0.09384962366510208,0.12174428819189831,0.158118213974201,0.0,0.0,0.003914820753601249,Tier_C,,122603,0.9948730848727322,0.9949840072525846,198.52309419921463,154.9590837275259,0.0,False,True,False
True,0.037753152166018156,0.04893692655544024,0.06454777950065238,0.0,0.0,0.0015709290773861626,Tier_C,,47751,0.9946860905867464,0.9949816522150816,151.50097527148606,140.163150122415,0.0,False,True,False
True,0.0710683191150785,0.09531569244261995,0.12388331679923004,0.0,0.0,0.0030211395771283546,Tier_C,,3100,0.9948973365878169,0.9949868445026646,176.4368029076585,145.18055476094642,0.0,False,True,False
True,0.06860948310123971,0.08813719905218809,0.11627393790048335,0.0,0.0,0.00281501559392638,Tier_C,,204419,0.9949793356575758,0.994993337162505,156.2618021728516,130.9418828205593,0.0,False,True,False
True,0.06189639151614912,0.0775824443283194,0.09781258713228524,0.0,0.0,0.0024504883383150494,Tier_C,,49193,0.994894645866178,0.9949072416027398,152.2110425860809,130.4748496488103,0.0,False,True,False
False,0.08618416048810273,0.10999027975874087,0.1357760186943069,0.0,0.0,0.0035286490139317464,Tier_C,,231079,0.9946473167233972,0.9797979016468187,172.9951841483522,144.13304502190545,0.0,False,True,False
True,0.09078819487104972,0.11677055164598371,0.14020814165286666,0.0,0.0,0.0036986312686314513,Tier_C,,24541,0.994967022581622,0.9915604098688588,169.88793299480523,136.4106234845753,0.0,False,True,False
True,0.06480248345251005,0.08294760020456415,0.11035438860495306,0.0,0.0,0.0026713943908848225,Tier_C,,249575,0.9948737226041837,0.9871194386755456,151.88814315471026,129.40285090771616,0.0,False,True,False
True,0.058817223989677814,0.07499518364995528,0.08931248857478324,0.0,0.0,0.002317705523794774,Tier_C,,125669,0.9948368051788736,0.9949834161413895,150.9769185574286,133.71897195070153,0.0,False,True,False
True,0.06598269425805736,0.08446273969058482,0.11026187232015483,0.0,0.0,0.0026793768767623682,Tier_C,,209643,0.9948075998501487,0.9949730071953998,159.69227331812073,135.92178945947094,0.0,False,True,False
True,0.049490128066264405,0.06418180386934436,0.08247187215861662,0.0,0.0,0.002032932573305655,Tier_C,,164099,0.9949100331905684,0.9949940645122198,140.78170848655733,124.98430016846409,0.0,False,True,False
True,0.08264802529356352,0.1084749334373577,0.13829063242621709,0.0,0.0,0.003446846084379994,Tier_C,,116138,0.9948102556264953,0.994950272874987,172.31073167448147,140.1599948854799,0.0,False,True,False
True,0.052676763062889265,0.07002010133336423,0.0906713640044734,0.0,0.0,0.002189388069359306,Tier_C,,245447,0.9946538514009873,0.9949805893704973,143.44631097494377,124.1124362440075,0.0,False,True,False
True,0.10820281867562609,0.12853443334882342,0.15538186954464583,0.0,0.0,0.004173351375444688,Tier_C,,80700,0.9949929973227708,0.9837558662157213,175.53400493304756,139.76303886201612,0.0,False,True,False
True,0.03770924644582008,0.043321772494887556,0.051869857500782435,0.0,0.0,0.0013317312026983321,Tier_C,,26249,0.9946277813625108,0.9949324659364327,155.04816560707718,144.4243950808741,0.0,False,True,False
True,0.06879655389300121,0.08914095243500875,0.1227232688380262,0.0,0.0,0.0028858825432048377,Tier_C,,228598,0.9948661290859252,0.9949974799096923,155.11508751142273,128.15179254462046,0.0,False,True,False
True,0.03217944246118132,0.041144758738506426,0.062378087570847174,0.0,0.0,0.0013490719630731667,Tier_C,,92428,0.9944779155345147,0.9949815096009568,133.31389297228986,121.56763017412715,0.0,False,True,False
False,0.21147627466624974,0.21782329364195602,0.2243153123815994,0.00589999999999935,0.0,0.001449759563766179,Tier_C,,166449,0.9854545118299692,0.9558894688074243,452.98017369641246,311.151823657313,0.0,False,True,False
True,0.06012221363290404,0.07919607447464616,0.10968423554924556,0.0,0.0,0.0025732202659031556,Tier_C,,138890,0.9949269356570134,0.9949689736273647,146.93621772505026,124.6419531492477,0.0,False,True,False
False,nan,nan,nan,0.0,0.0,0.0,reject,high_density_unattained,218459,0.8941080243795596,0.8857427055334587,489.1124041407209,463.0450810043059,0.0,False,True,False
False,nan,nan,nan,0.0,0.0,0.0,reject,high_density_unattained,242355,0.8161304544215253,0.8161304544215253,496.3781547221897,496.3781547221897,0.0,False,True,False
False,nan,nan,nan,0.0,0.0,0.0,reject,high_density_unattained,195773,0.810214030543718,0.810214030543718,498.9749931635764,498.9749931635764,0.0,False,True,False
False,nan,nan,nan,0.0,0.0,0.0,reject,high_density_unattained,218826,0.8118931683660708,0.8118931683660708,498.26136381857935,498.26136381857935,0.0,False,True,False
False,nan,nan,nan,0.0,0.0,0.0,reject,high_density_unattained,95834,0.8155738437374176,0.8155738437374176,498.34289445804507,498.34289445804507,0.0,False,True,False
False,nan,nan,nan,0.0,0.0,0.0,reject,high_density_unattained,77999,0.8209645006982635,0.8209645006982635,494.5161535676602,494.5161535676602,0.0,False,True,False
False,nan,nan,nan,0.0,0.0,0.0,reject,high_density_unattained,144534,0.8148681248394494,0.8148681248394494,497.31230768459193,497.31230768459193,0.0,False,True,False
False,nan,nan,nan,0.0,0.0,0.0,reject,high_density_unattained,170355,0.8297592578041841,0.8297592578041841,492.00117503444545,492.00117503444545,0.0,False,True,False
False,nan,nan,nan,0.0,0.0,0.0,reject,high_density_unattained,127112,0.8099766511880953,0.8099766511880953,499.0102103454792,499.0102103454792,0.0,False,True,False
False,nan,nan,nan,0.0,0.0,0.0,reject,high_density_unattained,189922,0.8322027120314858,0.8322027120314858,491.3280198962424,491.3280198962424,0.0,False,True,False
False,nan,nan,nan,0.0,0.0,0.0,reject,high_density_unattained,108747,0.8964795919493967,0.8871553714289773,486.4281548309036,456.65342466444247,0.0,False,True,False
False,nan,nan,nan,0.0,0.0,0.0,reject,high_density_unattained,122695,0.8152003929842229,0.8152003929842229,496.8645974286367,496.8645974286367,0.0,False,True,False
False,nan,nan,nan,0.0,0.0,0.0,reject,high_density_unattained,200279,0.8147097007754766,0.8147097007754766,497.1148045215092,497.1148045215092,0.0,False,True,False
False,nan,nan,nan,0.0,0.0,0.0,reject,high_density_unattained,26166,0.8316340765163396,0.8316340765163396,490.18053087819067,490.18053087819067,0.0,False,True,False
False,nan,nan,nan,0.0,0.0,0.0,reject,high_density_unattained,188984,0.8171051970018206,0.8171051970018206,496.0900792843617,496.0900792843617,0.0,False,True,False
False,nan,nan,nan,0.0,0.0,0.0,reject,high_density_unattained,151414,0.807805948523356,0.807805948523356,500.7296891145463,500.7296891145463,0.0,False,True,False
False,nan,nan,nan,0.0,0.0,0.0,reject,high_density_unattained,177381,0.823449398112832,0.823449398112832,493.4074418605859,493.4074418605859,0.0,False,True,False
False,nan,nan,nan,0.0,0.0,0.0,reject,high_density_unattained,61998,0.8068799356385631,0.8068799356385631,500.3498682223138,500.3498682223138,0.0,False,True,False
False,nan,nan,nan,0.0,0.0,0.0,reject,high_density_unattained,230346,0.8319872115887545,0.8319872115887545,490.0206910126575,490.0206910126575,0.0,False,True,False
False,nan,nan,nan,0.0,0.0,0.0,reject,high_density_unattained,48175,0.8108200687935322,0.8108200687935322,499.42494031364913,499.42494031364913,0.0,False,True,False
False,nan,nan,nan,0.0,0.0,0.0,reject,high_density_unattained,111511,0.8183948967029959,0.8183948967029959,495.85294119323214,495.85294119323214,0.0,False,True,False
False,nan,nan,nan,0.0,0.0,0.0,reject,high_density_unattained,24147,0.8163920630776571,0.8163920630776571,496.46396588364723,496.46396588364723,0.0,False,True,False
False,nan,nan,nan,0.0,0.0,0.0,reject,high_density_unattained,126179,0.8321982638633887,0.8321982638633887,490.20632985034007,490.20632985034007,0.0,False,True,False
False,nan,nan,nan,0.0,0.0,0.0,reject,high_density_unattained,15179,0.8174718730469468,0.8174718730469468,496.34537725721185,496.34537725721185,0.0,False,True,False
False,0.2642655058867779,0.31292293956189343,0.3699135578919789,0.026999999999997026,0.01689999999999814,0.010212738454551111,Tier_C,,64936,0.9949918768011016,0.9770251800504556,447.14462152537544,220.35120654795946,0.0,False,True,False
False,nan,nan,nan,0.0,0.0,0.0,reject,high_density_unattained,24808,0.8734295803213934,0.8734295803213934,482.21552493285213,482.21552493285213,0.0,False,True,False
False,nan,nan,nan,0.0,0.0,0.0,reject,high_density_unattained,28953,0.804382097600109,0.804382097600109,501.4420220710112,501.4420220710112,0.0,False,True,False
False,nan,nan,nan,0.0,0.0,0.0,reject,high_density_unattained,224135,0.8202379123626663,0.8202379123626663,495.2816107112731,495.2816107112731,0.0,False,True,False
False,nan,nan,nan,0.0,0.0,0.0,reject,high_density_unattained,243248,0.8124821412450811,0.8124821412450811,498.6496408289343,498.6496408289343,0.0,False,True,False
False,nan,nan,nan,0.0,0.0,0.0,reject,high_density_unattained,161736,0.8057701367125153,0.8057701367125153,500.88188340006275,500.88188340006275,0.0,False,True,False
False,nan,nan,nan,0.0,0.0,0.0,reject,high_density_unattained,211825,0.8211523087385244,0.8211523087385244,494.5354291729088,494.5354291729088,0.0,False,True,False
False,nan,nan,nan,0.0,0.0,0.0,reject,high_density_unattained,22957,0.808888973695923,0.808888973695923,499.4813009735235,499.4813009735235,0.0,False,True,False
False,nan,nan,nan,0.0,0.0,0.0,reject,high_density_unattained,211914,0.8438371042139862,0.8438371042139862,486.0035737966068,486.0035737966068,0.0,False,True,False
False,nan,nan,nan,0.0,0.0,0.0,reject,high_density_unattained,165948,0.8423074997382702,0.8423074997382702,485.85629916694734,485.85629916694734,0.0,False,True,False
False,nan,nan,nan,0.0,0.0,0.0,reject,high_density_unattained,195230,0.8439700695567124,0.8439700695567124,485.4194102476188,485.4194102476188,0.0,False,True,False
False,nan,nan,nan,0.0,0.0,0.0,reject,high_density_unattained,126101,0.812946400337518,0.812946400337518,499.25735461805914,499.25735461805914,0.0,False,True,False
False,nan,nan,nan,0.0,0.0,0.0,reject,high_density_unattained,137666,0.8215424578068669,0.8215424578068669,494.38101491798363,494.38101491798363,0.0,False,True,False
False,nan,nan,nan,0.0,0.0,0.0,reject,high_density_unattained,2828,0.8451138981895301,0.8451138981895301,485.08198723105176,485.08198723105176,0.0,False,True,False
False,nan,nan,nan,0.0,0.0,0.0,reject,high_density_unattained,5653,0.8366663348143963,0.8366663348143963,488.1678954490499,488.1678954490499,0.0,False,True,False
False,nan,nan,nan,0.0,0.0,0.0,reject,high_density_unattained,200702,0.8120861288708447,0.8120861288708447,498.26304268635056,498.26304268635056,0.0,False,True,False
False,nan,nan,nan,0.0,0.0,0.0,reject,high_density_unattained,120581,0.8436318268802624,0.8436318268802624,485.57098782935753,485.57098782935753,0.0,False,True,False
False,0.26912203784259126,0.2995362485222731,0.33211833608204466,0.016599999999998172,0.008099999999999108,0.005923884757097193,Tier_C,,10811,0.9949944244503068,0.9666323810766507,479.22212296689077,227.5153747370655,0.0,False,True,False
True,0.24340194880490607,0.3026843833642022,0.3754474778799213,0.029999999999996696,0.015599999999998282,0.010953316030964702,Tier_C,,55935,0.9949935079008455,0.9904663196133641,385.17772169213754,191.51572317060624,0.0,False,True,False
False,nan,nan,nan,0.0,0.0,0.0,reject,high_density_unattained,180416,0.8204405574665364,0.8204405574665364,498.04639091877726,498.04639091877726,0.0,False,True,False
False,nan,nan,nan,0.0,0.0,0.0,reject,high_density_unattained,181113,0.8318375458344324,0.8318375458344324,490.00531657705307,490.00531657705307,0.0,False,True,False
False,nan,nan,nan,0.0,0.0,0.0,reject,high_density_unattained,86149,0.8421880814254386,0.8421880814254386,490.3140613652517,490.3140613652517,0.0,False,True,False
False,nan,nan,nan,0.0,0.0,0.0,reject,high_density_unattained,194179,0.810889166926068,0.810889166926068,498.7699413706904,498.7699413706904,0.0,False,True,False
False,nan,nan,nan,0.0,0.0,0.0,reject,high_density_unattained,231464,0.8257834418216707,0.8257834418216707,492.33514858648664,492.33514858648664,0.0,False,True,False
False,nan,nan,nan,0.0,0.0,0.0,reject,high_density_unattained,222601,0.8433919254588904,0.8433919254588904,485.5286109829359,485.5286109829359,0.0,False,True,False
False,nan,nan,nan,0.0,0.0,0.0,reject,high_density_unattained,245039,0.8019768456040701,0.8019768456040701,502.4782951266009,502.4782951266009,0.0,False,False,False
False,nan,nan,nan,0.0,0.0,0.0,reject,high_density_unattained,29766,0.8498825356654589,0.8498825356654589,483.00726146846756,483.00726146846756,0.0,False,True,False
False,nan,nan,nan,0.0,0.0,0.0,reject,high_density_unattained,28490,0.8017219128034705,0.8017219128034705,502.62750909271574,502.62750909271574,0.0,False,True,False
False,nan,nan,nan,0.0,0.0,0.0,reject,high_density_unattained,177418,0.8009980158294541,0.8009980158294541,502.8845297635087,502.8845297635087,0.0,False,False,False
False,nan,nan,nan,0.0,0.0,0.0,reject,high_density_unattained,146206,0.8469305798331666,0.8469305798331666,484.04448624463225,484.04448624463225,0.0,False,True,False
False,nan,nan,nan,0.0,0.0,0.0,reject,high_density_unattained,126718,0.8029641334015183,0.8029641334015183,502.03294180815897,502.03294180815897,0.0,False,True,False
False,nan,nan,nan,0.0,0.0,0.0,reject,high_density_unattained,7285,0.8261889896733547,0.8261889896733547,500.5072304831048,500.5072304831048,0.0,False,True,False
False,nan,nan,nan,0.0,0.0,0.0,reject,high_density_unattained,66088,0.8165480100525566,0.8165480100525566,496.2088208911465,496.2088208911465,0.0,False,True,False
False,nan,nan,nan,0.0,0.0,0.0,reject,high_density_unattained,239275,0.8440971194215591,0.8440971194215591,485.1629164371867,485.1629164371867,0.0,False,True,False
False,nan,nan,nan,0.0,0.0,0.0,reject,high_density_unattained,79973,0.8168062223084787,0.8168062223084787,497.4811393103247,497.4811393103247,0.0,False,True,False
False,nan,nan,nan,0.0,0.0,0.0,reject,high_density_unattained,241529,0.8317303862229787,0.8317303862229787,490.12898812813825,490.12898812813825,0.0,False,True,False
False,nan,nan,nan,0.0,0.0,0.0,reject,high_density_unattained,166091,0.8396436389396853,0.8396436389396853,486.97514032386715,486.97514032386715,0.0,False,True,False
False,nan,nan,nan,0.0,0.0,0.0,reject,high_density_unattained,202244,0.8132477768759372,0.8132477768759372,497.7823966384384,497.7823966384384,0.0,False,True,False
False,0.2612204423678768,0.3048341058527193,0.3538256876538822,0.022999999999997467,0.012699999999998601,0.00840896055552367,Tier_C,,30426,0.994996635478617,0.9730044075238466,431.4983979152028,206.7485326842551,0.0,False,True,False
False,nan,nan,nan,0.0,0.0,0.0,reject,high_density_unattained,121020,0.808321908639516,0.808321908639516,500.0064697715094,500.0064697715094,0.0,False,True,False
False,nan,nan,nan,0.0,0.0,0.0,reject,high_density_unattained,98518,0.8257935841628585,0.8257935841628585,492.3403657678201,492.3403657678201,0.0,False,True,False
False,nan,nan,nan,0.0,0.0,0.0,reject,high_density_unattained,141767,0.8376061768769855,0.8376061768769855,487.91173119208355,487.91173119208355,0.0,False,True,False
False,nan,nan,nan,0.0,0.0,0.0,reject,high_density_unattained,204625,0.804012592802854,0.804012592802854,501.85223445092225,501.85223445092225,0.0,False,True,False
False,nan,nan,nan,0.0,0.0,0.0,reject,high_density_unattained,230691,0.8019790967235009,0.8019790967235009,503.2276033425371,503.2276033425371,0.0,False,True,False
False,nan,nan,nan,0.0,0.0,0.0,reject,high_density_unattained,245191,0.8417190199192701,0.8417190199192701,486.3456791465543,486.3456791465543,0.0,False,True,False
False,nan,nan,nan,0.0,0.0,0.0,reject,high_density_unattained,224698,0.832144044139932,0.832144044139932,489.8563732436602,489.8563732436602,0.0,False,True,False
False,nan,nan,nan,0.0,0.0,0.0,reject,high_density_unattained,133701,0.8300972689057886,0.8300972689057886,490.6468777113977,490.6468777113977,0.0,False,True,False
False,nan,nan,nan,0.0,0.0,0.0,reject,high_density_unattained,238566,0.8036201190889002,0.8036201190889002,501.85139441825385,501.85139441825385,0.0,False,True,False
True,0.25315146418003687,0.3064196992144472,0.3711381636449389,0.029999999999996696,0.01669999999999816,0.011091609368367592,Tier_C,,4412,0.9949824503984452,0.9843557196482425,415.0842076033962,212.01569415974467,0.0,False,True,False
False,nan,nan,nan,0.0,0.0,0.0,reject,high_density_unattained,80737,0.8160756674001266,0.8160756674001266,496.6600110877054,496.6600110877054,0.0,False,True,False
False,nan,nan,nan,0.0,0.0,0.0,reject,high_density_unattained,245282,0.7994540180592425,0.7994540180592425,503.9954550171135,503.9954550171135,0.0,False,False,False
False,nan,nan,nan,0.0,0.0,0.0,reject,high_density_unattained,244178,0.8563361856261633,0.8563361856261633,476.4432946382691,476.4432946382691,0.0,False,True,False
False,nan,nan,nan,0.0,0.0,0.0,reject,high_density_unattained,213147,0.8475891608008359,0.8475891608008359,484.0079964770712,484.0079964770712,0.0,False,True,False
False,nan,nan,nan,0.0,0.0,0.0,reject,high_density_unattained,148591,0.8102597549007793,0.8102597549007793,498.8764837538127,498.8764837538127,0.0,False,True,False
False,nan,nan,nan,0.0,0.0,0.0,reject,high_density_unattained,19851,0.8419828493461838,0.8419828493461838,485.9611493377427,485.9611493377427,0.0,False,True,False
False,nan,nan,nan,0.0,0.0,0.0,reject,high_density_unattained,112672,0.8297919511433913,0.8297919511433913,490.7427477322201,490.7427477322201,0.0,False,True,False
False,nan,nan,nan,0.0,0.0,0.0,reject,high_density_unattained,71001,0.8197468052726602,0.8197468052726602,494.8554650900163,494.8554650900163,0.0,False,True,False
True,0.07669435527177815,0.10289117199564857,0.13608977978400083,0.0,0.0,0.0032962420138663343,Tier_C,,184136,0.9948871958654789,0.9949768171880196,165.5497680294242,131.97177120740656,0.0,False,True,False
False,0.26601993625977094,0.3048734306634272,0.34891864507973824,0.023399999999997423,0.013099999999998557,0.008551994879609365,Tier_C,,43577,0.9949811339388209,0.9734319905159365,486.27453018244955,245.1963586376678,0.0,False,True,False
False,nan,nan,nan,0.0,0.0,0.0,reject,high_density_unattained,157577,0.80494044869426,0.80494044869426,501.4033072094538,501.4033072094538,0.0,False,True,False
False,nan,nan,nan,0.0,0.0,0.0,reject,high_density_unattained,113983,0.8061977112384764,0.8061977112384764,500.5469141549976,500.5469141549976,0.0,False,True,False
False,nan,nan,nan,0.0,0.0,0.0,reject,high_density_unattained,45384,0.8284953947892066,0.8284953947892066,491.2488500136744,491.2488500136744,0.0,False,True,False
False,nan,nan,nan,0.0,0.0,0.0,reject,high_density_unattained,91450,0.8393678760237748,0.8393678760237748,491.7284867058624,491.7284867058624,0.0,False,True,False
False,nan,nan,nan,0.0,0.0,0.0,reject,high_density_unattained,10371,0.8332032835080312,0.8332032835080312,489.96208183498766,489.96208183498766,0.0,False,True,False
False,nan,nan,nan,0.0,0.0,0.0,reject,high_density_unattained,68128,0.8154537710200148,0.8154537710200148,496.7123081898729,496.7123081898729,0.0,False,True,False
False,0.2563700112487314,0.3015742093558462,0.3526179138613884,0.023499999999997412,0.012099999999998667,0.008485416224377554,Tier_C,,228579,0.994980502353427,0.9735066195900095,417.55180196491256,200.58111723826528,0.0,False,True,False
False,nan,nan,nan,0.0,0.0,0.0,reject,high_density_unattained,27275,0.8259387183710778,0.8259387183710778,489.28634932710213,489.28634932710213,0.0,False,True,False
False,nan,nan,nan,0.0,0.0,0.0,reject,high_density_unattained,166834,0.8174924151147018,0.8174924151147018,501.6857317226109,501.6857317226109,0.0,False,True,False
False,nan,nan,nan,0.0,0.0,0.0,reject,high_density_unattained,11325,0.8352330959245337,0.8352330959245337,488.6092729217698,488.6092729217698,0.0,False,True,False
False,nan,nan,nan,0.0,0.0,0.0,reject,high_density_unattained,183702,0.8448466770881506,0.8448466770881506,484.7354293207105,484.7354293207105,0.0,False,True,False
True,0.06718896523960205,0.08497626253846147,0.1074022447884424,0.0,0.0,0.00264851860407167,Tier_C,,134934,0.9947489359462941,0.9949697875260478,156.60922613490433,132.4785696255153,0.0,False,True,False
False,nan,nan,nan,0.0,0.0,0.0,reject,high_density_unattained,154236,0.85803870251062,0.85803870251062,489.28219265251755,489.28219265251755,0.0,False,True,False
False,nan,nan,nan,0.0,0.0,0.0,reject,high_density_unattained,227971,0.8082270145457509,0.8082270145457509,499.9415561532951,499.9415561532951,0.0,False,True,False
False,nan,nan,nan,0.0,0.0,0.0,reject,high_density_unattained,138078,0.8103209153241913,0.8103209153241913,500.80539671276205,500.80539671276205,0.0,False,True,False
False,nan,nan,nan,0.0,0.0,0.0,reject,high_density_unattained,121017,0.8074255612747864,0.8074255612747864,502.2090419826482,502.2090419826482,0.0,False,True,False
False,nan,nan,nan,0.0,0.0,0.0,reject,high_density_unattained,204924,0.8188707181220327,0.8188707181220327,502.9420981555267,502.9420981555267,0.0,False,True,False
False,nan,nan,nan,0.0,0.0,0.0,reject,high_density_unattained,215430,0.8377543233478503,0.8377543233478503,491.08458721217744,491.08458721217744,0.0,False,True,False
False,nan,nan,nan,0.0,0.0,0.0,reject,high_density_unattained,248026,0.8322644423341827,0.8322644423341827,490.6495359738022,490.6495359738022,0.0,False,True,False
False,nan,nan,nan,0.0,0.0,0.0,reject,high_density_unattained,153109,0.7960313090508636,0.7960313090508636,505.1661715072675,505.1661715072675,0.0,False,False,False
False,nan,nan,nan,0.0,0.0,0.0,reject,high_density_unattained,15193,0.844706674903924,0.844706674903924,484.7573133086173,484.7573133086173,0.0,False,True,False
True,0.2561995569177833,0.30497154446164443,0.36460035021066706,0.029999999999996696,0.016399999999998194,0.011018909821808255,Tier_C,,76232,0.9949918652905129,0.9818518688165337,439.0659935163547,230.9345707376885,0.0,False,True,False
False,0.21342192161899942,0.2278752274396597,0.2430210044960236,0.0117999999999987,0.0,0.003054053555519058,Tier_C,,146772,0.9949798363861746,0.9617820453896113,525.6225131651415,314.19047650176856,0.0,False,True,False
False,nan,nan,nan,0.0,0.0,0.0,reject,high_density_unattained,188847,0.8286827370224583,0.8286827370224583,493.7206352956855,493.7206352956855,0.0,False,True,False
False,nan,nan,nan,0.0,0.0,0.0,reject,high_density_unattained,128591,0.7987454310605185,0.7987454310605185,504.1037009165346,504.1037009165346,0.0,False,False,False
False,nan,nan,nan,0.0,0.0,0.0,reject,high_density_unattained,115624,0.8172009247812896,0.8172009247812896,496.22629257693114,496.22629257693114,0.0,False,True,False
False,nan,nan,nan,0.0,0.0,0.0,reject,high_density_unattained,22482,0.8536677759710987,0.8536677759710987,481.09099704384363,481.09099704384363,0.0,False,True,False
False,nan,nan,nan,0.0,0.0,0.0,reject,high_density_unattained,183481,0.7989355342496155,0.7989355342496155,505.32236072794245,505.32236072794245,0.0,False,False,False
False,nan,nan,nan,0.0,0.0,0.0,reject,high_density_unattained,240825,0.8605976437127916,0.8605976437127916,479.39519643142535,479.39519643142535,0.0,False,True,False
False,nan,nan,nan,0.0,0.0,0.0,reject,high_density_unattained,77230,0.8549363462695388,0.8549363462695388,481.21984319108986,481.21984319108986,0.0,False,True,False
False,nan,nan,nan,0.0,0.0,0.0,reject,high_density_unattained,75791,0.8031619519563328,0.8031619519563328,501.89008141218517,501.89008141218517,0.0,False,True,False
False,nan,nan,nan,0.0,0.0,0.0,reject,high_density_unattained,170023,0.8517246132231512,0.8517246132231512,482.65545996879183,482.65545996879183,0.0,False,True,False
False,nan,nan,nan,0.0,0.0,0.0,reject,high_density_unattained,182848,0.8319425632430626,0.8319425632430626,506.7088536412994,506.7088536412994,0.0,False,True,False
False,nan,nan,nan,0.0,0.0,0.0,reject,high_density_unattained,25764,0.857434147882199,0.857434147882199,480.54943466614577,480.54943466614577,0.0,False,True,False
False,nan,nan,nan,0.0,0.0,0.0,reject,high_density_unattained,87526,0.8412785418305404,0.8412785418305404,491.53006359914275,491.53006359914275,0.0,False,True,False
False,nan,nan,nan,0.0,0.0,0.0,reject,high_density_unattained,150961,0.798231538676992,0.798231538676992,504.06467602823216,504.06467602823216,0.0,False,False,False
False,nan,nan,nan,0.0,0.0,0.0,reject,high_density_unattained,96771,0.8589414627892256,0.8589414627892256,480.0131189067895,480.0131189067895,0.0,False,True,False
False,nan,nan,nan,0.0,0.0,0.0,reject,high_density_unattained,30583,0.7981466028286601,0.7981466028286601,504.02898127359157,504.02898127359157,0.0,False,False,False
False,nan,nan,nan,0.0,0.0,0.0,reject,high_density_unattained,178888,0.8604926541752895,0.8604926541752895,480.86051789707375,480.86051789707375,0.0,False,True,False
False,nan,nan,nan,0.0,0.0,0.0,reject,high_density_unattained,61343,0.8130177935460956,0.8130177935460956,499.16634155489845,499.16634155489845,0.0,False,True,False
False,nan,nan,nan,0.0,0.0,0.0,reject,high_density_unattained,104428,0.8519999901193297,0.8519999901193297,481.9111142575343,481.9111142575343,0.0,False,True,False
False,nan,nan,nan,0.0,0.0,0.0,reject,high_density_unattained,38996,0.8049077085546864,0.8049077085546864,503.1870159685559,503.1870159685559,0.0,False,True,False
False,nan,nan,nan,0.0,0.0,0.0,reject,high_density_unattained,99096,0.8071782567785093,0.8071782567785093,505.3091358280964,505.3091358280964,0.0,False,True,False
True,0.23994830007775647,0.29651727532530747,0.36588560605097864,0.029999999999996696,0.014099999999998447,0.010678732109773659,Tier_C,,80316,0.9949902834813511,0.9873129214121944,375.07329656530953,190.8847170581994,0.0,False,True,False
True,0.23649688937093993,0.2931032088488874,0.3630536867912125,0.029999999999996696,0.013299999999998535,0.010536881013214358,Tier_C,,3069,0.9949910125305199,0.9918030787230172,369.43138058682376,189.91683161236503,0.0,False,True,False
False,nan,nan,nan,0.0,0.0,0.0,reject,high_density_unattained,215113,0.8454422869076541,0.8454422869076541,494.7760353367729,494.7760353367729,0.0,False,True,False
False,nan,nan,nan,0.0,0.0,0.0,reject,high_density_unattained,164440,0.8401556381013647,0.8401556381013647,494.8443944271837,494.8443944271837,0.0,False,True,False
False,nan,nan,nan,0.0,0.0,0.0,reject,high_density_unattained,134214,0.9329623343277522,0.9037406928347909,495.5693359019249,432.6151841524845,0.0,False,True,False
True,0.08118003399434714,0.11054437154364116,0.148251106973185,0.0,0.0,0.0035820021046012963,Tier_C,,62141,0.9949267504518006,0.9949578896918957,176.1156618182514,137.70537359406114,0.0,False,True,False
False,nan,nan,nan,0.0,0.0,0.0,reject,high_density_unattained,112446,0.8543199810565054,0.8543199810565054,481.9862847180415,481.9862847180415,0.0,False,True,False
False,nan,nan,nan,0.0,0.0,0.0,reject,high_density_unattained,102595,0.8350793399360322,0.8350793399360322,491.3535968436161,491.3535968436161,0.0,False,True,False
False,nan,nan,nan,0.0,0.0,0.0,reject,high_density_unattained,18963,0.8490069967458754,0.8490069967458754,483.08205956818745,483.08205956818745,0.0,False,True,False
False,nan,nan,nan,0.0,0.0,0.0,reject,high_density_unattained,19283,0.8625638315440777,0.8625638315440777,478.5777854399667,478.5777854399667,0.0,False,True,False
False,nan,nan,nan,0.0,0.0,0.0,reject,high_density_unattained,161834,0.8410117049143571,0.8410117049143571,486.81898092009055,486.81898092009055,0.0,False,True,False
False,nan,nan,nan,0.0,0.0,0.0,reject,high_density_unattained,184786,0.8001002839818573,0.8001002839818573,503.1995453803214,503.1995453803214,0.0,False,False,False
False,0.24920355754008305,0.28821210692673266,0.3311270142655388,0.020099999999997786,0.007099999999999218,0.006862656356193821,Tier_C,,2860,0.9949951768819612,0.9700786408425625,403.54008801120517,193.62143927645522,0.0,False,True,False
False,nan,nan,nan,0.0,0.0,0.0,reject,high_density_unattained,218805,0.8622147891755116,0.8622147891755116,483.9041554935649,483.9041554935649,0.0,False,True,False
True,0.07903437004035907,0.09794529368843419,0.12134107453546716,0.0,0.0,0.0031492776268721456,Tier_C,,92318,0.9948450486866273,0.9949759885262695,178.6518224468774,150.27428232935503,0.0,False,True,False
True,0.03407485168745572,0.045892523338979196,0.05825545783271591,0.0,0.0,0.0013980803389924887,Tier_C,,137019,0.994898909105993,0.9911080755482966,158.1207386175359,144.33348726299212,0.0,False,True,False
False,nan,nan,nan,0.0,0.0,0.0,reject,high_density_unattained,148021,0.798536423339492,0.798536423339492,504.65943668349905,504.65943668349905,0.0,False,False,False
False,nan,nan,nan,0.0,0.0,0.0,reject,high_density_unattained,95993,0.8681789331327903,0.8681789331327903,478.6523671722431,478.6523671722431,0.0,False,True,False
False,nan,nan,nan,0.0,0.0,0.0,reject,high_density_unattained,212096,0.831663912548168,0.831663912548168,489.9085299100687,489.9085299100687,0.0,False,True,False
False,nan,nan,nan,0.0,0.0,0.0,reject,high_density_unattained,87306,0.8177083484586785,0.8177083484586785,496.0663297340168,496.0663297340168,0.0,False,True,False
True,0.24427744890406144,0.29607070391232837,0.3599430982484051,0.029999999999996696,0.01389999999999847,0.01064803774546447,Tier_C,,225268,0.9949687257741385,0.9927620123365808,384.7107086414945,202.78079014759064,0.0,False,True,False
False,nan,nan,nan,0.0,0.0,0.0,reject,high_density_unattained,248689,0.8507591263186065,0.8507591263186065,482.49337966323236,482.49337966323236,0.0,False,True,False
False,nan,nan,nan,0.0,0.0,0.0,reject,high_density_unattained,50899,0.7949429836874797,0.7949429836874797,505.6048279117377,505.6048279117377,0.0,False,False,False
False,nan,nan,nan,0.0,0.0,0.0,reject,high_density_unattained,241867,0.8169820093923867,0.8169820093923867,507.07749257758104,507.07749257758104,0.0,False,True,False
True,0.04420697667306872,0.05722420546090268,0.07440653282228016,0.0,0.0,0.0017895612374053363,Tier_C,,205891,0.9949404841117114,0.9949795397087494,190.10208957759394,171.89645929732544,0.0,False,True,False
False,nan,nan,nan,0.0,0.0,0.0,reject,high_density_unattained,197080,0.8359299369000124,0.8359299369000124,489.0523337372652,489.0523337372652,0.0,False,True,False
False,nan,nan,nan,0.0,0.0,0.0,reject,high_density_unattained,157437,0.839884090852641,0.839884090852641,493.9897345925368,493.9897345925368,0.0,False,True,False
False,nan,nan,nan,0.0,0.0,0.0,reject,high_density_unattained,1346,0.8659029969612865,0.8659029969612865,477.5423520926526,477.5423520926526,0.0,False,True,False
False,nan,nan,nan,0.0,0.0,0.0,reject,high_density_unattained,133001,0.854607933506468,0.854607933506468,481.1165364428395,481.1165364428395,0.0,False,True,False
False,nan,nan,nan,0.0,0.0,0.0,reject,high_density_unattained,235760,0.8551336247366401,0.8551336247366401,480.94925923669905,480.94925923669905,0.0,False,True,False
True,0.2437536150470907,0.2912695639111126,0.3502508774466214,0.029999999999996696,0.012399999999998634,0.01043403989131225,Tier_C,,65913,0.994998392795105,0.9936633828099656,417.78871687229645,227.15795168931925,0.0,False,True,False
False,nan,nan,nan,0.0,0.0,0.0,reject,high_density_unattained,20758,0.8141562515317582,0.8141562515317582,497.77367668411426,497.77367668411426,0.0,False,True,False
True,0.24337892101677283,0.29479754198058383,0.35799872254076925,0.029999999999996696,0.013599999999998502,0.010590986389789869,Tier_C,,160256,0.9949873342034556,0.9913378027242168,391.35501766167584,207.17361239489156,0.0,False,True,False
False,nan,nan,nan,0.0,0.0,0.0,reject,high_density_unattained,137209,0.8744872761884924,0.8744872761884924,477.91999880540834,477.91999880540834,0.0,False,True,False
True,0.08142280034684157,0.10408454269805723,0.13477221307783405,0.0,0.0,0.00334110157073772,Tier_C,,194432,0.994903634673532,0.9949038253707809,159.1209001966331,129.64746050324695,0.0,False,True,False
False,nan,nan,nan,0.0,0.0,0.0,reject,high_density_unattained,47390,0.7942974798024697,0.7942974798024697,505.7142488136737,505.7142488136737,0.0,False,False,False
False,nan,nan,nan,0.0,0.0,0.0,reject,high_density_unattained,195768,0.7924094213006145,0.7924094213006145,506.60788722253915,506.60788722253915,0.0,False,False,False
False,nan,nan,nan,0.0,0.0,0.0,reject,high_density_unattained,48119,0.8425213201141236,0.8425213201141236,486.57277871743116,486.57277871743116,0.0,False,True,False
False,0.259272204912388,0.2952426375477761,0.3341876526665537,0.01889999999999792,0.008199999999999097,0.006635173277866076,Tier_C,,77384,0.9949871698802017,0.9688962552381345,420.7657853882621,201.4318530083693,0.0,False,True,False
True,0.23838317946769927,0.2849711701446638,0.34319467776791424,0.029999999999996696,0.010599999999998833,0.01016773611537642,Tier_C,,56259,0.9949872341067705,0.9942410777541983,425.5519388922671,234.78901635861462,0.0,False,True,False
False,nan,nan,nan,0.0,0.0,0.0,reject,high_density_unattained,64040,0.8344623339837451,0.8344623339837451,488.85132641452424,488.85132641452424,0.0,False,True,False
False,nan,nan,nan,0.0,0.0,0.0,reject,high_density_unattained,94420,0.8904599790019807,0.8854066143439442,469.8955836212636,449.724259102838,0.0,False,True,False
False,nan,nan,nan,0.0,0.0,0.0,reject,high_density_unattained,91064,0.8158827022079841,0.8158827022079841,496.8811288485985,496.8811288485985,0.0,False,True,False
False,nan,nan,nan,0.0,0.0,0.0,reject,high_density_unattained,179369,0.7972125870292943,0.7972125870292943,506.7743884147344,506.7743884147344,0.0,False,False,False
False,nan,nan,nan,0.0,0.0,0.0,reject,high_density_unattained,61187,0.8651662907512242,0.8651662907512242,477.918458982085,477.918458982085,0.0,False,True,False
False,0.2495445290814342,0.2926441432427041,0.3435751179057852,0.025899999999997148,0.01079999999999881,0.00903340387901049,Tier_C,,49146,0.9949691177184472,0.9759126651714204,407.1144423830304,211.4934243081229,0.0,False,True,False
False,nan,nan,nan,0.0,0.0,0.0,reject,high_density_unattained,2650,0.8532566478365049,0.8532566478365049,481.48995274442734,481.48995274442734,0.0,False,True,False
False,nan,nan,nan,0.0,0.0,0.0,reject,high_density_unattained,91216,0.7974494790016705,0.7974494790016705,507.699808916119,507.699808916119,0.0,False,False,False
False,nan,nan,nan,0.0,0.0,0.0,reject,high_density_unattained,22038,0.8024913245009431,0.8024913245009431,502.80100530558866,502.80100530558866,0.0,False,True,False
False,0.2358241567994972,0.28225970201674755,0.3351909873988459,0.023499999999997412,0.007499999999999174,0.00784723526303293,Tier_C,,188518,0.9949824301288154,0.9735490323489727,375.21732051393593,182.93516443762184,0.0,False,True,False
False,nan,nan,nan,0.0,0.0,0.0,reject,high_density_unattained,125771,0.8541874651266799,0.8541874651266799,481.06846382080386,481.06846382080386,0.0,False,True,False
False,nan,nan,nan,0.0,0.0,0.0,reject,high_density_unattained,137576,0.8429473202988321,0.8429473202988321,486.28095379838214,486.28095379838214,0.0,False,True,False
False,nan,nan,nan,0.0,0.0,0.0,reject,high_density_unattained,168902,0.8343059175258709,0.8343059175258709,489.6977167344475,489.6977167344475,0.0,False,True,False
False,nan,nan,nan,0.0,0.0,0.0,reject,high_density_unattained,50025,0.7939978238201555,0.7939978238201555,505.77380107661526,505.77380107661526,0.0,False,False,False
True,0.25057864038359945,0.3023057117030238,0.3657467098285654,0.029999999999996696,0.015599999999998282,0.010913905788957456,Tier_C,,198426,0.9949874380585435,0.9822416426001599,385.5476462012296,200.7242746934217,0.0,False,True,False
False,nan,nan,nan,0.0,0.0,0.0,reject,high_density_unattained,110812,0.7964898780807868,0.7964898780807868,507.4324073336026,507.4324073336026,0.0,False,False,False
True,0.22564051344216118,0.2828900744266204,0.3538860981669909,0.029999999999996696,0.0108999999999988,0.010108011253201248,Tier_C,,113480,0.9949708688627965,0.9887239665130806,354.0065710715493,183.30145574366654,0.0,False,True,False
False,nan,nan,nan,0.0,0.0,0.0,reject,high_density_unattained,231354,0.8528798660743908,0.8528798660743908,482.7291543477186,482.7291543477186,0.0,False,True,False
False,nan,nan,nan,0.0,0.0,0.0,reject,high_density_unattained,478,0.8661437952914819,0.8661437952914819,487.4320400683029,487.4320400683029,0.0,False,True,False
False,nan,nan,nan,0.0,0.0,0.0,reject,high_density_unattained,128388,0.7954847828029104,0.7954847828029104,505.8016082819139,505.8016082819139,0.0,False,False,False
False,nan,nan,nan,0.0,0.0,0.0,reject,high_density_unattained,36270,0.8078426557140312,0.8078426557140312,500.16574249606646,500.16574249606646,0.0,False,True,False
False,nan,nan,nan,0.0,0.0,0.0,reject,high_density_unattained,8227,0.8597057839056141,0.8597057839056141,480.5146613870157,480.5146613870157,0.0,False,True,False
False,0.2415709643539734,0.2805428743502286,0.3266265277545102,0.02569999999999717,0.006999999999999229,0.008518014436533591,Tier_C,,2305,0.9949942078601075,0.9757029669823496,485.5914607051252,264.63415733657985,0.0,False,True,False
False,nan,nan,nan,0.0,0.0,0.0,reject,high_density_unattained,234013,0.8557356400772117,0.8557356400772117,480.5091642434323,480.5091642434323,0.0,False,True,False
False,nan,nan,nan,0.0,0.0,0.0,reject,high_density_unattained,239844,0.8690242321650231,0.8690242321650231,512.929864323204,512.929864323204,0.0,False,True,False
False,nan,nan,nan,0.0,0.0,0.0,reject,high_density_unattained,192785,0.8753665772652308,0.8753665772652308,473.99135275488123,473.99135275488123,0.0,False,True,False
False,nan,nan,nan,0.0,0.0,0.0,reject,high_density_unattained,135590,0.7987907521957875,0.7987907521957875,503.9414368657569,503.9414368657569,0.0,False,True,False
False,nan,nan,nan,0.0,0.0,0.0,reject,high_density_unattained,182840,0.8102082855429935,0.8102082855429935,499.20653379995264,499.20653379995264,0.0,False,True,False
False,nan,nan,nan,0.0,0.0,0.0,reject,high_density_unattained,212655,0.8632694453399768,0.8632694453399768,478.81694906622994,478.81694906622994,0.0,False,True,False
True,0.24017910284928246,0.282991300742669,0.3355668108262231,0.029999999999996696,0.009599999999998943,0.010065764183889093,Tier_C,,130443,0.9949949450359594,0.9842458421089461,465.1099187376808,263.7469980199663,0.0,False,True,False
True,0.2434520007471881,0.2864837049537329,0.34065067252312686,0.029999999999996696,0.010699999999998822,0.010224309635261093,Tier_C,,55979,0.9949988000954084,0.9800649759131567,501.52966673099473,278.0976639510681,0.0,False,True,False
False,nan,nan,nan,0.0,0.0,0.0,reject,high_density_unattained,37230,0.8769856094550819,0.8769856094550819,475.0216564259084,475.0216564259084,0.0,False,True,False
False,nan,nan,nan,0.0,0.0,0.0,reject,high_density_unattained,127015,0.8429756599088873,0.8429756599088873,486.41787786399755,486.41787786399755,0.0,False,True,False
True,0.23371160219865905,0.2923305398323096,0.3640794438941538,0.029999999999996696,0.013199999999998546,0.01050482030338009,Tier_C,,237160,0.994994052107298,0.9809842245713937,359.1172996267286,180.06414345955136,0.0,False,True,False
False,nan,nan,nan,0.0,0.0,0.0,reject,high_density_unattained,124212,0.8440765818179853,0.8440765818179853,484.94150511029414,484.94150511029414,0.0,False,True,False
False,nan,nan,nan,0.0,0.0,0.0,reject,high_density_unattained,73899,0.8628750585805833,0.8628750585805833,478.1013186257744,478.1013186257744,0.0,False,True,False
False,0.22365218129599418,0.27586160280887306,0.3379007853896381,0.02659999999999707,0.007699999999999152,0.00867203457674326,Tier_C,,183557,0.994967965113269,0.9766219598346494,356.512559992927,177.67452484320623,0.0,False,True,False
False,nan,nan,nan,0.0,0.0,0.0,reject,high_density_unattained,172766,0.7912791361189634,0.7912791361189634,507.0495248576159,507.0495248576159,0.0,False,False,False
False,nan,nan,nan,0.0,0.0,0.0,reject,high_density_unattained,12598,0.8262253345138677,0.8262253345138677,492.8454506488154,492.8454506488154,0.0,False,True,False
True,0.23732608542147238,0.2877142492487468,0.3516179932030419,0.029999999999996696,0.011699999999998711,0.010301749524292145,Tier_C,,18239,0.9949664215750005,0.9814721547818019,403.07240346350176,211.9274809400233,0.0,False,True,False
False,nan,nan,nan,0.0,0.0,0.0,reject,high_density_unattained,193139,0.8804179435431844,0.8802136451971674,481.29820154797545,480.7895361441472,0.0,False,True,False
True,0.23042383314959936,0.2882621573123666,0.35967264128767673,0.029999999999996696,0.012199999999998656,0.010334300927419032,Tier_C,,177968,0.9949989284452734,0.9866481997266141,362.62265653229656,184.88895112518225,0.0,False,True,False
False,nan,nan,nan,0.0,0.0,0.0,reject,high_density_unattained,76683,0.8683348808202774,0.8683348808202774,476.52226429454294,476.52226429454294,0.0,False,True,False
False,nan,nan,nan,0.0,0.0,0.0,reject,high_density_unattained,58100,0.8378504540968499,0.8378504540968499,490.29111622694506,490.29111622694506,0.0,False,True,False
True,0.23360902893311353,0.28175367711008237,0.34270928193101413,0.029999999999996696,0.00989999999999891,0.010042767027542516,Tier_C,,90129,0.9949778823991708,0.9848156005052436,414.08919987170094,224.27777985504855,0.0,False,True,False
False,nan,nan,nan,0.0,0.0,0.0,reject,high_density_unattained,95814,0.8681995919413684,0.8681995919413684,477.069191788386,477.069191788386,0.0,False,True,False
False,nan,nan,nan,0.0,0.0,0.0,reject,high_density_unattained,182485,0.8760756866317505,0.8760756866317505,475.3739565660892,475.3739565660892,0.0,False,True,False
False,nan,nan,nan,0.0,0.0,0.0,reject,high_density_unattained,249145,0.8557882854431176,0.8557882854431176,482.12782620292893,482.12782620292893,0.0,False,True,False
False,nan,nan,nan,0.0,0.0,0.0,reject,high_density_unattained,160900,0.7893829978967631,0.7893829978967631,507.95387610231694,507.95387610231694,0.0,False,False,False
False,nan,nan,nan,0.0,0.0,0.0,reject,high_density_unattained,193414,0.8699131604573552,0.8699131604573552,476.01271182562397,476.01271182562397,0.0,False,True,False
False,nan,nan,nan,0.0,0.0,0.0,reject,high_density_unattained,93453,0.7904041302121646,0.7904041302121646,507.7978340525508,507.7978340525508,0.0,False,False,False
False,nan,nan,nan,0.0,0.0,0.0,reject,high_density_unattained,175207,0.8539008501331111,0.8539008501331111,482.69049137421587,482.69049137421587,0.0,False,True,False
False,nan,nan,nan,0.0,0.0,0.0,reject,high_density_unattained,226016,0.871921059448429,0.871921059448429,476.44079332740404,476.44079332740404,0.0,False,True,False
False,nan,nan,nan,0.0,0.0,0.0,reject,high_density_unattained,44487,0.8511915124079126,0.8511915124079126,483.47944219194255,483.47944219194255,0.0,False,True,False
False,0.24839836601677268,0.2606655748352464,0.27324991837642765,0.007699999999999152,0.0,0.002326542232418891,Tier_C,,144495,0.9949773116212881,0.9576895782043734,478.12110188997633,253.8015402311781,0.0,False,True,False
False,nan,nan,nan,0.0,0.0,0.0,reject,high_density_unattained,180980,0.8625294952849751,0.8625294952849751,479.67785503764424,479.67785503764424,0.0,False,True,False
False,nan,nan,nan,0.0,0.0,0.0,reject,high_density_unattained,118871,0.813831263780742,0.813831263780742,497.7689214988354,497.7689214988354,0.0,False,True,False
False,nan,nan,nan,0.0,0.0,0.0,reject,high_density_unattained,136556,0.7998419599053544,0.7998419599053544,505.7449504745136,505.7449504745136,0.0,False,False,False
False,nan,nan,nan,0.0,0.0,0.0,reject,high_density_unattained,153463,0.8583617111674829,0.8583617111674829,479.6963979007014,479.6963979007014,0.0,False,True,False
False,nan,nan,nan,0.0,0.0,0.0,reject,high_density_unattained,124953,0.8025933335586581,0.8025933335586581,502.875962964866,502.875962964866,0.0,False,True,False
False,nan,nan,nan,0.0,0.0,0.0,reject,high_density_unattained,170452,0.7906271250259839,0.7906271250259839,507.3239433778539,507.3239433778539,0.0,False,False,False
False,nan,nan,nan,0.0,0.0,0.0,reject,high_density_unattained,170843,0.789048723184188,0.789048723184188,508.07986608877326,508.07986608877326,0.0,False,False,False
False,nan,nan,nan,0.0,0.0,0.0,reject,high_density_unattained,225293,0.8286279225208434,0.8286279225208434,493.90331944531886,493.90331944531886,0.0,False,True,False
False,nan,nan,nan,0.0,0.0,0.0,reject,high_density_unattained,236144,0.7886747074704077,0.7886747074704077,508.2325334812824,508.2325334812824,0.0,False,False,False
False,0.2394742488536188,0.2642516882006242,0.29169263837326054,0.018099999999998007,0.0,0.0055688703124032735,Tier_C,,162369,0.9943542350139272,0.9680620970309739,566.5765080703134,319.4617985226217,0.0,False,True,False
False,nan,nan,nan,0.0,0.0,0.0,reject,high_density_unattained,180588,0.9199595116391388,0.8940394799313177,489.2355888594019,420.6117142473641,0.0,False,True,False
True,0.23698090230010693,0.2889508229845845,0.35289468951281266,0.029999999999996696,0.011999999999998678,0.010344181519834903,Tier_C,,7060,0.9949630405873038,0.9949920873466763,367.04659517101874,197.0235724376133,0.0,False,True,False
False,nan,nan,nan,0.0,0.0,0.0,reject,high_density_unattained,154166,0.7959581920410331,0.7959581920410331,505.71408336096664,505.71408336096664,0.0,False,False,False
False,nan,nan,nan,0.0,0.0,0.0,reject,high_density_unattained,81491,0.8881567147879547,0.8837196049140923,470.77781795528256,451.88760512790526,0.0,False,True,False
False,0.22910845643338262,0.26934267693594105,0.31428392538656247,0.02069999999999772,0.0030999999999996586,0.006529464139788926,Tier_C,,188894,0.9949838174754724,0.9706890664580671,371.7277727953149,183.1534167820046,0.0,False,True,False
False,nan,nan,nan,0.0,0.0,0.0,reject,high_density_unattained,58408,0.8301899473173653,0.8301899473173653,491.33418824905254,491.33418824905254,0.0,False,True,False
False,nan,nan,nan,0.0,0.0,0.0,reject,high_density_unattained,187784,0.839153701450999,0.839153701450999,497.7382865612477,497.7382865612477,0.0,False,True,False
False,nan,nan,nan,0.0,0.0,0.0,reject,high_density_unattained,181205,0.8382092257822612,0.8382092257822612,488.46576299166276,488.46576299166276,0.0,False,True,False
False,nan,nan,nan,0.0,0.0,0.0,reject,high_density_unattained,93937,0.8460732572473437,0.8460732572473437,486.28924116034443,486.28924116034443,0.0,False,True,False
False,nan,nan,nan,0.0,0.0,0.0,reject,high_density_unattained,101851,0.7954961869599526,0.7954961869599526,505.3530506683604,505.3530506683604,0.0,False,False,False
False,nan,nan,nan,0.0,0.0,0.0,reject,high_density_unattained,33072,0.8834670860143585,0.8814632302402615,478.40990757674285,471.26938616081577,0.0,False,True,False
False,nan,nan,nan,0.0,0.0,0.0,reject,high_density_unattained,3202,0.8625508324286391,0.8625508324286391,478.0059091111073,478.0059091111073,0.0,False,True,False
False,nan,nan,nan,0.0,0.0,0.0,reject,high_density_unattained,82670,0.8879227636840169,0.883493028229508,471.69598180598797,454.85904942003515,0.0,False,True,False
True,0.22855249992909066,0.2767356076199583,0.33697029438579984,0.029999999999996696,0.008599999999999053,0.00982731287372779,Tier_C,,93952,0.9949531850029981,0.9949999044849591,365.76813069130117,203.28692866255776,0.0,False,True,False
False,nan,nan,nan,0.0,0.0,0.0,reject,high_density_unattained,249160,0.8824617895403828,0.8807095133298352,472.95887452903366,467.6452613222093,0.0,False,True,False
False,nan,nan,nan,0.0,0.0,0.0,reject,high_density_unattained,168844,0.8546170127333094,0.8546170127333094,482.3613359949798,482.3613359949798,0.0,False,True,False
False,nan,nan,nan,0.0,0.0,0.0,reject,high_density_unattained,55444,0.7884005039048902,0.7884005039048902,508.3192083595563,508.3192083595563,0.0,False,False,False
False,nan,nan,nan,0.0,0.0,0.0,reject,high_density_unattained,5247,0.8533205602228542,0.8533205602228542,483.1983768484745,483.1983768484745,0.0,False,True,False
False,nan,nan,nan,0.0,0.0,0.0,reject,high_density_unattained,200645,0.8696026676175783,0.8696026676175783,501.58617786438634,501.58617786438634,0.0,False,True,False
False,nan,nan,nan,0.0,0.0,0.0,reject,high_density_unattained,247914,0.7874092685033253,0.7874092685033253,508.7897186088258,508.7897186088258,0.0,False,False,False
True,0.23081662775718426,0.28086239176766215,0.3433026122315058,0.029999999999996696,0.00989999999999891,0.010004302897924743,Tier_C,,102203,0.9949983732902187,0.9949908201830574,361.378876763849,197.42394929095659,0.0,False,True,False
False,nan,nan,nan,0.0,0.0,0.0,reject,high_density_unattained,148134,0.79107094304618,0.79107094304618,507.3012839726227,507.3012839726227,0.0,False,False,False
False,nan,nan,nan,0.0,0.0,0.0,reject,high_density_unattained,216579,0.8782851193686994,0.8782851193686994,476.84482572548353,476.84482572548353,0.0,False,True,False
True,0.2417475411374329,0.29258980376398214,0.3548998225302086,0.029999999999996696,0.01289999999999858,0.010494188693038269,Tier_C,,61536,0.9949650521230624,0.9919001350302233,373.1379214099262,199.87422194360397,0.0,False,True,False
False,nan,nan,nan,0.0,0.0,0.0,reject,high_density_unattained,31123,0.8452950364680158,0.8452950364680158,485.90344963344273,485.90344963344273,0.0,False,True,False
False,0.2311519924350195,0.27103147918412773,0.3153865402712106,0.020399999999997753,0.0032999999999996366,0.0064808941638748625,Tier_C,,239481,0.9949822946462703,0.970420413626166,368.4386740029192,180.4522827371889,0.0,False,True,False
True,0.2285358038585522,0.26832265991889104,0.3190658296902832,0.029999999999996696,0.004999999999999449,0.009463227790496112,Tier_C,,37444,0.9949777065668435,0.9853328260751698,496.25656450317246,288.9970425672205,0.0,False,True,False
False,nan,nan,nan,0.0,0.0,0.0,reject,high_density_unattained,98338,0.8663679765518524,0.8663679765518524,476.66039326222744,476.66039326222744,0.0,False,True,False
True,0.2294735841166181,0.27315988230630395,0.3280977019868784,0.029999999999996696,0.006999999999999229,0.009668577156535931,Tier_C,,149842,0.9949955893474248,0.9949972236438449,402.838470043519,230.338853536347,0.0,False,True,False
True,0.23497157221194864,0.28522366969949164,0.34710620862541075,0.029999999999996696,0.010999999999998789,0.010182397459872896,Tier_C,,16652,0.994996895085309,0.9949985927757843,364.0019875336195,198.5639349272826,0.0,False,True,False
False,nan,nan,nan,0.0,0.0,0.0,reject,high_density_unattained,239828,0.7877415357205207,0.7877415357205207,508.65029831346936,508.65029831346936,0.0,False,False,False
False,nan,nan,nan,0.0,0.0,0.0,reject,high_density_unattained,131635,0.8664990690204152,0.8664990690204152,476.790889043233,476.790889043233,0.0,False,True,False
False,nan,nan,nan,0.0,0.0,0.0,reject,high_density_unattained,91629,0.917952144260889,0.895414866951058,487.88658068068685,428.79688650775614,0.0,False,True,False
True,0.20052500553866037,0.23726076062010715,0.28452838783668666,0.029999999999996696,0.0,0.008205829874868844,Tier_C,,111362,0.9949864385356259,0.9849681970787871,470.40384863787665,291.79472881779907,0.0,False,True,False
False,nan,nan,nan,0.0,0.0,0.0,reject,high_density_unattained,205835,0.8554878626229334,0.8554878626229334,497.05859986703655,497.05859986703655,0.0,False,True,False
False,nan,nan,nan,0.0,0.0,0.0,reject,high_density_unattained,95479,0.8452811019638173,0.8452811019638173,485.79892475865057,485.79892475865057,0.0,False,True,False
False,nan,nan,nan,0.0,0.0,0.0,reject,high_density_unattained,36910,0.831247357037204,0.831247357037204,505.9187119273999,505.9187119273999,0.0,False,True,False
True,0.2222972797717505,0.27355633755824593,0.3382879471123703,0.029999999999996696,0.008199999999999097,0.00970885950839534,Tier_C,,180340,0.994996695532004,0.9833350987690139,387.45363307382854,208.56580837988113,0.0,False,True,False
False,nan,nan,nan,0.0,0.0,0.0,reject,high_density_unattained,72383,0.8190085122630785,0.8190085122630785,495.7749700527456,495.7749700527456,0.0,False,True,False
False,nan,nan,nan,0.0,0.0,0.0,reject,high_density_unattained,238799,0.8831510615376887,0.8812759010922429,472.41566869413606,465.3257202895793,0.0,False,True,False
False,nan,nan,nan,0.0,0.0,0.0,reject,high_density_unattained,18969,0.9688541105545528,0.9193300015861832,451.81982574721263,334.43252708682144,0.0,False,True,False
False,nan,nan,nan,0.0,0.0,0.0,reject,high_density_unattained,81610,0.8094758403926083,0.8094758403926083,504.19748840317084,504.19748840317084,0.0,False,True,False
False,nan,nan,nan,0.0,0.0,0.0,reject,high_density_unattained,46588,0.8925657251436273,0.8853550749866501,504.0874241563489,484.5512279978793,0.0,False,True,False
False,nan,nan,nan,0.0,0.0,0.0,reject,high_density_unattained,239685,0.8122620031534669,0.8122620031534669,511.1558806132443,511.1558806132443,0.0,False,True,False
False,nan,nan,nan,0.0,0.0,0.0,reject,high_density_unattained,217962,0.7943006438154876,0.7943006438154876,508.3455050491143,508.3455050491143,0.0,False,False,False
True,0.1428999839107883,0.17258583485140655,0.21226635249627446,0.0041999999999995374,0.0,0.0057593844325431465,Tier_C,,230276,0.9948918199685874,0.9947993475988111,200.217834005156,144.22100453256365,0.0,False,True,False
False,0.2197640804377241,0.24105356442240888,0.26370480976002586,0.014599999999998392,0.0,0.0040338052188305,Tier_C,,49697,0.9949761633019061,0.9645889303058892,466.04244885273835,266.36605232083997,0.0,False,True,False
False,nan,nan,nan,0.0,0.0,0.0,reject,high_density_unattained,15536,0.8893370380234761,0.8832128857994346,506.1227662490377,486.57750138116927,0.0,False,True,False
False,nan,nan,nan,0.0,0.0,0.0,reject,high_density_unattained,164551,0.8290183657921624,0.8290183657921624,491.8844282386737,491.8844282386737,0.0,False,True,False
False,nan,nan,nan,0.0,0.0,0.0,reject,high_density_unattained,185345,0.8211758262297084,0.8211758262297084,494.8890197190565,494.8890197190565,0.0,False,True,False
False,nan,nan,nan,0.0,0.0,0.0,reject,high_density_unattained,6592,0.8258663281743955,0.8258663281743955,499.382530475715,499.382530475715,0.0,False,True,False
False,nan,nan,nan,0.0,0.0,0.0,reject,high_density_unattained,145927,0.7895455154614017,0.7895455154614017,507.822808959144,507.822808959144,0.0,False,False,False
False,nan,nan,nan,0.0,0.0,0.0,reject,high_density_unattained,94265,0.8955225492476186,0.8870503487801712,468.2570396235428,434.0029581903725,0.0,False,True,False
True,0.21483116885387243,0.27230259605589324,0.3440691728320212,0.029999999999996696,0.008599999999999053,0.009670193001922425,Tier_C,,118446,0.9949727744313746,0.9891310965622828,333.8582415945134,175.32153529167482,0.0,False,True,False
False,nan,nan,nan,0.0,0.0,0.0,reject,high_density_unattained,166148,0.8590908805638691,0.8590908805638691,482.5847174483249,482.5847174483249,0.0,False,True,False
False,nan,nan,nan,0.0,0.0,0.0,reject,high_density_unattained,204706,0.8613344325768444,0.8613344325768444,501.8830311156818,501.8830311156818,0.0,False,True,False
False,nan,nan,nan,0.0,0.0,0.0,reject,high_density_unattained,148230,0.8739636846581359,0.8739636846581359,474.3200975648196,474.3200975648196,0.0,False,True,False
False,nan,nan,nan,0.0,0.0,0.0,reject,high_density_unattained,113062,0.8684850157032726,0.8684850157032726,487.00736138694174,487.00736138694174,0.0,False,True,False
False,nan,nan,nan,0.0,0.0,0.0,reject,high_density_unattained,167859,0.7929666856106442,0.7929666856106442,508.10954669292636,508.10954669292636,0.0,False,False,False
False,nan,nan,nan,0.0,0.0,0.0,reject,high_density_unattained,66373,0.8411267321935365,0.8411267321935365,488.6347800308884,488.6347800308884,0.0,False,True,False
False,nan,nan,nan,0.0,0.0,0.0,reject,high_density_unattained,189252,0.7857271482162961,0.7857271482162961,509.48791965549117,509.48791965549117,0.0,False,False,False
False,0.24776115676256505,0.25685334203053783,0.266082285076496,0.005699999999999372,0.0,0.0016924683870271878,Tier_C,,227455,0.9949888717484819,0.9557227802538579,458.36637987745473,236.66140261285696,0.0,False,True,False
False,nan,nan,nan,0.0,0.0,0.0,reject,high_density_unattained,247681,0.8670873656323286,0.8670873656323286,478.24379629869935,478.24379629869935,0.0,False,True,False
False,nan,nan,nan,0.0,0.0,0.0,reject,high_density_unattained,249943,0.8824811697333356,0.8808464547808554,473.36589916086206,468.3057084419656,0.0,False,True,False
True,0.21819426106929707,0.27378275602272006,0.34297420496258435,0.029999999999996696,0.008699999999999042,0.009724072639581052,Tier_C,,69763,0.9949561353484615,0.9919948191364032,336.5651678487171,179.99144794153787,0.0,False,True,False
False,nan,nan,nan,0.0,0.0,0.0,reject,high_density_unattained,73692,0.9494956037704656,0.915382187580894,455.99399871366563,377.9395896130437,0.0,False,True,False
False,nan,nan,nan,0.0,0.0,0.0,reject,high_density_unattained,247168,0.8672349549761873,0.8672349549761873,478.91665689701716,478.91665689701716,0.0,False,True,False
False,nan,nan,nan,0.0,0.0,0.0,reject,high_density_unattained,206185,0.9553514232672015,0.9175586120361907,473.0811497197422,385.2327369430961,0.0,False,True,False
False,nan,nan,nan,0.0,0.0,0.0,reject,high_density_unattained,182110,0.8904852146315846,0.8840275286057699,513.6762759295957,495.93785161308716,0.0,False,True,False
False,nan,nan,nan,0.0,0.0,0.0,reject,high_density_unattained,2257,0.8843033490237584,0.8818416144783441,480.2257921312289,472.04266111523685,0.0,False,True,False
True,0.23441811419850578,0.28315344198234893,0.34328537481302124,0.029999999999996696,0.010299999999998866,0.010091994041684803,Tier_C,,130951,0.9949854753253186,0.9943338835154238,369.3704440810161,203.73320109073214,0.0,False,True,False
False,nan,nan,nan,0.0,0.0,0.0,reject,high_density_unattained,53642,0.8911342246799356,0.8850868694738039,469.8855973730516,444.7851116576083,0.0,False,True,False
False,nan,nan,nan,0.0,0.0,0.0,reject,high_density_unattained,16773,0.8410638889159482,0.8410638889159482,489.6120177552735,489.6120177552735,0.0,False,True,False
False,nan,nan,nan,0.0,0.0,0.0,reject,high_density_unattained,163297,0.7928527452419324,0.7928527452419324,508.0818232994004,508.0818232994004,0.0,False,False,False
False,nan,nan,nan,0.0,0.0,0.0,reject,high_density_unattained,64292,0.8524444075428496,0.8524444075428496,483.7359637506787,483.7359637506787,0.0,False,True,False
False,nan,nan,nan,0.0,0.0,0.0,reject,high_density_unattained,40530,0.8908260436981854,0.8849844032912816,472.45152750377866,452.73968305941,0.0,False,True,False
False,nan,nan,nan,0.0,0.0,0.0,reject,high_density_unattained,224608,0.7938227400214302,0.7938227400214302,506.304643846057,506.304643846057,0.0,False,False,False
False,nan,nan,nan,0.0,0.0,0.0,reject,high_density_unattained,60694,0.7909478278619996,0.7909478278619996,508.10153643375475,508.10153643375475,0.0,False,False,False
False,nan,nan,nan,0.0,0.0,0.0,reject,high_density_unattained,25844,0.8053779167995982,0.8053779167995982,501.2475434860841,501.2475434860841,0.0,False,True,False
False,nan,nan,nan,0.0,0.0,0.0,reject,high_density_unattained,19113,0.8403374808090127,0.8403374808090127,509.04553555306467,509.04553555306467,0.0,False,True,False
False,nan,nan,nan,0.0,0.0,0.0,reject,high_density_unattained,220835,0.8697313898431193,0.8697313898431193,477.66169143677524,477.66169143677524,0.0,False,True,False
False,nan,nan,nan,0.0,0.0,0.0,reject,high_density_unattained,111552,0.9833222971404028,0.9242284605816222,493.5467344740234,340.68590276835806,0.0,False,True,False
False,nan,nan,nan,0.0,0.0,0.0,reject,high_density_unattained,16706,0.8021345197056637,0.8021345197056637,502.5966861719489,502.5966861719489,0.0,False,True,False
False,0.15670877758647483,0.20283251253846057,0.2601495113009429,0.015299999999998315,0.0,0.006706590121090396,Tier_C,,12746,0.9949847261587114,0.9792230915448346,244.8124937278752,151.2632290296309,0.0,False,True,False
False,nan,nan,nan,0.0,0.0,0.0,reject,high_density_unattained,183513,0.7947051871493657,0.7947051871493657,505.7050516659433,505.7050516659433,0.0,False,False,False
False,nan,nan,nan,0.0,0.0,0.0,reject,high_density_unattained,65604,0.8335155295402308,0.8335155295402308,490.37293483618225,490.37293483618225,0.0,False,True,False
False,0.23302595763421563,0.2589436718708348,0.28669334802669677,0.01679999999999815,0.0,0.00504415936160129,Tier_C,,7223,0.9949749904431487,0.9667600901697094,437.10949682048096,243.44682728547522,0.0,False,True,False
False,nan,nan,nan,0.0,0.0,0.0,reject,high_density_unattained,54280,0.8848221379296484,0.8819017331576037,473.25917424701527,463.6105619157113,0.0,False,True,False
False,nan,nan,nan,0.0,0.0,0.0,reject,high_density_unattained,16731,0.7905342881301369,0.7905342881301369,510.4210250414968,510.4210250414968,0.0,False,False,False
True,0.23187735685327993,0.28225861946025754,0.34448813818904633,0.029999999999996696,0.010199999999998877,0.01005922834817201,Tier_C,,98655,0.9949695420469877,0.9947717692395169,365.3634690601706,199.903708998041,0.0,False,True,False
False,nan,nan,nan,0.0,0.0,0.0,reject,high_density_unattained,157027,0.8913828335769097,0.8849697160939288,470.54923846735767,446.4700994148705,0.0,False,True,False
False,nan,nan,nan,0.0,0.0,0.0,reject,high_density_unattained,183442,0.8883355762559794,0.8840313412356405,473.04184459276763,456.1874923874777,0.0,False,True,False
False,nan,nan,nan,0.0,0.0,0.0,reject,high_density_unattained,107783,0.8266361169580114,0.8266361169580114,492.9182757365217,492.9182757365217,0.0,False,True,False
False,nan,nan,nan,0.0,0.0,0.0,reject,high_density_unattained,54052,0.8919323506820861,0.8855234993694892,472.4925847324794,451.4749234630207,0.0,False,True,False
False,nan,nan,nan,0.0,0.0,0.0,reject,high_density_unattained,114631,0.8644744386811896,0.8644744386811896,480.613626770254,480.613626770254,0.0,False,True,False
False,nan,nan,nan,0.0,0.0,0.0,reject,high_density_unattained,57911,0.8444362132573351,0.8444362132573351,486.5566780886728,486.5566780886728,0.0,False,True,False
False,nan,nan,nan,0.0,0.0,0.0,reject,high_density_unattained,30428,0.8477568906159694,0.8477568906159694,485.20144485001,485.20144485001,0.0,False,True,False
False,nan,nan,nan,0.0,0.0,0.0,reject,high_density_unattained,122380,0.8982312422326038,0.8888686210342738,468.7197894601735,431.5083228744009,0.0,False,True,False
False,0.2134578503090352,0.26616011308718507,0.3305918343468798,0.028299999999996883,0.006199999999999317,0.008860970018972625,Tier_C,,231572,0.9949983307333604,0.9783488203566661,349.80023732621845,183.84951111074992,0.0,False,True,False
False,0.23538719612044134,0.2765222173145133,0.323326742580763,0.023199999999997445,0.005499999999999394,0.007553437899635726,Tier_C,,127567,0.9949998802896541,0.9731516735745485,401.9328566709831,208.12248568969045,0.0,False,True,False
False,nan,nan,nan,0.0,0.0,0.0,reject,high_density_unattained,178074,0.7852646101315806,0.7852646101315806,510.3297257131421,510.3297257131421,0.0,False,False,False
False,0.21463893822234736,0.2731169188066003,0.3456487824422255,0.029899999999996707,0.00889999999999902,0.00967117754877718,Tier_C,,108507,0.9949680669670042,0.9799259809741757,331.0339644754017,169.76009904221155,0.0,False,True,False
False,nan,nan,nan,0.0,0.0,0.0,reject,high_density_unattained,49696,0.982413608297682,0.9176039522690489,516.3470114481485,351.82010695103787,0.0,False,True,False
False,nan,nan,nan,0.0,0.0,0.0,reject,high_density_unattained,113002,0.809720698530573,0.809720698530573,499.5773145078563,499.5773145078563,0.0,False,True,False
False,nan,nan,nan,0.0,0.0,0.0,reject,high_density_unattained,87845,0.7966176014420787,0.7966176014420787,504.9232495364524,504.9232495364524,0.0,False,False,False
False,nan,nan,nan,0.0,0.0,0.0,reject,high_density_unattained,132978,0.7879683026948465,0.7879683026948465,508.5913278794546,508.5913278794546,0.0,False,False,False
False,nan,nan,nan,0.0,0.0,0.0,reject,high_density_unattained,71923,0.7980755304312919,0.7980755304312919,504.3087179874663,504.3087179874663,0.0,False,True,False
False,nan,nan,nan,0.0,0.0,0.0,reject,high_density_unattained,28136,0.8505241709487402,0.8505241709487402,484.1608738376828,484.1608738376828,0.0,False,True,False
True,0.21264634819332284,0.25184257168113566,0.30262753560339417,0.029999999999996696,0.0005999999999999339,0.008796886752988807,Tier_C,,213384,0.9949661879993841,0.9949978402952158,415.0964532067262,249.50466318822785,0.0,False,True,False
False,nan,nan,nan,0.0,0.0,0.0,reject,high_density_unattained,204960,0.8864527994663156,0.8825482825648483,472.904753580681,460.1722894490106,0.0,False,True,False
True,0.15711594866259604,0.18494385865128948,0.22294688986554123,0.008299999999999086,0.0,0.00620423442181544,Tier_C,,73552,0.994975152706597,0.9854744613283377,497.4978201864618,347.74433878260123,0.0,False,True,False
False,nan,nan,nan,0.0,0.0,0.0,reject,high_density_unattained,129126,0.8962525780012167,0.887745035850904,470.1063112604999,438.9196258476291,0.0,False,True,False
False,nan,nan,nan,0.0,0.0,0.0,reject,high_density_unattained,220357,0.790428017661843,0.790428017661843,507.6841335574307,507.6841335574307,0.0,False,False,False
False,nan,nan,nan,0.0,0.0,0.0,reject,high_density_unattained,50863,0.897886518529194,0.8885612383591494,468.05495383550027,428.98546380903986,0.0,False,True,False
False,0.218364587652503,0.26938360429990904,0.33063074447108465,0.027399999999996982,0.006399999999999295,0.008688940541091894,Tier_C,,11484,0.9949716521597595,0.9773785964703104,367.7864660522922,191.79945826314622,0.0,False,True,False
False,nan,nan,nan,0.0,0.0,0.0,reject,high_density_unattained,8455,0.8919554980939904,0.8859100316439911,472.74180102250267,451.7229814446936,0.0,False,True,False
False,nan,nan,nan,0.0,0.0,0.0,reject,high_density_unattained,185010,0.8803324954234997,0.8801448540544023,472.7658026121211,472.2622023178418,0.0,False,True,False
False,nan,nan,nan,0.0,0.0,0.0,reject,high_density_unattained,34651,0.891012876185378,0.8851177308404304,472.41750190894294,452.4500650242529,0.0,False,True,False
False,0.18590706263192325,0.2076835524301065,0.2328692263695893,0.013599999999998502,0.0,0.004766503738513573,Tier_C,,20032,0.9948093876894953,0.9703891165673728,528.0495178411643,341.93971949492965,0.0,False,True,False
True,0.2296374510073238,0.2833700139248334,0.3499743529747348,0.029999999999996696,0.01079999999999881,0.010117651974817343,Tier_C,,20238,0.994981012443924,0.9815608370453464,330.06758356382556,174.17244442973654,0.0,False,True,False
False,nan,nan,nan,0.0,0.0,0.0,reject,high_density_unattained,108146,0.8839433642192294,0.8813262524992168,471.3587777445154,461.7291734131377,0.0,False,True,False
False,nan,nan,nan,0.0,0.0,0.0,reject,high_density_unattained,144243,0.8686968395756283,0.8686968395756283,478.52308370703975,478.52308370703975,0.0,False,True,False
True,0.21892864270109147,0.27478460390742687,0.3448197449792534,0.029999999999996696,0.008999999999999009,0.0097704519605812,Tier_C,,125090,0.9949752204016514,0.9927784221393582,314.39727200110934,167.31338207723115,0.0,False,True,False
True,0.2179004729993368,0.2623020732139635,0.31726952184542123,0.029999999999996696,0.0041999999999995374,0.009217120661986388,Tier_C,,148576,0.9949937078584633,0.9934743132964721,412.5806485551243,242.11543182925675,0.0,False,True,False
False,nan,nan,nan,0.0,0.0,0.0,reject,high_density_unattained,204815,0.8819407175056706,0.8805265541324085,474.6965786169156,471.1543250450786,0.0,False,True,False
False,nan,nan,nan,0.0,0.0,0.0,reject,high_density_unattained,157598,0.7918741127268059,0.7918741127268059,506.93107467784773,506.93107467784773,0.0,False,False,False
False,nan,nan,nan,0.0,0.0,0.0,reject,high_density_unattained,228476,0.9618514493282959,0.9206163501553233,454.96288581348256,342.60059378702863,0.0,False,True,False
True,0.05811779002635309,0.07762896835561395,0.09813565289156978,0.0,0.0,0.002428322747882018,Tier_C,,59557,0.9949946088127126,0.9949346377752532,191.03778634155316,163.9049941760462,0.0,False,True,False
False,nan,nan,nan,0.0,0.0,0.0,reject,high_density_unattained,80684,0.9127978648689302,0.8965272332604278,467.6186899178222,415.82846133284573,0.0,False,True,False
False,nan,nan,nan,0.0,0.0,0.0,reject,high_density_unattained,224021,0.9063648511389188,0.8919633207134693,476.9688265338588,434.1415241857009,0.0,False,True,False
True,0.21900465274417846,0.2705101792167508,0.33498734442481215,0.029999999999996696,0.007499999999999174,0.00957912538195466,Tier_C,,23486,0.9949667559007687,0.9949833762268521,320.71615310792976,176.90299628148298,0.0,False,True,False
False,nan,nan,nan,0.0,0.0,0.0,reject,high_density_unattained,86470,0.8942406513318311,0.8870883695024947,472.60351152792697,448.96571549659086,0.0,False,True,False
False,nan,nan,nan,0.0,0.0,0.0,reject,high_density_unattained,42280,0.8125386604245507,0.8125386604245507,498.42894918203376,498.42894918203376,0.0,False,True,False
False,nan,nan,nan,0.0,0.0,0.0,reject,high_density_unattained,205477,0.8893247570313144,0.8843938294234617,475.4350239186467,459.8183132277856,0.0,False,True,False
False,nan,nan,nan,0.0,0.0,0.0,reject,high_density_unattained,98756,0.8170989195358169,0.8170989195358169,496.64198293707165,496.64198293707165,0.0,False,True,False
True,0.2251871610875601,0.2713229842182703,0.3287782750070014,0.029999999999996696,0.00689999999999924,0.00959552709211077,Tier_C,,240144,0.9949999468873376,0.9949818726792393,351.7398253156146,200.16466094622703,0.0,False,True,False
False,nan,nan,nan,0.0,0.0,0.0,reject,high_density_unattained,180018,0.8505580506861041,0.8505580506861041,511.37586519081987,511.37586519081987,0.0,False,True,False
False,nan,nan,nan,0.0,0.0,0.0,reject,high_density_unattained,181079,0.8229806434456716,0.8229806434456716,495.0206077906115,495.0206077906115,0.0,False,True,False
True,0.24202305650738132,0.29206668292716986,0.3520751531096352,0.029999999999996696,0.012699999999998601,0.010455686393741233,Tier_C,,144544,0.9949781394034978,0.9808790258365677,392.4929125972935,207.89028694411016,0.0,False,True,False
True,0.21443763984986375,0.26880804266411673,0.337224760014883,0.029999999999996696,0.007499999999999174,0.009519888565090779,Tier_C,,6985,0.9949561222962267,0.994999012689211,314.25997899564203,170.55848158428043,0.0,False,True,False
True,0.22149745118719288,0.2775084518824066,0.34705575524629817,0.029999999999996696,0.009599999999998943,0.00987902262121416,Tier_C,,173361,0.9949597806164979,0.9927434011255061,329.4938071195771,175.09624196098648,0.0,False,True,False
False,nan,nan,nan,0.0,0.0,0.0,reject,high_density_unattained,160546,0.889722942676155,0.8847007604208751,479.48213826569065,463.27202549145244,0.0,False,True,False
True,0.19536132701745712,0.23263283600359141,0.2811886071434543,0.027999999999996916,0.0,0.008029764681549631,Tier_C,,249870,0.9949605118194732,0.9949993125227599,404.79534998907644,253.21038915703738,0.0,False,True,False
False,nan,nan,nan,0.0,0.0,0.0,reject,high_density_unattained,33421,0.7892815105269502,0.7892815105269502,508.05281718961004,508.05281718961004,0.0,False,False,False
False,nan,nan,nan,0.0,0.0,0.0,reject,high_density_unattained,228053,0.8676187291348569,0.8676187291348569,478.8372803105223,478.8372803105223,0.0,False,True,False
False,nan,nan,nan,0.0,0.0,0.0,reject,high_density_unattained,72907,0.8132454941698744,0.8132454941698744,498.1643752517724,498.1643752517724,0.0,False,True,False
True,0.22443597921101188,0.27429332764223857,0.3361588306236548,0.029999999999996696,0.008199999999999097,0.009727359233837538,Tier_C,,53513,0.9949793035850452,0.9949997312289126,350.1859680647662,194.686469795258,0.0,False,True,False
False,nan,nan,nan,0.0,0.0,0.0,reject,high_density_unattained,248779,0.7834613115644444,0.7834613115644444,510.51908241156343,510.51908241156343,0.0,False,False,False
False,nan,nan,nan,0.0,0.0,0.0,reject,high_density_unattained,93685,0.8777853452097799,0.8777853452097799,487.72124588673387,487.72124588673387,0.0,False,True,False
False,nan,nan,nan,0.0,0.0,0.0,reject,high_density_unattained,208287,0.9173655635798766,0.8965336139479526,463.8294139437244,395.1630995324917,0.0,False,True,False
True,0.21550070432251434,0.2723004343608163,0.34305930518741834,0.029999999999996696,0.008599999999999053,0.009666930999115201,Tier_C,,113100,0.9949719403314387,0.9892474736540542,321.62739670720305,170.15172304178654,0.0,False,True,False
False,nan,nan,nan,0.0,0.0,0.0,reject,high_density_unattained,145731,0.8692767602106606,0.8692767602106606,479.04943488723666,479.04943488723666,0.0,False,True,False
False,nan,nan,nan,0.0,0.0,0.0,reject,high_density_unattained,94959,0.8068193330728924,0.8068193330728924,500.7549669196961,500.7549669196961,0.0,False,True,False
False,nan,nan,nan,0.0,0.0,0.0,reject,high_density_unattained,229602,0.8681459590372471,0.8681459590372471,479.26518414314444,479.26518414314444,0.0,False,True,False
False,nan,nan,nan,0.0,0.0,0.0,reject,high_density_unattained,111098,0.8764072654953482,0.8764072654953482,482.5893546335333,482.5893546335333,0.0,False,True,False
False,nan,nan,nan,0.0,0.0,0.0,reject,high_density_unattained,92138,0.809231155439804,0.809231155439804,499.76181677909966,499.76181677909966,0.0,False,True,False
True,0.06478066022417817,0.08086305112561909,0.09790071418895141,0.0,0.0,0.0024831052273027784,Tier_C,,60272,0.9945866568109587,0.9949543532237142,149.2665631059946,126.99083953434656,0.0,False,True,False
False,nan,nan,nan,0.0,0.0,0.0,reject,high_density_unattained,121153,0.8140436303488168,0.8140436303488168,497.96770489871096,497.96770489871096,0.0,False,True,False
False,nan,nan,nan,0.0,0.0,0.0,reject,high_density_unattained,46847,0.8326645883891319,0.8326645883891319,490.853424466861,490.853424466861,0.0,False,True,False
False,nan,nan,nan,0.0,0.0,0.0,reject,high_density_unattained,140502,0.9064324006806985,0.8915726998926051,466.04003590197493,412.75358760829886,0.0,False,True,False
True,0.22352915593108147,0.26929501770898534,0.3265220286606131,0.029999999999996696,0.006299999999999306,0.00951226704171439,Tier_C,,188560,0.9949951039227363,0.994994724965371,356.51601190804604,203.4727322341474,0.0,False,True,False
False,nan,nan,nan,0.0,0.0,0.0,reject,high_density_unattained,205894,0.7834653788138565,0.7834653788138565,510.5411383365692,510.5411383365692,0.0,False,False,False
False,nan,nan,nan,0.0,0.0,0.0,reject,high_density_unattained,32046,0.7896865340407865,0.7896865340407865,511.2931640010122,511.2931640010122,0.0,False,False,False
True,0.20891443946917143,0.25150628308812095,0.3061454206534955,0.029999999999996696,0.0013999999999998458,0.008789065087874852,Tier_C,,187814,0.9949990083275234,0.9949657606585675,384.18520215797105,227.64735836454284,0.0,False,True,False
False,nan,nan,nan,0.0,0.0,0.0,reject,high_density_unattained,235214,0.8939041189096395,0.8867609528993132,472.72137456424065,449.8686812673606,0.0,False,True,False
False,nan,nan,nan,0.0,0.0,0.0,reject,high_density_unattained,19827,0.8937380765719619,0.8868114531989347,471.8510868814319,447.7243960481827,0.0,False,True,False
True,0.20727358994435674,0.2559325006526092,0.31727504563390285,0.029999999999996696,0.0036999999999995925,0.008977733816581322,Tier_C,,115857,0.9949724412110562,0.9949751910582675,340.07061794278957,195.02540967372275,0.0,False,True,False
False,nan,nan,nan,0.0,0.0,0.0,reject,high_density_unattained,236024,0.811288887933558,0.811288887933558,497.1554577715191,497.1554577715191,0.0,False,True,False
False,nan,nan,nan,0.0,0.0,0.0,reject,high_density_unattained,92037,0.8994093138424589,0.8870432547117866,483.5305897189217,444.7209067936653,0.0,False,True,False
False,0.22298307670550943,0.23333731210801478,0.24402969649554962,0.00879999999999903,0.0,0.0023391548741657307,Tier_C,,218330,0.9900097028381464,0.9588393665695096,488.6369081704001,313.91025609880495,0.0,False,True,False
False,nan,nan,nan,0.0,0.0,0.0,reject,high_density_unattained,88671,0.8796011440328162,0.8796011440328162,476.38759562696765,476.38759562696765,0.0,False,True,False
False,nan,nan,nan,0.0,0.0,0.0,reject,high_density_unattained,154153,0.9376570526238133,0.9084056669326686,464.07712647753175,384.55379144185093,0.0,False,True,False
False,nan,nan,nan,0.0,0.0,0.0,reject,high_density_unattained,92248,0.8397625060961241,0.8397625060961241,488.2940569874091,488.2940569874091,0.0,False,True,False
False,nan,nan,nan,0.0,0.0,0.0,reject,high_density_unattained,214791,0.7827809402346939,0.7827809402346939,510.862085821707,510.862085821707,0.0,False,False,False
False,nan,nan,nan,0.0,0.0,0.0,reject,high_density_unattained,35095,0.9013027987806627,0.8893842866584273,467.6858148731723,421.09907510365895,0.0,False,True,False
False,nan,nan,nan,0.0,0.0,0.0,reject,high_density_unattained,248793,0.9155611520052674,0.8982221901971938,469.7003782708307,416.12606936931815,0.0,False,True,False
False,nan,nan,nan,0.0,0.0,0.0,reject,high_density_unattained,247210,0.8128647239057138,0.8128647239057138,511.92332549029726,511.92332549029726,0.0,False,True,False
False,nan,nan,nan,0.0,0.0,0.0,reject,high_density_unattained,62562,0.903902552795243,0.892236946276677,468.9399953653955,427.19462372438204,0.0,False,True,False
False,nan,nan,nan,0.0,0.0,0.0,reject,high_density_unattained,123058,0.7964228555552711,0.7964228555552711,505.02945649123893,505.02945649123893,0.0,False,False,False
True,0.2192054269173992,0.2625174549477044,0.31717539524659255,0.029999999999996696,0.0040999999999995485,0.009231143440491963,Tier_C,,10101,0.9949706657109035,0.9949802759633083,370.59984123256396,216.18360780840237,0.0,False,True,False
False,nan,nan,nan,0.0,0.0,0.0,reject,high_density_unattained,72105,0.8040053125164026,0.8040053125164026,501.98332335498463,501.98332335498463,0.0,False,True,False
True,0.2245440032246414,0.2716298725443814,0.3302551055725539,0.029999999999996696,0.007099999999999218,0.009610724813278938,Tier_C,,237621,0.9949905229728729,0.9949828714249287,353.39885911817635,200.03977796784343,0.0,False,True,False
True,0.20335371117450618,0.26045590989084844,0.33231247616696324,0.029999999999996696,0.006099999999999328,0.00918585758859727,Tier_C,,120832,0.9949589629747309,0.9822781151375996,326.96966270870803,172.92510288354515,0.0,False,True,False
True,0.2244720154664973,0.2729281696543556,0.3311633360715278,0.029999999999996696,0.007499999999999174,0.009655378811919002,Tier_C,,14994,0.9949935718146063,0.9808040931383519,408.6936340210031,230.83338653554725,0.0,False,True,False
False,nan,nan,nan,0.0,0.0,0.0,reject,high_density_unattained,139680,0.8012593472310956,0.8012593472310956,503.0303758605368,503.0303758605368,0.0,False,True,False
False,nan,nan,nan,0.0,0.0,0.0,reject,high_density_unattained,115409,0.8358741217395063,0.8358741217395063,488.988665096321,488.988665096321,0.0,False,True,False
False,nan,nan,nan,0.0,0.0,0.0,reject,high_density_unattained,208918,0.9098980747751375,0.893065343329548,495.02315173884193,452.2330065351646,0.0,False,True,False
True,0.08036165830244013,0.10655003824117526,0.1397262058923997,0.0,0.0,0.0034448975880587446,Tier_C,,206982,0.9949589372115627,0.9949284447783723,155.81879949370196,125.41374940256054,0.0,False,True,False
False,nan,nan,nan,0.0,0.0,0.0,reject,high_density_unattained,19951,0.9945628280563885,0.9396846900672576,524.5099000211162,299.18487043191016,0.0,False,True,False
False,nan,nan,nan,0.0,0.0,0.0,reject,high_density_unattained,209924,0.9612065039133381,0.9218277955066856,513.7003188850754,439.9693095159882,0.0,False,True,False
False,nan,nan,nan,0.0,0.0,0.0,reject,high_density_unattained,173211,0.8201644622758919,0.8201644622758919,495.44190379210954,495.44190379210954,0.0,False,True,False
False,nan,nan,nan,0.0,0.0,0.0,reject,high_density_unattained,126082,0.8309744487057995,0.8309744487057995,509.3509420794699,509.3509420794699,0.0,False,True,False
False,nan,nan,nan,0.0,0.0,0.0,reject,high_density_unattained,141265,0.7902513452610153,0.7902513452610153,507.63320725562585,507.63320725562585,0.0,False,False,False
False,nan,nan,nan,0.0,0.0,0.0,reject,high_density_unattained,3023,0.9099152190169713,0.8949358674707644,467.11112107423656,415.14425018060643,0.0,False,True,False
True,0.22313972409579408,0.27546293062371985,0.3404010841187258,0.029999999999996696,0.00879999999999903,0.009783278702001932,Tier_C,,56638,0.9949714783540854,0.9936125719944418,337.75298625262616,184.65688377280324,0.0,False,True,False
False,nan,nan,nan,0.0,0.0,0.0,reject,high_density_unattained,13652,0.7960799176734641,0.7960799176734641,505.20420647952716,505.20420647952716,0.0,False,False,False
False,nan,nan,nan,0.0,0.0,0.0,reject,high_density_unattained,188017,0.8607286719495275,0.8607286719495275,420.3971088182082,420.3971088182082,0.0,False,True,False
False,nan,nan,nan,0.0,0.0,0.0,reject,high_density_unattained,144814,0.8901031342190677,0.8840666721898861,469.39743490065206,444.82163863440456,0.0,False,True,False
False,nan,nan,nan,0.0,0.0,0.0,reject,high_density_unattained,5318,0.9352576656612445,0.9088468346173183,465.08537062439495,393.47257394114285,0.0,False,True,False
False,nan,nan,nan,0.0,0.0,0.0,reject,high_density_unattained,6466,0.8961112679464331,0.8883328624509184,477.60549891347506,451.72221912767503,0.0,False,True,False
False,0.13888777666389562,0.15990226143310887,0.18699107887770072,0.0,0.0,0.004862490801420316,Tier_C,,9482,0.9935102014539031,0.9776654554460802,492.2354415085323,370.63379937842336,0.0,False,True,False
False,nan,nan,nan,0.0,0.0,0.0,reject,high_density_unattained,84971,0.8644041625450022,0.8644041625450022,482.1959861637329,482.1959861637329,0.0,False,True,False
True,0.2298387290912146,0.27507527746374716,0.32950288624867274,0.029999999999996696,0.007599999999999163,0.009734309971391509,Tier_C,,224194,0.9949982874808144,0.9949777562663011,384.126314119507,219.4029417680535,0.0,False,True,False
False,nan,nan,nan,0.0,0.0,0.0,reject,high_density_unattained,5437,0.8721639751888213,0.8721639751888213,478.15120049459284,478.15120049459284,0.0,False,True,False
False,nan,nan,nan,0.0,0.0,0.0,reject,high_density_unattained,245074,0.8854262407027574,0.8825507763055769,474.7714424396367,465.6180047798252,0.0,False,True,False
False,nan,nan,nan,0.0,0.0,0.0,reject,high_density_unattained,237516,0.814626394423041,0.814626394423041,497.66737084233296,497.66737084233296,0.0,False,True,False
False,nan,nan,nan,0.0,0.0,0.0,reject,high_density_unattained,228089,0.8499737755146047,0.8499737755146047,485.3194365311072,485.3194365311072,0.0,False,True,False
False,nan,nan,nan,0.0,0.0,0.0,reject,high_density_unattained,80191,0.9520199023620721,0.9172488946255632,460.07632753889686,362.51245135124435,0.0,False,True,False
False,nan,nan,nan,0.0,0.0,0.0,reject,high_density_unattained,224190,0.9098607026712315,0.895089793726312,470.34030212158456,428.710378217634,0.0,False,True,False
False,nan,nan,nan,0.0,0.0,0.0,reject,high_density_unattained,153998,0.9080809701574923,0.8936531713573893,468.75947361876695,423.45430414436936,0.0,False,True,False
True,0.21849557053231117,0.2604523401333845,0.31353539387247165,0.029999999999996696,0.0032999999999996366,0.009144146573653273,Tier_C,,120516,0.9949916465114291,0.9949626714195996,369.7528787908237,217.50896565967022,0.0,False,True,False
False,nan,nan,nan,0.0,0.0,0.0,reject,high_density_unattained,96466,0.9486632276450725,0.9150654159287464,505.6387270671466,447.80033716270987,0.0,False,True,False
False,nan,nan,nan,0.0,0.0,0.0,reject,high_density_unattained,7762,0.8049317983514281,0.8049317983514281,501.5520079574109,501.5520079574109,0.0,False,True,False
False,nan,nan,nan,0.0,0.0,0.0,reject,high_density_unattained,81929,0.858301824181155,0.858301824181155,482.4256427228132,482.4256427228132,0.0,False,True,False
False,nan,nan,nan,0.0,0.0,0.0,reject,high_density_unattained,206492,0.8729477864931241,0.8729477864931241,478.48849580184947,478.48849580184947,0.0,False,True,False
True,0.20737959597946098,0.25592888373937583,0.3173775790802228,0.029999999999996696,0.0036999999999995925,0.008979071700872122,Tier_C,,243362,0.9949623327671416,0.994991459935798,318.340498963879,182.33150096871955,0.0,False,True,False
