state_id,source,T_C,rho,G_nm,sigma_eff_Pa,Gstar_eV,Gstar_kJ_mol,Gstar_zero_stress_eV,Gstar_zero_stress_kJ_mol,r_nuc_sinv,k_nuc_eff_sinv,k_transport_eff_sinv,k_PR_eff_sinv,k_closed_eff_sinv,k_growth_eff_sinv,closed_availability,A_closed,PR_memory,barrier_temperature_extrapolated,Q_closed_eff_kJ_mol,Q_closed_status,Q_nuc_eff_minus_Q_growth_kJ,Q_nuc_eff_minus_Q_PR_kJ,Q_nuc_eff_minus_Q_PR_separate_kJ,Q_nuc_eff_minus_Q_transport_kJ,Q_closed_eff_minus_Q_growth_kJ,Q_PR_minus_Q_closed_eff_kJ,Q_PR_separate_minus_Q_closed_eff_kJ,inside_both_pass_nuc_growth,inside_both_pass_nuc_PR,inside_both_pass_nuc_transport,inside_both_pass_closed_growth,inside_both_pass_PR_closed,inside_OAT_Delta_Q_nuc,inside_OAT_Delta_Q_closed,inside_OAT_Delta_Q_growth,inside_PR_prefactor_threshold,inside_growth_prefactor_threshold
PDF_conditioned_nominal,representative_state,900.0,0.66,50.00000000000001,250000000.0,4.567143305406176,440.6623386768668,5.3646516047156325,517.6101918068358,2.3979563982719205e-08,2.3979563982719205e-08,0.00021461934739060314,2.5255731645789038e-11,,1.050808763698711e-06,0.0,0.0,0.0,True,,proxy/unidentified,35.42394377286678,60.662338676866796,260.6623386768668,60.662338676866796,,,,True,True,True,False,False,True,False,True,True,True
PDF_conditioned_nominal,representative_state,1000.0,0.66,50.00000000000001,250000000.0,4.567143305406176,440.6623386768668,5.3646516047156325,517.6101918068358,8.335148185829026e-07,8.335148185829026e-07,0.0042176277341952105,2.2941271364738605e-09,,2.7460731444624397e-05,0.0,0.0,0.0,True,,proxy/unidentified,35.42394377286678,60.662338676866796,260.6623386768668,60.662338676866796,,,,True,True,True,False,False,True,False,True,True,True
PDF_conditioned_nominal,representative_state,1100.0,0.66,50.00000000000001,250000000.0,4.567143305406176,440.6623386768668,5.3646516047156325,517.6101918068358,1.7279351411266526e-05,1.7279351411266526e-05,0.05340680240809111,1.0803299981715837e-07,,0.00044615554823579286,0.0,0.0,0.0,True,,proxy/unidentified,35.42394377286678,60.662338676866796,260.6623386768668,60.662338676866796,,,,True,True,True,False,False,True,False,True,True,True
PDF_conditioned_nominal,representative_state,1200.0,0.66,50.00000000000001,250000000.0,4.567143305406176,440.6623386768668,5.3646516047156325,517.6101918068358,0.00023735228047138228,0.00023735228047138228,0.4767524838331803,3.0147388431322334e-06,,0.004964569016520355,0.0,0.0,0.0,True,,proxy/unidentified,35.42394377286678,60.662338676866796,260.6623386768668,60.662338676866796,,,,True,True,True,False,False,True,False,True,True,True
PDF_conditioned_nominal,representative_state,1300.0,0.66,50.00000000000001,250000000.0,4.567143305406176,440.6623386768668,5.3646516047156325,517.6101918068358,0.002336676249921384,0.002336676249921384,3.2081051983722535,5.508089359221236e-05,,0.040667264418282285,0.0,0.0,0.0,True,,proxy/unidentified,35.42394377286678,60.662338676866796,260.6623386768668,60.662338676866796,,,,True,True,True,False,False,True,False,True,True,True
PDF_conditioned_nominal,representative_state,1400.0,0.66,50.00000000000001,250000000.0,4.567143305406176,440.6623386768668,5.3646516047156325,517.6101918068358,0.01750172660312894,0.01750172660312894,17.12314198853021,0.0007108189684521823,,0.2590773603824787,0.0,0.0,0.0,True,,proxy/unidentified,35.42394377286678,60.662338676866796,260.6623386768668,60.662338676866796,,,,True,True,True,False,False,True,False,True,True,True
PDF_conditioned_nominal,representative_state,1500.0,0.66,50.00000000000001,250000000.0,4.567143305406176,440.6623386768668,5.3646516047156325,517.6101918068358,0.10445451573957967,0.10445451573957967,75.40755139756526,0.00687128542598561,,1.33939011553524,0.0,0.0,0.0,True,,proxy/unidentified,35.42394377286678,60.662338676866796,260.6623386768668,60.662338676866796,,,,True,True,True,False,False,True,False,True,True,True
T1_switch_like,representative_state,900.0,0.88,125.0,250000000.0,4.567143305406176,440.6623386768668,5.3646516047156325,517.6101918068358,2.3979563982719205e-08,2.3979563982719205e-08,3.4339095582496505e-05,2.5192587096675687e-11,,1.681294021917938e-07,0.0,0.0,0.0,True,,proxy/unidentified,35.42394377286678,60.662338676866796,260.6623386768668,60.662338676866796,,,,True,True,True,False,False,True,False,True,True,True
T1_switch_like,representative_state,1000.0,0.88,125.0,250000000.0,4.567143305406176,440.6623386768668,5.3646516047156325,517.6101918068358,8.335148185829026e-07,8.335148185829026e-07,0.0006748204374712336,2.2839642886050425e-09,,4.393717031139904e-06,0.0,0.0,0.0,True,,proxy/unidentified,35.42394377286678,60.662338676866796,260.6623386768668,60.662338676866796,,,,True,True,True,False,False,True,False,True,True,True
T1_switch_like,representative_state,1100.0,0.88,125.0,250000000.0,4.567143305406176,440.6623386768668,5.3646516047156325,517.6101918068358,1.7279351411266526e-05,1.7279351411266526e-05,0.00854508838529458,1.0724750743361416e-07,,7.138488771772688e-05,0.0,0.0,0.0,True,,proxy/unidentified,35.42394377286678,60.662338676866796,260.6623386768668,60.662338676866796,,,,True,True,True,False,False,True,False,True,True,True
T1_switch_like,representative_state,1200.0,0.88,125.0,250000000.0,4.567143305406176,440.6623386768668,5.3646516047156325,517.6101918068358,0.00023735228047138228,0.00023735228047138228,0.07628039741330886,2.9808905804372056e-06,,0.000794331042643257,0.0,0.0,0.0,True,,proxy/unidentified,35.42394377286678,60.662338676866796,260.6623386768668,60.662338676866796,,,,True,True,True,False,False,True,False,True,True,True
T1_switch_like,representative_state,1300.0,0.88,125.0,250000000.0,4.567143305406176,440.6623386768668,5.3646516047156325,517.6101918068358,0.002336676249921384,0.002336676249921384,0.5132968317395606,5.417187430477911e-05,,0.006506762306925168,0.0,0.0,0.0,True,,proxy/unidentified,35.42394377286678,60.662338676866796,260.6623386768668,60.662338676866796,,,,True,True,True,False,False,True,False,True,True,True
T1_switch_like,representative_state,1400.0,0.88,125.0,250000000.0,4.567143305406176,440.6623386768668,5.3646516047156325,517.6101918068358,0.01750172660312894,0.01750172660312894,2.739702718164834,0.0006942578749305336,,0.0414523776611966,0.0,0.0,0.0,True,,proxy/unidentified,35.42394377286678,60.662338676866796,260.6623386768668,60.662338676866796,,,,True,True,True,False,False,True,False,True,True,True
T1_switch_like,representative_state,1500.0,0.88,125.0,250000000.0,4.567143305406176,440.6623386768668,5.3646516047156325,517.6101918068358,0.10445451573957967,0.10445451573957967,12.065208223610442,0.0066526947850781915,,0.2143024184856384,0.0,0.0,0.0,True,,proxy/unidentified,35.42394377286678,60.662338676866796,260.6623386768668,60.662338676866796,,,,True,True,True,False,False,True,False,True,True,True
candidate_like_injected,representative_state,900.0,0.88,117.0,250000000.0,4.567143305406176,440.6623386768668,5.3646516047156325,517.6101918068358,2.3979563982719205e-08,2.3979563982719205e-08,3.919558539531798e-05,2.5201911372380804e-11,1.0388731544623992e-06,1.9190751035479417e-07,8.103210604806714e-08,0.152178631,1.0,True,133.7310993090817,effective finite-difference proxy,35.42394377286678,60.662338676866796,260.6623386768668,60.662338676866796,-271.50729559491833,246.2689006909183,46.26890069091829,True,True,True,False,False,True,False,True,True,True
candidate_like_injected,representative_state,1000.0,0.88,117.0,250000000.0,4.567143305406176,440.6623386768668,5.3646516047156325,517.6101918068358,8.335148185829026e-07,8.335148185829026e-07,0.0007702585532535633,2.285466256225177e-09,3.0496022212586605e-06,5.015109110348528e-06,2.3786897325817552e-07,0.152178631,1.0,True,134.1453694052067,effective finite-difference proxy,35.42394377286678,60.662338676866796,260.6623386768668,60.662338676866796,-271.0930254987933,245.8546305947933,45.85463059479329,True,True,True,False,False,True,False,True,True,True
candidate_like_injected,representative_state,1100.0,0.88,117.0,250000000.0,4.567143305406176,440.6623386768668,5.3646516047156325,517.6101918068358,1.7279351411266526e-05,1.7279351411266526e-05,0.009753598219024604,1.073637396820534e-07,7.69309642329959e-06,8.148066846296167e-05,6.00061521017368e-07,0.152178631,1.0,True,134.89619769719636,effective finite-difference proxy,35.42394377286678,60.662338676866796,260.6623386768668,60.662338676866796,-270.3421972068037,245.10380230280364,45.10380230280364,True,True,True,False,False,True,False,True,True,True
candidate_like_injected,representative_state,1200.0,0.88,117.0,250000000.0,4.567143305406176,440.6623386768668,5.3646516047156325,517.6101918068358,0.00023735228047138228,0.00023735228047138228,0.08706853748140486,2.985907920925323e-06,1.719143320724585e-05,0.0009066712353934464,1.3409317901651764e-06,0.152178631,1.0,True,135.6161491649814,effective finite-difference proxy,35.42394377286678,60.662338676866796,260.6623386768668,60.662338676866796,-269.6222457390186,244.3838508350186,44.38385083501859,True,True,True,False,False,True,False,True,True,True
candidate_like_injected,representative_state,1300.0,0.88,117.0,250000000.0,4.567143305406176,440.6623386768668,5.3646516047156325,517.6101918068358,0.002336676249921384,0.002336676249921384,0.5858910801322694,5.430693045289975e-05,3.48111002816095e-05,0.00742699693518195,2.7152658219655414e-06,0.152178631,1.0,True,136.29969742380203,effective finite-difference proxy,35.42394377286678,60.662338676866796,260.6623386768668,60.662338676866796,-268.938697480198,243.70030257619797,43.70030257619797,True,True,True,False,False,True,False,True,True,True
candidate_like_injected,representative_state,1400.0,0.88,117.0,250000000.0,4.567143305406176,440.6623386768668,5.3646516047156325,517.6101918068358,0.01750172660312894,0.01750172660312894,3.127171814692493,0.0006967257422031186,6.498606297445636e-05,0.04731488063088588,5.0689129120075955e-06,0.152178631,1.0,True,136.94175811783117,effective finite-difference proxy,35.42394377286678,60.662338676866796,260.6623386768668,60.662338676866796,-268.29663678616885,243.05824188216883,43.05824188216883,True,True,True,False,False,True,False,True,True,True
candidate_like_injected,representative_state,1500.0,0.88,117.0,250000000.0,4.567143305406176,440.6623386768668,5.3646516047156325,517.6101918068358,0.10445451573957967,0.10445451573957967,13.771559536409754,0.006685389246471502,0.00011335488932077854,0.24461065737731755,8.841681367020726e-06,0.152178631,1.0,True,137.23445505413332,effective finite-difference proxy,35.42394377286678,60.662338676866796,260.6623386768668,60.662338676866796,-268.0039398498667,242.76554494586668,42.76554494586668,True,True,True,False,False,True,False,True,True,True
resolved_best_prepared,representative_state,900.0,0.8021313211677201,77.08504218109171,250000000.0,4.567143305406176,440.6623386768668,5.3646516047156325,517.6101918068358,2.3979563982719205e-08,2.3979563982719205e-08,9.029602865105487e-05,2.2495512672010396e-12,2.6080875057832327e-07,4.421030041668682e-07,8.605769096276357e-09,0.9482623904488892,0.0976512388180852,True,133.78185707032824,effective finite-difference proxy,35.42394377286678,60.662338676866796,260.6623386768668,60.662338676866796,-271.45653783367175,246.21814292967176,46.21814292967176,True,True,True,False,False,True,False,True,True,True
resolved_best_prepared,representative_state,1000.0,0.8021313211677201,77.08504218109171,250000000.0,4.567143305406176,440.6623386768668,5.3646516047156325,517.6101918068358,8.335148185829026e-07,8.335148185829026e-07,0.001774467397076098,2.0423680535304937e-10,7.65914583308507e-07,1.1553455098295086e-05,2.5272480454770282e-08,0.9482623904488892,0.0976512388180852,True,134.21566090497086,effective finite-difference proxy,35.42394377286678,60.662338676866796,260.6623386768668,60.662338676866796,-271.02273399902913,245.78433909502914,45.78433909502914,True,True,True,False,False,True,False,True,True,True
resolved_best_prepared,representative_state,1100.0,0.8021313211677201,77.08504218109171,250000000.0,4.567143305406176,440.6623386768668,5.3646516047156325,517.6101918068358,1.7279351411266526e-05,1.7279351411266526e-05,0.022469652522172222,9.610596115797721e-09,1.9332953178272632e-06,0.00018770942441179994,6.379192823569487e-08,0.9482623904488892,0.0976512388180852,True,129.90914973683664,effective finite-difference proxy,35.42394377286678,60.662338676866796,260.6623386768668,60.662338676866796,-275.3292451671634,250.09085026316336,50.09085026316336,True,True,True,False,False,True,False,True,True,True
resolved_best_prepared,representative_state,1200.0,0.8021313211677201,77.08504218109171,239660451.94719768,4.579696869641028,441.87357349139774,5.3646516047156325,517.6101918068358,0.0002150040003089073,0.0002150040003089073,0.19228663949913818,2.679887495247583e-07,4.086094942473678e-06,0.0020887253251217776,1.3482672457276707e-07,0.9482623904488892,0.0976512388180852,True,120.00810939015062,effective finite-difference proxy,36.63517858739772,61.873573491397735,261.87357349139774,61.873573491397735,-285.23028551384937,259.9918906098494,59.99189060984938,True,True,True,False,False,True,False,True,True,True
resolved_best_prepared,representative_state,1300.0,0.8021313211677201,77.08504218109171,216459247.13300806,4.609352405709116,444.7348977382221,5.3646516047156325,517.6101918068358,0.0017114985507678349,0.0017114985507678349,1.168650140999449,4.893830769797967e-06,7.4176655604509685e-06,0.01710979237295929,2.4475680706684047e-07,0.9482623904488892,0.0976512388180852,True,117.65951012939654,effective finite-difference proxy,39.4965028342221,64.73489773822212,264.7348977382221,64.73489773822212,-287.57888477460347,262.34048987060345,62.34048987060346,True,True,True,False,False,True,False,True,True,True
resolved_best_prepared,representative_state,1400.0,0.8021313211677201,77.08504218109171,195932915.72391766,4.637539623405657,447.4545507993049,5.3646516047156325,517.6101918068358,0.0107408005190215,0.0107408005190215,5.646126842794659,6.311507681370718e-05,1.2840775456775868e-05,0.10900068908214486,4.2370031048847075e-07,0.9482623904488892,0.0976512388180852,True,122.8952989035233,effective finite-difference proxy,42.216155895304894,67.45455079930491,267.4545507993049,67.45455079930491,-282.34309600047675,257.1047010964767,57.1047010964767,True,True,True,False,False,True,False,True,True,True
resolved_best_prepared,representative_state,1500.0,0.8021313211677201,77.08504218109171,177745321.9298931,4.664309687285489,450.0374693037127,5.3646516047156325,517.6101918068358,0.055303642539543285,0.055303642539543285,22.55655591438088,0.0006096148982928643,2.1347175076981637e-05,0.5635168018063083,7.043815023956414e-07,0.9482623904488892,0.0976512388180852,True,125.38029522954905,effective finite-difference proxy,44.79907439971271,70.03746930371273,270.0374693037127,70.03746930371273,-279.85809967445095,254.61970477045094,54.61970477045095,True,True,True,False,False,True,False,True,True,True
history_50C,existing_history,950.0,0.6600093452995124,50.001905758193,250000000.0,4.567143305406176,440.6623386768668,5.3646516047156325,517.6101918068358,1.5201110710336712e-07,1.5201110710336712e-07,0.0010119693147292602,2.6395935613195315e-10,,5.742054334204492e-06,0.0,3.2307737149994195e-08,2.6923114291661822e-06,True,,proxy/unidentified,35.42394377286678,60.662338676866796,260.6623386768668,60.662338676866796,,,,True,True,True,False,False,True,False,True,True,True
history_50C,existing_history,1000.0,0.6600605804682091,50.01118037931278,250000000.0,4.567143305406176,440.6623386768668,5.3646516047156325,517.6101918068358,8.335148185829026e-07,8.335148185829026e-07,0.004217306241431575,2.2941298743032023e-09,0.0,2.7453545993084498e-05,0.0,3.453652030724175e-07,2.6088123003050167e-05,True,,proxy/unidentified,35.42394377286678,60.662338676866796,260.6623386768668,60.662338676866796,,,,True,True,True,False,False,True,False,True,True,True
history_50C,existing_history,1050.0,0.6603074977480946,50.05130731817808,250000000.0,4.567143305406176,440.6623386768668,5.3646516047156325,517.6101918068358,4.018804594385145e-06,4.018804594385145e-06,0.015749975099380004,1.69279746697798e-08,1.9115430483309993e-13,0.00011652883776098842,3.2632833236445537e-23,2.7284686440934595e-06,0.0001985920220051,True,,proxy/unidentified,35.42394377286678,60.662338676866796,260.6623386768668,60.662338676866796,,,,True,True,True,False,False,True,False,True,True,True
history_50C,existing_history,1100.0,0.6613672286460809,50.20758371019109,250000000.0,4.567143305406176,440.6623386768668,5.3646516047156325,517.6101918068358,1.7279351411266526e-05,1.7279351411266526e-05,0.05329736449370104,1.0783754099097299e-07,3.181576764863727e-12,0.00044385545341588014,4.315048252579029e-21,1.825508537033371e-05,0.0012938882575203,True,,proxy/unidentified,35.42394377286678,60.662338676866796,260.6623386768668,60.662338676866796,,,,True,True,True,False,False,True,False,True,True,True
history_50C,existing_history,1195.3949665996456,0.6690576539665489,51.216756142765924,250000000.0,4.567143305406176,440.6623386768668,5.3646516047156325,517.6101918068358,0.0002120303770246,0.0002120303770246,0.42185263102563797,2.428509944301257e-06,6.915491928351244e-10,0.0043078652335092485,1.5852293596768688e-17,0.0001459987637312,0.0143116510467198,True,,proxy/unidentified,35.42394377286678,60.662338676866796,260.6623386768668,60.662338676866796,,,,True,True,True,False,False,True,False,True,True,True
history_50C,existing_history,1256.87923764167,0.6987108579391834,54.911294880903206,250000000.0,4.567143305406176,440.6623386768668,5.3646516047156325,517.6101918068358,0.0009041536733186,0.0009041536733186,1.230234148915473,8.726745843342501e-06,1.1687383356097917e-08,0.014222474284698127,4.638319006275221e-15,0.0006554831368902,0.0694540208447917,True,,proxy/unidentified,35.42394377286678,60.662338676866796,260.6623386768668,60.662338676866796,,,,True,True,True,False,False,True,False,True,True,True
history_50C,existing_history,1310.4560230759355,0.7633620108711403,64.3878117424551,227633701.8996972,4.59479933616982,443.3307399903094,5.3646516047156325,517.6101918068358,0.0023833637773468,0.0023833637773468,2.16247379027376,1.2097465219462142e-05,3.463666723514088e-08,0.03039060182786512,1.5561446878230544e-13,0.0020243414372104,0.1481987747701656,True,,proxy/unidentified,38.092345086309365,63.33073999030938,263.3307399903094,63.33073999030938,,,,True,True,True,False,False,True,False,True,True,True
history_50C,existing_history,1362.1487351748456,0.8234001624453942,84.2327069640109,187995559.5609351,4.648998707986403,448.56018438090723,5.3646516047156325,517.6101918068358,0.0047031642510093,0.0047031642510093,2.516295769223317,1.7492680784481666e-05,6.801424714923955e-08,0.04697898947805652,2.0590574629613613e-12,0.0042876073776697,0.2209324721568153,True,,proxy/unidentified,43.32178947690721,68.56018438090723,268.56018438090723,68.56018438090723,,,,True,True,True,False,False,True,False,True,True,True
history_50C,existing_history,1413.3812777995176,0.8621430184564995,121.72270295833918,170379938.09038758,4.675695892389896,451.1360710848355,5.3646516047156325,517.6101918068358,0.0106622464164828,0.0106622464164828,2.474949394213127,3.0696406191517005e-05,1.9005403014792477e-07,0.055631846012067075,1.805789551609286e-11,0.0074582315334303,0.3018205524269268,True,,proxy/unidentified,45.897676180835504,71.13607108483552,271.1360710848355,71.13607108483552,,,,True,True,True,False,False,True,False,True,True,True
history_50C,existing_history,1463.645884967751,0.8871660906182948,186.7199233125877,166056286.95636463,4.682539816167582,451.7964093435521,5.3646516047156325,517.6101918068358,0.0258438521811536,0.0258438521811536,2.18080626803442,5.6946666335091514e-05,6.609990382825806e-07,0.05456494830491027,1.2585004016993274e-10,0.0116519404210158,0.4041273629379808,True,,proxy/unidentified,46.558014439552096,71.79640934355211,271.7964093435521,71.79640934355211,,,,True,True,True,False,False,True,False,True,True,True
history_50C,existing_history,1499.2847729572436,0.9005037465317097,258.4710238006788,168108555.4917649,4.679276073373797,451.48150603612874,5.3646516047156325,517.6101918068358,0.0495277194464679,0.0495277194464679,1.9042041359721162,8.485855371379672e-05,1.7146985976722962e-06,0.04990493311890151,4.669505177186933e-10,0.0153908408965906,0.4909490392894483,True,,proxy/unidentified,46.24311113212872,71.48150603612874,271.48150603612874,71.48150603612874,,,,True,True,True,False,False,True,False,True,True,True
history_5C,existing_history,950.0,0.6600186905990246,50.00381151638597,250000000.0,4.567143305406176,440.6623386768668,5.3646516047156325,517.6101918068358,1.5201110710336712e-07,1.5201110710336712e-07,0.0010119693147292602,2.639666117641202e-10,,5.7418354915451e-06,0.0,1.2923094859997678e-07,5.3846228583323645e-06,True,,proxy/unidentified,35.42394377286678,60.662338676866796,260.6623386768668,60.662338676866796,,,,True,True,True,False,False,True,False,True,True,True
history_5C,existing_history,960.0,0.6600452462339537,50.00909477396817,250000000.0,4.567143305406176,440.6623386768668,5.3646516047156325,517.6101918068358,2.160117599756239e-07,2.160117599756239e-07,0.0013588125655857345,4.1242209454845677e-10,0.0,7.930607590388723e-06,0.0,4.603479996786107e-07,1.3796545577883756e-05,True,,proxy/unidentified,35.42394377286678,60.662338676866796,260.6623386768668,60.662338676866796,,,,True,True,True,False,False,True,False,True,True,True
history_5C,existing_history,970.0,0.6600827616320419,50.01638016646548,250000000.0,4.567143305406176,440.6623386768668,5.3646516047156325,517.6101918068358,3.052280075315988e-07,3.052280075315988e-07,0.0018156730709121068,6.396810093246115e-10,3.487097528044604e-13,1.08961805470549e-05,7.931283897334433e-23,1.10455219689674e-06,2.684185390735113e-05,True,,proxy/unidentified,35.42394377286678,60.662338676866796,260.6623386768668,60.662338676866796,,,,True,True,True,False,False,True,False,True,True,True
history_5C,existing_history,980.0,0.6601354641150763,50.026375599827695,250000000.0,4.567143305406176,440.6623386768668,5.3646516047156325,517.6101918068358,4.289187730115891e-07,4.289187730115891e-07,0.0024145859022130416,9.850723801415964e-10,1.3773326695231328e-12,1.4893526537839577e-05,7.521569114934849e-22,2.230803133860913e-06,4.692717420703937e-05,True,,proxy/unidentified,35.42394377286678,60.662338676866796,260.6623386768668,60.662338676866796,,,,True,True,True,False,False,True,False,True,True,True
history_5C,existing_history,990.0,0.6602090958931819,50.04002128219067,250000000.0,4.567143305406176,440.6623386768668,5.3646516047156325,517.6101918068358,5.994960527402117e-07,5.994960527402117e-07,0.0031960306413801763,1.506262608763915e-09,3.658290895029409e-12,2.0254161728555532e-05,4.038518268088644e-21,4.093961634812062e-06,7.763177738761114e-05,True,,proxy/unidentified,35.42394377286678,60.662338676866796,260.6623386768668,60.662338676866796,,,,True,True,True,False,False,True,False,True,True,True
history_5C,existing_history,1000.0,0.6603114134174695,50.05855993116326,250000000.0,4.567143305406176,440.6623386768668,5.3646516047156325,517.6101918068358,8.335148185829026e-07,8.335148185829026e-07,0.004210884037227882,2.287144088177874e-09,8.165445251313941e-12,2.7406670096196903e-05,1.656362635570482e-20,7.0756735447458214e-06,0.0001242385048753,True,,proxy/unidentified,35.42394377286678,60.662338676866796,260.6623386768668,60.662338676866796,,,,True,True,True,False,False,True,False,True,True,True
history_5C,existing_history,1010.0,0.6604528349573326,50.08362625495293,250000000.0,4.567143305406176,440.6623386768668,5.3646516047156325,517.6101918068358,1.1529472914489456e-06,1.1529472914489456e-06,0.005522730098087421,3.448763457591677e-09,1.653383131176037e-11,3.6901818497052366e-05,5.806678905451896e-20,1.174324192143206e-05,0.0001944833917977,True,,proxy/unidentified,35.42394377286678,60.662338676866796,260.6623386768668,60.662338676866796,,,,True,True,True,False,False,True,False,True,True,True
history_5C,existing_history,1020.0,0.6606472737362078,50.11736035516479,250000000.0,4.567143305406176,440.6623386768668,5.3646516047156325,517.6101918068358,1.5868156186028131e-06,1.5868156186028131e-06,0.007210551856026986,5.164247650780088e-09,3.147624866342213e-11,4.9442880849216265e-05,1.8390452919574856e-19,1.8933590162871826e-05,0.0002996013616891,True,,proxy/unidentified,35.42394377286678,60.662338676866796,260.6623386768668,60.662338676866796,,,,True,True,True,False,False,True,False,True,True,True
history_5C,existing_history,1030.0,0.6609132001123886,50.162550570207,250000000.0,4.567143305406176,440.6623386768668,5.3646516047156325,517.6101918068358,2.173274229785125e-06,2.173274229785125e-06,0.009371805556440838,7.678834010027938e-09,5.744378917289192e-11,6.592163219057271e-05,5.4289072397893415e-19,2.9871720239895328e-05,0.0004557640491392,True,,proxy/unidentified,35.42394377286678,60.662338676866796,260.6623386768668,60.662338676866796,,,,True,True,True,False,False,True,False,True,True,True
history_5C,existing_history,1040.0,0.6612749814158023,50.22281217913161,250000000.0,4.567143305406176,440.6623386768668,5.3646516047156325,517.6101918068358,2.96225391677008e-06,2.96225391677008e-06,0.012125835692372303,1.1336139531507147e-08,1.0165987620329517e-10,8.746011879204236e-05,1.5225572990795697e-18,4.633574996291456e-05,0.0006860217311464,True,,proxy/unidentified,35.42394377286678,60.662338676866796,260.6623386768668,60.662338676866796,,,,True,True,True,False,False,True,False,True,True,True
history_5C,existing_history,1050.0,0.6617645503183736,50.30280921036997,250000000.0,4.567143305406176,440.6623386768668,5.3646516047156325,517.6101918068358,4.018804594385145e-06,4.018804594385145e-06,0.015617518447647149,1.6611541804578504e-08,1.757155073536076e-10,0.00011545764081102108,4.1068146667042784e-18,7.088339669756033e-05,0.0010228660093098,True,,proxy/unidentified,35.42394377286678,60.662338676866796,260.6623386768668,60.662338676866796,,,,True,True,True,False,False,True,False,True,True,True
history_5C,existing_history,1060.0,0.6624234489189371,50.40852714406475,250000000.0,4.567143305406176,440.6623386768668,5.3646516047156325,517.6101918068358,5.427303462235107e-06,5.427303462235107e-06,0.020020908778909968,2.415267229640823e-08,2.979877311026649e-10,0.00015164123506568599,1.0741222238460533e-17,0.0001071569868469,0.0015115067305594,True,,proxy/unidentified,35.42394377286678,60.662338676866796,260.6623386768668,60.662338676866796,,,,True,True,True,False,False,True,False,True,True,True
history_5C,existing_history,1070.0,0.6633052810461637,50.54760419056935,250000000.0,4.567143305406176,440.6623386768668,5.3646516047156325,517.6101918068358,7.296730696242991e-06,7.296730696242991e-06,0.025542496573553234,3.48249826838927e-08,4.972276277671762e-10,0.00019811610559540855,2.7392678523229796e-17,0.000160284311929,0.0022138757780278,True,,proxy/unidentified,35.42394377286678,60.662338676866796,260.6623386768668,60.662338676866796,,,,True,True,True,False,False,True,False,True,True,True
history_5C,existing_history,1080.0,0.6644785718986955,50.729727433942834,250000000.0,4.567143305406176,440.6623386768668,5.3646516047156325,517.6101918068358,9.767256764894883e-06,9.767256764894883e-06,0.032423433153417384,4.975620839284131e-08,8.177355260055179e-10,0.0002574096793043686,6.83775036956491e-17,0.0002373883080381,0.0032131815288451,True,,proxy/unidentified,35.42394377286678,60.662338676866796,260.6623386768668,60.662338676866796,,,,True,True,True,False,False,True,False,True,True,True
history_5C,existing_history,1090.0,0.6660299707777622,50.96709641543037,250000000.0,4.567143305406176,440.6623386768668,5.3646516047156325,517.6101918068358,1.3018435010477018e-05,1.3018435010477018e-05,0.04093975891797256,7.036588491860386e-08,1.3265427925537533e-09,0.0003324990634762076,1.6750939422594838e-16,0.0003482051130796,0.0046184632500935,True,,proxy/unidentified,35.42394377286678,60.662338676866796,260.6623386768668,60.662338676866796,,,,True,True,True,False,False,True,False,True,True,True
history_5C,existing_history,1100.0,0.6680676239708476,51.274949178687066,250000000.0,4.567143305406176,440.6623386768668,5.3646516047156325,517.6101918068358,1.7279351411266526e-05,1.7279351411266526e-05,0.05139925212465498,9.835290767758091e-08,2.1228285141357115e-09,0.0004268066481065842,4.034470428126846e-16,0.0005057805203468,0.0065679289660016,True,,proxy/unidentified,35.42394377286678,60.662338676866796,260.6623386768668,60.662338676866796,,,,True,True,True,False,False,True,False,True,True,True
history_5C,existing_history,1110.0,0.6707243719025002,51.67213256457953,250000000.0,4.567143305406176,440.6623386768668,5.3646516047156325,517.6101918068358,2.2841151734960216e-05,2.2841151734960216e-05,0.06413307564009103,1.3559345778178346e-07,3.3491800281521866e-09,0.0005441429202477021,9.563894153178645e-16,0.0007271595652926,0.0092287946412059,True,,proxy/unidentified,35.42394377286678,60.662338676866796,260.6623386768668,60.662338676866796,,,,True,True,True,False,False,True,False,True,True,True
history_5C,existing_history,1120.0,0.6741601678923217,52.18167845498718,250000000.0,4.567143305406176,440.6623386768668,5.3646516047156325,517.6101918068358,3.0072446043777857e-05,3.0072446043777857e-05,0.07948005036662141,1.8387349281676015e-07,5.202857754479964e-09,0.0006885706876828065,2.2325549883121215e-15,0.0010338929426229,0.0127898577119534,True,,proxy/unidentified,35.42394377286678,60.662338676866796,260.6623386768668,60.662338676866796,,,,True,True,True,False,False,True,False,True,True,True
history_5C,existing_history,1138.0323413358442,0.681272360054711,53.23053019193242,250000000.0,4.567143305406176,440.6623386768668,5.3646516047156325,517.6101918068358,4.8897615421159633e-05,4.8897615421159633e-05,0.11469982226646598,2.9957431687366516e-07,1.2283984479306253e-08,0.0010348329739097572,9.938518012764987e-15,0.0016787019836871,0.0203059640586223,True,,proxy/unidentified,35.42394377286678,60.662338676866796,260.6623386768668,60.662338676866796,,,,True,True,True,False,False,True,False,True,True,True
history_5C,existing_history,1150.5476762900016,0.6885104564394358,54.300463848790265,250000000.0,4.567143305406176,440.6623386768668,5.3646516047156325,517.6101918068358,6.802533188813332e-05,6.802533188813332e-05,0.1452403363105143,3.959882204930602e-07,2.0731562395350275e-08,0.001347229200056291,2.7437510918139122e-14,0.0023559751122589,0.0277880835954388,True,,proxy/unidentified,35.42394377286678,60.662338676866796,260.6623386768668,60.662338676866796,,,,True,True,True,False,False,True,False,True,True,True
history_5C,existing_history,1164.569343730111,0.6995031671986607,55.94582220387245,250000000.0,4.567143305406176,440.6623386768668,5.3646516047156325,517.6101918068358,9.780161569554428e-05,9.780161569554428e-05,0.18529860982280819,5.034970414736554e-07,3.462271905306645e-08,0.0017722027456276764,8.279457641248055e-14,0.0034189670517676,0.0383870346311239,True,,proxy/unidentified,35.42394377286678,60.662338676866796,260.6623386768668,60.662338676866796,,,,True,True,True,False,False,True,False,True,True,True
history_5C,existing_history,1175.5365622033603,0.7105598634776628,57.641036562471996,250000000.0,4.567143305406176,440.6623386768668,5.3646516047156325,517.6101918068358,0.0001292844871502,0.0001292844871502,0.2203734829015777,5.760162099746935e-07,4.880749740420802e-08,0.0021579555698396924,1.8989278236350138e-13,0.0045172677999223,0.0479606651013261,True,,proxy/unidentified,35.42394377286678,60.662338676866796,260.6623386768668,60.662338676866796,,,,True,True,True,False,False,True,False,True,True,True
history_5C,existing_history,1187.4673955483076,0.725236378791986,59.98149378746497,250000000.0,4.567143305406176,440.6623386768668,5.3646516047156325,517.6101918068358,0.0001743126312346,0.0001743126312346,0.261181658197331,6.410345620413211e-07,6.700388454919624e-08,0.002623137192173234,4.5224062778339774e-13,0.0060076550297147,0.0591507677646891,True,,proxy/unidentified,35.42394377286678,60.662338676866796,260.6623386768668,60.662338676866796,,,,True,True,True,False,False,True,False,True,True,True
history_5C,existing_history,1199.7631336918143,0.7431859564960452,63.0411527906364,250000000.0,4.567143305406176,440.6623386768668,5.3646516047156325,517.6101918068358,0.0002359830119744,0.0002359830119744,0.30446017530243374,6.913779414715496e-07,8.798915939896073e-08,0.003137501644401005,1.07087778851558e-12,0.0078810065785416,0.0709836151155043,True,,proxy/unidentified,35.42394377286678,60.662338676866796,260.6623386768668,60.662338676866796,,,,True,True,True,False,False,True,False,True,True,True
history_5C,existing_history,1210.2236253335254,0.7603493524901886,66.25688515284851,250000000.0,4.567143305406176,440.6623386768668,5.3646516047156325,517.6101918068358,0.0003041448413501,0.0003041448413501,0.3406220581522514,7.197730174507813e-07,1.0710782486981565e-07,0.003586833435280636,2.1807954646154263e-12,0.0097440572207982,0.0808568725654292,True,,proxy/unidentified,35.42394377286678,60.662338676866796,260.6623386768668,60.662338676866796,,,,True,True,True,False,False,True,False,True,True,True
history_5C,existing_history,1221.194255472422,0.7789735009287669,70.3330187058049,242105381.97170183,4.576693649895713,441.58380683683174,5.3646516047156325,517.6101918068358,0.0003671028108983,0.0003671028108983,0.3643469375555083,7.429815381063612e-07,1.2335328390573477e-07,0.004051479624871396,4.312421752474814e-12,0.0119556143944936,0.0907373203529064,True,,proxy/unidentified,36.34541193283172,61.58380683683174,261.58380683683174,61.58380683683174,,,,True,True,True,False,False,True,False,True,True,True
history_5C,existing_history,1232.573945607921,0.7965550866005485,75.40651577489706,229920954.5789644,4.591883791720846,443.04943271583,5.3646516047156325,517.6101918068358,0.0004271678607446,0.0004271678607446,0.376426461172219,7.855652430562055e-07,1.3964574951767657e-07,0.004509895845160104,8.302907185934808e-12,0.0145128719842903,0.1005394039005818,True,,proxy/unidentified,37.811037811829976,63.049432715829994,263.04943271583,63.049432715829994,,,,True,True,True,False,False,True,False,True,True,True
history_5C,existing_history,1242.8796909680036,0.8107232332819553,80.84599134148206,220792656.04386,4.6036465377713585,444.18436517519575,5.3646516047156325,517.6101918068358,0.0004965629044431,0.0004965629044431,0.38391525795162007,8.461891124005932e-07,1.6028092348559567e-07,0.004889108562567643,1.4705267708533553e-11,0.0170506658516345,0.1092649156135033,True,,proxy/unidentified,38.94597027119573,64.18436517519575,264.18436517519575,64.18436517519575,,,,True,True,True,False,False,True,False,True,True,True
history_5C,existing_history,1253.7087313255488,0.8238607146286325,87.54462384727356,212976484.6029448,4.613997441232118,445.18307553338343,5.3646516047156325,517.6101918068358,0.0005893187771581,0.0005893187771581,0.3883352403083333,9.334588367360086e-07,1.9109031899289304e-07,0.0052373612894280495,2.6191256624792045e-11,0.0199419927497967,0.1185056742496573,True,,proxy/unidentified,39.94468062938341,65.18307553338343,265.18307553338343,65.18307553338343,,,,True,True,True,False,False,True,False,True,True,True
history_5C,existing_history,1263.7882235115271,0.8346162906066315,94.79828297470809,207158911.0727067,4.621878247754324,445.9434577680781,5.3646516047156325,517.6101918068358,0.0006988546170651,0.0006988546170651,0.3894338454886398,1.0386700216366356e-06,2.3139731748450716e-07,0.0055066483544032405,4.392309690320324e-11,0.0228421008928224,0.1273495240162065,True,,proxy/unidentified,40.70506286407806,65.94345776807808,265.9434577680781,65.94345776807808,,,,True,True,True,False,False,True,False,True,True,True
history_5C,existing_history,1274.4581404639152,0.8446567837262856,103.67948596520286,202323878.23001748,4.628548226053339,446.5870128395138,5.3646516047156325,517.6101918068358,0.0008455821427927,0.0008455821427927,0.3876379537659654,1.1793451668698893e-06,2.908590757420498e-07,0.005728681319929767,7.453745495709226e-11,0.0261378636330356,0.137146315842561,True,,proxy/unidentified,41.3486179355138,66.58701283951382,266.5870128395138,66.58701283951382,,,,True,True,True,False,False,True,False,True,True,True
history_5C,existing_history,1284.5886190368235,0.8531050621097838,113.39272687962725,198799802.2793833,4.633481030226487,447.06295608845926,5.3646516047156325,517.6101918068358,0.0010214572696381,0.0010214572696381,0.3833406401414824,1.3445243057028184e-06,3.692017871055663e-07,0.005877839312997119,1.213696099021748e-10,0.0294914861972721,0.1470235905174421,True,,proxy/unidentified,41.82456118445924,67.06295608845926,267.06295608845926,67.06295608845926,,,,True,True,True,False,False,True,False,True,True,True
history_5C,existing_history,1295.3606904862254,0.8611240811094207,125.25611497194605,196007094.45536244,4.637434084720455,447.44436786421124,5.3646516047156325,517.6101918068358,0.0012573926940772,0.0012573926940772,0.3762954468492501,1.5577757984893938e-06,4.849176185295084e-07,0.005971877738444898,2.012515035628153e-10,0.0333116166213394,0.1583061475109453,True,,proxy/unidentified,42.20597296021123,67.44436786421124,267.44436786421124,67.44436786421124,,,,True,True,True,False,False,True,False,True,True,True
history_5C,existing_history,1305.7375863201437,0.8680684593520531,138.36067594106123,194102474.53279245,4.640152860230016,447.70668982221997,5.3646516047156325,517.6101918068358,0.0015442696864435,0.0015442696864435,0.36742291186243164,1.803965255928967e-06,6.402296344063217e-07,0.006003112180670347,3.2426951139400556e-10,0.0372562758970396,0.1700800298069093,True,,proxy/unidentified,42.468294918219954,67.70668982221997,267.70668982221997,67.70668982221997,,,,True,True,True,False,False,True,False,True,True,True
history_5C,existing_history,1315.8045147883695,0.8741957636474539,152.83626393134597,192885044.46306953,4.641900541499447,447.87531542994674,5.3646516047156325,517.6101918068358,0.0018924210435437,0.0018924210435437,0.35718460490428305,2.085496343367936e-06,8.480622091378488e-07,0.005982540018068094,5.110335483720627e-10,0.0413498231656304,0.1824759698283944,True,,proxy/unidentified,42.63692052594672,67.87531542994674,267.87531542994674,67.87531542994674,,,,True,True,True,False,False,True,False,True,True,True
history_5C,existing_history,1326.5942101350497,0.8802035666565331,170.51458189078878,192179584.63731813,4.642916814524181,447.9733708702662,5.3646516047156325,517.6101918068358,0.0023611159822723,0.0023611159822723,0.3447817365153258,2.4391842656917005e-06,1.1579867641748964e-06,0.005911031574150617,8.259857085085721e-10,0.046051647428611,0.1969508546777048,True,,proxy/unidentified,42.73497596626618,67.9733708702662,267.9733708702662,67.9733708702662,,,,True,True,True,False,False,True,False,True,True,True
history_5C,existing_history,1337.1459148838494,0.8856048408789787,190.23772166042403,192021378.0119376,4.643145083888884,447.99539551573304,5.3646516047156325,517.6101918068358,0.0029393258700644,0.0029393258700644,0.3315606698590549,2.8418676485059783e-06,1.5830296096480358e-06,0.005798219531747599,1.3124026206752815e-09,0.0509892100938318,0.2124043228632083,True,,proxy/unidentified,42.75700061173302,67.99539551573304,267.99539551573304,67.99539551573304,,,,True,True,True,False,False,True,False,True,True,True
history_5C,existing_history,1347.5059307465372,0.8905180470391483,212.24220439826203,192330728.9554494,4.642698858320604,447.95234129357567,5.3646516047156325,517.6101918068358,0.0036519881032814,0.0036519881032814,0.3178348844396879,3.2948398461295864e-06,2.1646045364325127e-06,0.005652655860114167,2.055865067809479e-09,0.0561890379796086,0.2289047104472932,True,,proxy/unidentified,42.71394638957565,67.95234129357567,267.95234129357567,67.95234129357567,,,,True,True,True,False,False,True,False,True,True,True
history_5C,existing_history,1357.709842687475,0.8950293928320676,236.7919092736111,193058487.3484102,4.641651082856682,447.8512463299485,5.3646516047156325,517.6101918068358,0.0045300099677278,0.0045300099677278,0.30386082295790084,3.79620378059784e-06,2.9581889465547844e-06,0.005481516695019638,3.181325587688823e-09,0.0616758242655342,0.2464787597808286,True,,proxy/unidentified,42.61285142594846,67.85124632994848,267.8512463299485,67.85124632994848,,,,True,True,True,False,False,True,False,True,True,True
history_5C,existing_history,1367.785712801167,0.8992030994085066,264.1812379230134,194179837.44338307,4.640042062667831,447.6959994826342,5.3646516047156325,517.6101918068358,0.0056119921274835,0.0056119921274835,0.28985249697752874,4.338745236481995e-06,4.037400667533376e-06,0.005290859763792909,4.869166698170764e-09,0.067471936058774,0.2651000296397382,True,,proxy/unidentified,42.457604578634175,67.69599948263419,267.6959994826342,67.69599948263419,,,,True,True,True,False,False,True,False,True,True,True
history_5C,existing_history,1378.6582963322026,0.9034282938780188,297.6860313829006,195848187.30358487,4.637660206206003,447.46618527084456,5.3646516047156325,517.6101918068358,0.0070825044941224,0.0070825044941224,0.27474522664409423,4.958567337056902e-06,5.654651930176702e-06,0.005066639880351617,7.656361497344957e-09,0.0741702441084282,0.2864931499529721,True,,proxy/unidentified,42.227790366844545,67.46618527084456,267.46618527084456,67.46618527084456,,,,True,True,True,False,False,True,False,True,True,True
history_5C,existing_history,1389.431184801399,0.9073586816740452,335.44007128290355,198002908.130132,4.6346050162828005,447.17140425640457,5.3646516047156325,517.6101918068358,0.0089357994049411,0.0089357994049411,0.2600205004900964,5.567924406209933e-06,7.891232715591302e-06,0.004831032933286822,1.1896179784514521e-08,0.0812788624023754,0.3087638799564196,True,,proxy/unidentified,41.933009352404554,67.17140425640457,267.17140425640457,67.17140425640457,,,,True,True,True,False,False,True,False,True,True,True
history_5C,existing_history,1400.1299988078558,0.9110334003593452,377.98226843082796,200693753.7117045,4.63082238224071,446.80643555455265,5.3646516047156325,517.6101918068358,0.0112811578825401,0.0112811578825401,0.24586976310680717,6.092477311518507e-06,1.0959315046225545e-05,0.0045891353103350635,1.8260506635931666e-08,0.0888107443880015,0.331478846141047,True,,proxy/unidentified,41.56804065055263,66.80643555455265,266.80643555455265,66.80643555455265,,,,True,True,True,False,False,True,False,True,True,True
history_5C,existing_history,1410.789966384913,0.9144872633617008,425.91988101391803,203997654.5941172,4.626226600560998,446.3630100328194,5.3646516047156325,517.6101918068358,0.014269276638348,0.014269276638348,0.23249713658667526,6.403652860199492e-06,1.5126112211226395e-05,0.004346076792797441,2.7674069548611725e-08,0.0967756582888481,0.3539593638677837,True,,proxy/unidentified,41.12461512881936,66.36301003281937,266.3630100328194,66.36301003281937,,,,True,True,True,False,False,True,False,True,True,True
history_5C,existing_history,1421.4788374535,0.9177590856949304,479.93718275731305,208013367.4207005,4.620711003520392,445.83083582049807,5.3646516047156325,517.6101918068358,0.0181190863267409,0.0181190863267409,0.22017594897137932,6.302445377957848e-06,2.071722465265071e-05,0.004108369383618103,4.1375857928284044e-08,0.1051952184628289,0.375216562438148,True,,proxy/unidentified,40.59244091649805,65.83083582049807,265.83083582049807,65.83083582049807,,,,True,True,True,False,False,True,False,True,True,True
history_5C,existing_history,1432.3485315062608,0.920906265259028,540.8052304219619,212842663.4556927,4.614176995217019,445.20039985925064,5.3646516047156325,517.6101918068358,0.0231753204576582,0.0231753204576582,0.2093614797869831,5.558900692087651e-06,2.8114379605529545e-05,0.0038865446911700045,6.099317127669143e-08,0.1141451000542732,0.3939501954770464,True,,proxy/unidentified,39.96200495525062,65.20039985925064,265.20039985925064,65.20039985925064,,,,True,True,True,False,False,True,False,True,True,True
history_5C,existing_history,1442.748358051358,0.9237639962767672,603.3592772928257,218040374.38458377,4.607261159923731,444.53312319406774,5.3646516047156325,517.6101918068358,0.0293750101304017,0.0293750101304017,0.20146590972313608,4.2571445423680785e-06,3.6847587567222424e-05,0.0037129172802376005,8.598349120966056e-08,0.1229924843959756,0.4077105053989791,True,,proxy/unidentified,39.294728290067724,64.53312319406774,264.53312319406774,64.53312319406774,,,,True,True,True,False,False,True,False,True,True,True
history_5C,existing_history,1452.950428329993,0.9264367977200012,666.4840072697694,223400662.26897076,4.600250931641667,443.85673899001256,5.3646516047156325,517.6101918068358,0.0370191785491434,0.0370191785491434,0.1968416268297809,2.8094798105103414e-06,4.6710870257587244e-05,0.003599138183409283,1.1634729120746602e-07,0.1318415124907603,0.4167295589382407,True,,proxy/unidentified,38.61834408601254,63.85673899001256,263.85673899001256,63.85673899001256,,,,True,True,True,False,False,True,False,True,True,True
history_5C,existing_history,1463.1199793050705,0.9289835771204504,728.9237432306033,228722502.98296043,4.59340884548997,443.19657803524973,5.3646516047156325,517.6101918068358,0.0464469653561894,0.0464469653561894,0.1955949880321788,1.643348389764883e-06,5.736003675703613e-05,0.0035500901231981965,1.5150605605983014e-07,0.1407233746500256,0.4219948361210955,True,,proxy/unidentified,37.95818313124971,63.19657803524973,263.19657803524973,63.19657803524973,,,,True,True,True,False,False,True,False,True,True,True
history_5C,existing_history,1473.1800561379837,0.9313948852103352,789.3199632487797,233881506.84528783,4.58688409506839,442.5670353238019,5.3646516047156325,517.6101918068358,0.0578888463216838,0.0578888463216838,0.1973554227095804,8.974757289788188e-07,6.83179739350209e-05,0.0035589895401220476,1.9005389712015913e-07,0.1494807545682248,0.4247718144269392,True,,proxy/unidentified,37.3286404198019,62.56703532380192,262.5670353238019,62.56703532380192,,,,True,True,True,False,False,True,False,True,True,True
history_5C,existing_history,1484.2739669445823,0.9339366578871108,854.720415090051,239570451.73831087,4.579807841330311,441.88428063169454,5.3646516047156325,517.6101918068358,0.0735275232256559,0.0735275232256559,0.20208923543472243,4.3925225601063344e-07,8.063725998778263e-05,0.003619920338892748,2.359260603355935e-07,0.1590377178365434,0.4262667982702976,True,,proxy/unidentified,36.64588572769452,61.88428063169454,261.88428063169454,61.88428063169454,,,,True,True,True,False,False,True,False,True,True,True
history_5C,existing_history,1494.7723618618938,0.9362353681981176,916.3759731856218,245161265.0775736,4.57297055640497,441.2245829248513,5.3646516047156325,517.6101918068358,0.092030411518458,0.092030411518458,0.20871042535321538,2.1739922765618637e-07,9.238941400844868e-05,0.0037129788702110894,2.8182344860136685e-07,0.1679539033542137,0.4269124839324881,True,,proxy/unidentified,35.98618802085127,61.22458292485129,261.2245829248513,61.22458292485129,,,,True,True,True,False,False,True,False,True,True,True
history_5C,existing_history,1499.4709761665504,0.9370101360405384,937.9048593667856,247784231.3683982,4.569801526540029,440.9188180258238,5.3646516047156325,517.6101918068358,0.1017408777680656,0.1017408777680656,0.21224840512960985,1.571092903708936e-07,9.801384101990949e-05,0.003787993361637574,3.0295575796135997e-07,0.1710182071627335,0.4270399207928702,True,,proxy/unidentified,35.680423121823765,60.91881802582378,260.9188180258238,60.91881802582378,,,,True,True,True,False,False,True,False,True,True,True
history_high_T2,existing_history,950.0,0.660093452995123,50.019057581929815,250000000.0,4.567143305406176,440.6623386768668,5.3646516047156325,517.6101918068358,1.5201110710336712e-07,1.5201110710336712e-07,0.0010119693147292602,2.640246711843343e-10,,5.740085350609265e-06,0.0,3.230773714999418e-06,2.692311429166182e-05,True,,proxy/unidentified,35.42394377286678,60.662338676866796,260.6623386768668,60.662338676866796,,,,True,True,True,False,False,True,False,True,True,True
history_high_T2,existing_history,1300.0,0.891493454563414,213.79505971445482,201561977.9790776,4.629609522173089,446.68941234810904,5.3646516047156325,517.6101918068358,0.001473941981236,0.001473941981236,0.14431272557442332,9.26207113194679e-07,1.6279021101613068e-06,0.0022465237330150404,2.097165212029422e-09,0.0688338562449602,0.2371905585562121,True,,proxy/unidentified,41.45101744410903,66.68941234810904,266.68941234810904,66.68941234810904,,,,True,True,True,False,False,True,False,True,True,True
history_high_T2,existing_history,1300.0,0.9178516505699698,442.0363168685855,224267875.5315255,4.599128098588639,443.7484020699721,5.3646516047156325,517.6101918068358,0.0018455735290151,0.0018455735290151,0.037561464285216575,3.8113943748835505e-07,1.533238733788539e-05,0.0005255214397942952,9.308787552119433e-08,0.281199710605661,0.3195964569606073,True,,proxy/unidentified,38.51000716597207,63.74840206997209,263.7484020699721,63.74840206997209,,,,True,True,True,False,False,True,False,True,True,True
history_high_T2,existing_history,1300.0,0.9277106080038882,601.7561519313664,238706759.326666,4.580874316807134,441.9871798722771,5.3646516047156325,517.6101918068358,0.0021115898809325,0.0021115898809325,0.021573220758448218,1.896927883832082e-07,3.35183246362321e-05,0.0002835732523299955,3.416327907596276e-07,0.4799543155341493,0.3489224732856554,True,,proxy/unidentified,36.74878496827711,61.987179872277125,261.9871798722771,61.987179872277125,,,,True,True,True,False,False,True,False,True,True,True
history_high_T2,existing_history,1300.0,0.9350915433106952,734.2568630640689,250000000.0,4.567143305406176,440.6623386768668,5.3646516047156325,517.6101918068358,0.0023366762499213,0.0023366762499213,0.015175231609080641,8.157202957549128e-08,4.612005177593317e-05,0.00019046286502430454,5.842974026459348e-07,0.634015097158244,0.3600137166277043,True,,proxy/unidentified,35.42394377286678,60.662338676866796,260.6623386768668,60.662338676866796,,,,True,True,True,False,False,True,False,True,True,True
history_high_T2,existing_history,1300.0,0.9411663128576258,844.0093299848949,250000000.0,4.567143305406176,440.6623386768668,5.3646516047156325,517.6101918068358,0.0023366762499213,0.0023366762499213,0.011485155040985951,3.708429878128535e-08,5.047469374598482e-05,0.00014414907071636076,6.883334549118827e-07,0.7362631994652623,0.3633156853319367,True,,proxy/unidentified,35.42394377286678,60.662338676866796,260.6623386768668,60.662338676866796,,,,True,True,True,False,False,True,False,True,True,True
history_high_T2,existing_history,1300.0,0.9480632256286364,970.1669605495999,250000000.0,4.567143305406176,440.6623386768668,5.3646516047156325,517.6101918068358,0.0023366762499213,0.0023366762499213,0.008692373844004635,1.3717284730008188e-08,5.212902181690735e-05,0.00010909714387494278,7.161694702638612e-07,0.8219527967521874,0.3639953031058302,True,,proxy/unidentified,35.42394377286678,60.662338676866796,260.6623386768668,60.662338676866796,,,,True,True,True,False,False,True,False,True,True,True
history_high_T2,existing_history,1300.0,0.9527772185090262,1058.6366050687934,250000000.0,4.567143305406176,440.6623386768668,5.3646516047156325,517.6101918068358,0.0023366762499213,0.0023366762499213,0.007288781472810851,6.655249826734203e-09,5.204411924972927e-05,9.155271365266345e-05,6.948303157173894e-07,0.8642764381918164,0.3635494835388748,True,,proxy/unidentified,35.42394377286678,60.662338676866796,260.6623386768668,60.662338676866796,,,,True,True,True,False,False,True,False,True,True,True
history_high_T2,existing_history,1300.0,0.956165851844576,1124.2609326798156,250000000.0,4.567143305406176,440.6623386768668,5.3646516047156325,517.6101918068358,0.0023366762499213,0.0023366762499213,0.006450187618609605,3.888214442674174e-09,5.160962451720735e-05,8.109792036503726e-05,6.65880469623208e-07,0.888142048625421,0.3629788037534358,True,,proxy/unidentified,35.42394377286678,60.662338676866796,260.6623386768668,60.662338676866796,,,,True,True,True,False,False,True,False,True,True,True
history_high_T2,existing_history,1300.0,0.9592918443166052,1186.8256027246964,250000000.0,4.567143305406176,440.6623386768668,5.3646516047156325,517.6101918068358,0.0023366762499213,0.0023366762499213,0.005779044140890703,2.351032131214642e-09,5.106115778759152e-05,7.271629831674269e-05,6.324369490213317e-07,0.9061528864348198,0.3623204543499504,True,,proxy/unidentified,35.42394377286678,60.662338676866796,260.6623386768668,60.662338676866796,,,,True,True,True,False,False,True,False,True,True,True
history_high_T2,existing_history,1300.0,0.9621801054072012,1246.772438319933,250000000.0,4.567143305406176,440.6623386768668,5.3646516047156325,517.6101918068358,0.0023366762499213,0.0023366762499213,0.0052299560963185426,1.468336815586607e-09,5.046646967711579e-05,6.584950155185616e-05,5.972058289413967e-07,0.9199393374217832,0.3616177667288132,True,,proxy/unidentified,35.42394377286678,60.662338676866796,260.6623386768668,60.662338676866796,,,,True,True,True,False,False,True,False,True,True,True
history_high_T2,existing_history,1300.0,0.964851240033366,1304.433798178681,250000000.0,4.567143305406176,440.6623386768668,5.3646516047156325,517.6101918068358,0.0023366762499213,0.0023366762499213,0.004772656309684795,9.450266780682368e-10,4.9837629271782296e-05,6.012411556253041e-05,5.615323236840754e-07,0.9306598059449888,0.3608921671268831,True,,proxy/unidentified,35.42394377286678,60.662338676866796,260.6623386768668,60.662338676866796,,,,True,True,True,False,False,True,False,True,True,True
history_high_T2,existing_history,1300.0,0.9673232256623568,1360.0670992869032,250000000.0,4.567143305406176,440.6623386768668,5.3646516047156325,517.6101918068358,0.0023366762499213,0.0023366762499213,0.004386155188182234,6.253135727127511e-10,4.9206585476749e-05,5.5280546169702685e-05,5.26542552888179e-07,0.9391382121109724,0.3601546361934321,True,,proxy/unidentified,35.42394377286678,60.662338676866796,260.6623386768668,60.662338676866796,,,,True,True,True,False,False,True,False,True,True,True
history_high_T2,existing_history,1300.0,0.9696124608873486,1413.8773918797724,250000000.0,4.567143305406176,440.6623386768668,5.3646516047156325,517.6101918068358,0.0023366762499213,0.0023366762499213,0.0040554184097901045,4.244436994055376e-10,4.8580353494360396e-05,5.113246708176072e-05,4.927493922272168e-07,0.9459613611266608,0.359410995142943,True,,proxy/unidentified,35.42394377286678,60.662338676866796,260.6623386768668,60.662338676866796,,,,True,True,True,False,False,True,False,True,True,True
history_high_T2,existing_history,1300.0,0.9717340707026542,1466.0326469647619,250000000.0,4.567143305406176,440.6623386768668,5.3646516047156325,517.6101918068358,0.0023366762499213,0.0023366762499213,0.0037693803335490583,2.9492548866555336e-10,4.799054129639007e-05,4.754249854207458e-05,4.6069292326885466e-07,0.9515484307057928,0.3586644287517248,True,,proxy/unidentified,35.42394377286678,60.662338676866796,260.6623386768668,60.662338676866796,,,,True,True,True,False,False,True,False,True,True,True
history_high_T2,existing_history,1300.0,0.9737017324649486,1516.6738582281876,250000000.0,4.567143305406176,440.6623386768668,5.3646516047156325,517.6101918068358,0.0023366762499213,0.0023366762499213,0.003519708083737096,2.0938666490219612e-10,4.7419960444965395e-05,4.440703582677244e-05,4.302910593482594e-07,0.9562019427371308,0.3579167307661056,True,,proxy/unidentified,35.42394377286678,60.662338676866796,260.6623386768668,60.662338676866796,,,,True,True,True,False,False,True,False,True,True,True
history_high_T2,existing_history,1300.0,0.9755277647144824,1565.9215433499062,250000000.0,4.567143305406176,440.6623386768668,5.3646516047156325,517.6101918068358,0.0023366762499213,0.0023366762499213,0.003300004708600372,1.516269961700749e-10,4.688966456030793e-05,4.1646445844015116e-05,4.01758054224811e-07,0.9601412921689148,0.3571689387542516,True,,proxy/unidentified,35.42394377286678,60.662338676866796,260.6623386768668,60.662338676866796,,,,True,True,True,False,False,True,False,True,True,True
history_high_T2,existing_history,1300.0,0.977223141229027,1613.8800415456642,250000000.0,4.567143305406176,440.6623386768668,5.3646516047156325,517.6101918068358,0.0023366762499213,0.0023366762499213,0.003105278462558737,1.1181744684927168e-10,4.6372455845791e-05,3.919852164728974e-05,3.748408358401999e-07,0.9635278031940668,0.3564216676512739,True,,proxy/unidentified,35.42394377286678,60.662338676866796,260.6623386768668,60.662338676866796,,,,True,True,True,False,False,True,False,True,True,True
history_high_T2,existing_history,1300.0,0.9787977762942855,1660.6404833001882,250000000.0,4.567143305406176,440.6623386768668,5.3646516047156325,517.6101918068358,0.0023366762499213,0.0023366762499213,0.00293157842277645,8.385455286067927e-11,4.588779371591835e-05,3.701398124886184e-05,3.4966752065525885e-07,0.9664798850629778,0.355675290013077,True,,proxy/unidentified,35.42394377286678,60.662338676866796,260.6623386768668,60.662338676866796,,,,True,True,True,False,False,True,False,True,True,True
history_high_T2,existing_history,1300.0,0.980260628104172,1706.283052265923,250000000.0,4.567143305406176,440.6623386768668,5.3646516047156325,517.6101918068358,0.0023366762499213,0.0023366762499213,0.0027757380321923758,6.386527927208071e-11,4.540907811561736e-05,3.505329309773839e-05,3.259843065367776e-07,0.9690857619760204,0.354930036023297,True,,proxy/unidentified,35.42394377286678,60.662338676866796,260.6623386768668,60.662338676866796,,,,True,True,True,False,False,True,False,True,True,True
history_high_T2,existing_history,1300.0,0.981619935656004,1750.8787662680356,250000000.0,4.567143305406176,440.6623386768668,5.3646516047156325,517.6101918068358,0.0023366762499213,0.0023366762499213,0.0026351905522553425,4.934170226097907e-11,4.4958666040710695e-05,3.3284389832414676e-05,3.038995412433202e-07,0.971410642950504,0.3541860503548238,True,,proxy/unidentified,35.42394377286678,60.662338676866796,260.6623386768668,60.662338676866796,,,,True,True,True,False,False,True,False,True,True,True
history_high_T2,existing_history,1300.0,0.9828832543892556,1794.4909689525036,250000000.0,4.567143305406176,440.6623386768668,5.3646516047156325,517.6101918068358,0.0023366762499213,0.0023366762499213,0.0025078340714242545,3.8628892162646424e-11,4.451172323043226e-05,3.168099300091109e-05,2.831762471797268e-07,0.973503861716058,0.3534434252475921,True,,proxy/unidentified,35.42394377286678,60.662338676866796,260.6623386768668,60.662338676866796,,,,True,True,True,False,False,True,False,True,True,True
history_high_T2,existing_history,1300.0,0.984057601161451,1837.1765399343592,250000000.0,4.567143305406176,440.6623386768668,5.3646516047156325,517.6101918068358,0.0023366762499213,0.0023366762499213,0.0023919311444549132,3.0615360124131915e-11,4.409240147549403e-05,3.0221367301786202e-05,2.639016842885083e-07,0.9754023021090076,0.3527022201658319,True,,proxy/unidentified,35.42394377286678,60.662338676866796,260.6623386768668,60.662338676866796,,,,True,True,True,False,False,True,False,True,True,True
history_high_T2,existing_history,1300.0,0.9851494409243594,1878.9869121387148,250000000.0,4.567143305406176,440.6623386768668,5.3646516047156325,517.6101918068358,0.0023366762499213,0.0023366762499213,0.002286033325397079,2.454220752588924e-11,4.367624304223751e-05,2.888738215930245e-05,2.458514810872661e-07,0.9771346284264052,0.3519624737150272,True,,proxy/unidentified,35.42394377286678,60.662338676866796,260.6623386768668,60.662338676866796,,,,True,True,True,False,False,True,False,True,True,True
history_high_T2,existing_history,1300.0,0.9861647848275752,1919.9688755665632,250000000.0,4.567143305406176,440.6623386768668,5.3646516047156325,517.6101918068358,0.0023366762499213,0.0023366762499213,0.0021889236262067607,1.9883233249596094e-11,4.328769661863281e-05,2.7663796381827613e-05,2.2909214556815563e-07,0.9787227390102652,0.3512242110022388,True,,proxy/unidentified,35.42394377286678,60.662338676866796,260.6623386768668,60.662338676866796,,,,True,True,True,False,False,True,False,True,True,True
history_high_T2,existing_history,1300.0,0.9871091671616434,1960.1652448620123,250000000.0,4.567143305406176,440.6623386768668,5.3646516047156325,517.6101918068358,0.0023366762499213,0.0023366762499213,0.002099572252882454,1.626828763398131e-11,4.290186226962096e-05,2.653770677660465e-05,2.1341415004633167e-07,0.9801843449832712,0.3504874482619838,True,,proxy/unidentified,35.42394377286678,60.662338676866796,260.6623386768668,60.662338676866796,,,,True,True,True,False,False,True,False,True,True,True
history_high_T2,existing_history,1300.0,0.9879877268380404,1999.6153730449423,250000000.0,4.567143305406176,440.6623386768668,5.3646516047156325,517.6101918068358,0.0023366762499213,0.0023366762499213,0.0020171020990954677,1.3433452223060616e-11,4.2542906940500165e-05,2.5498118614415492e-05,1.988695182021431e-07,0.9815333772390944,0.3497521958113586,True,,proxy/unidentified,35.42394377286678,60.662338676866796,260.6623386768668,60.662338676866796,,,,True,True,True,False,False,True,False,True,True,True
history_high_T2,existing_history,1300.0,0.988805189631192,2038.355583011272,250000000.0,4.567143305406176,440.6623386768668,5.3646516047156325,517.6101918068358,0.0023366762499213,0.0023366762499213,0.0019407616570781944,1.118815249500131e-11,4.218545239257551e-05,2.4535607629637362e-05,1.852678612522113e-07,0.9827816295978262,0.3490184599669359,True,,proxy/unidentified,35.42394377286678,60.662338676866796,260.6623386768668,60.662338676866796,,,,True,True,True,False,False,True,False,True,True,True
history_high_T2,existing_history,1300.0,0.9895659414086126,2076.419497427918,250000000.0,4.567143305406176,440.6623386768668,5.3646516047156325,517.6101918068358,0.0023366762499213,0.0023366762499213,0.001869903469603439,9.39312571025078e-12,4.185340029164658e-05,2.3642051491061908e-05,1.7265269632620124e-07,0.9839386535047924,0.3482862443061809,True,,proxy/unidentified,35.42394377286678,60.662338676866796,260.6623386768668,60.662338676866796,,,,True,True,True,False,False,True,False,True,True,True
history_high_T2,existing_history,1300.0,0.990274016070318,2113.838328081852,250000000.0,4.567143305406176,440.6623386768668,5.3646516047156325,517.6101918068358,0.0023366762499213,0.0023366762499213,0.0018039669045471472,7.945458335546416e-12,4.152117355218686e-05,2.2810414543980625e-05,1.6085488485811438e-07,0.9850128820296864,0.3475555505088112,True,,proxy/unidentified,35.42394377286678,60.662338676866796,260.6623386768668,60.662338676866796,,,,True,True,True,False,False,True,False,True,True,True
history_high_T2,existing_history,1300.0,0.990933160475152,2150.6411001068186,250000000.0,4.567143305406176,440.6623386768668,5.3646516047156325,517.6101918068358,0.0023366762499213,0.0023366762499213,0.0017424642043819953,6.768290133484579e-12,4.1212585014981714e-05,2.2034573803511432e-05,1.4991284018023228e-07,0.9860113067619236,0.3468263789251641,True,,proxy/unidentified,35.42394377286678,60.662338676866796,260.6623386768668,60.662338676866796,,,,True,True,True,False,False,True,False,True,True,True
history_high_T2,existing_history,1300.0,0.991546825170939,2186.8548614007727,250000000.0,4.567143305406176,440.6623386768668,5.3646516047156325,517.6101918068358,0.0023366762499213,0.0023366762499213,0.0016849691590626258,5.80364344016992e-12,4.0902137000082654e-05,2.1309177206119284e-05,1.3967825442529157e-07,0.9869403100906796,0.3460987289647798,True,,proxy/unidentified,35.42394377286678,60.662338676866796,260.6623386768668,60.662338676866796,,,,True,True,True,False,False,True,False,True,True,True
history_high_T2,existing_history,1300.0,0.9921182202028894,2222.5048483563864,250000000.0,4.567143305406176,440.6623386768668,5.3646516047156325,517.6101918068358,0.0023366762499213,0.0023366762499213,0.0016311077886911052,5.0073698044775515e-12,4.0613683385292405e-05,2.0629527314614027e-05,1.3018578584588658e-07,0.9878052719452084,0.3453725993650964,True,,proxy/unidentified,35.42394377286678,60.662338676866796,260.6623386768668,60.662338676866796,,,,True,True,True,False,False,True,False,True,True,True
history_high_T2,existing_history,1300.0,0.9926503066665704,2257.614650017203,250000000.0,4.567143305406176,440.6623386768668,5.3646516047156325,517.6101918068358,0.0023366762499213,0.0023366762499213,0.0015805506794785837,4.345550419381042e-12,4.0321978834315294e-05,1.999148528667936e-05,1.2130610173672126e-07,0.9886112271413452,0.3446479883792444,True,,proxy/unidentified,35.42394377286678,60.662338676866796,260.6623386768668,60.662338676866796,,,,True,True,True,False,False,True,False,True,True,True
history_low_T2,existing_history,950.0,0.660093452995123,50.019057581929815,250000000.0,4.567143305406176,440.6623386768668,5.3646516047156325,517.6101918068358,1.5201110710336712e-07,1.5201110710336712e-07,0.0010119693147292602,2.640246711843343e-10,,5.740085350609265e-06,0.0,3.230773714999418e-06,2.692311429166182e-05,True,,proxy/unidentified,35.42394377286678,60.662338676866796,260.6623386768668,60.662338676866796,,,,True,True,True,False,False,True,False,True,True,True
history_low_T2,existing_history,900.0000000000001,0.8007536623192951,76.72612748490515,250000000.0,4.567143305406176,440.6623386768668,5.3646516047156325,517.6101918068358,2.3979563982719205e-08,2.3979563982719205e-08,9.114770573052838e-05,2.1962971290867054e-12,1.2788201651089048e-08,4.4626091050117287e-07,8.740186866568568e-12,0.0637467030447801,0.1048925851527605,True,,proxy/unidentified,35.42394377286678,60.662338676866796,260.6623386768668,60.662338676866796,,,,True,True,True,False,False,True,False,True,True,True
history_low_T2,existing_history,900.0000000000001,0.8007836038391869,76.74240265763024,250000000.0,4.567143305406176,440.6623386768668,5.3646516047156325,517.6101918068358,2.3979563982719205e-08,2.3979563982719205e-08,9.110890438647333e-05,2.198256736213647e-12,3.907046961642092e-08,4.4607129353167983e-07,7.453446867318198e-11,0.1538571044899433,0.1046420389202359,True,,proxy/unidentified,35.42394377286678,60.662338676866796,260.6623386768668,60.662338676866796,,,,True,True,True,False,False,True,False,True,True,True
history_low_T2,existing_history,900.0000000000001,0.8008137930252806,76.75821044219101,250000000.0,4.567143305406176,440.6623386768668,5.3646516047156325,517.6101918068358,2.3979563982719205e-08,2.3979563982719205e-08,9.107124622012222e-05,2.2002075513854865e-12,6.280518487370264e-08,4.458872502893562e-07,1.960697245746623e-10,0.2351063679126245,0.1043920874050814,True,,proxy/unidentified,35.42394377286678,60.662338676866796,260.6623386768668,60.662338676866796,,,,True,True,True,False,False,True,False,True,True,True
history_low_T2,existing_history,900.0000000000001,0.8008444743138603,76.77358057682288,250000000.0,4.567143305406176,440.6623386768668,5.3646516047156325,517.6101918068358,2.3979563982719205e-08,2.3979563982719205e-08,9.103465775893446e-05,2.2021496218740627e-12,8.41871593217759e-08,4.457084231859823e-07,3.6418066506680393e-10,0.3083822829861735,0.1041427292282121,True,,proxy/unidentified,35.42394377286678,60.662338676866796,260.6623386768668,60.662338676866796,,,,True,True,True,False,False,True,False,True,True,True
history_low_T2,existing_history,900.0000000000001,0.8008758514000546,76.7885401314763,250000000.0,4.567143305406176,440.6623386768668,5.3646516047156325,517.6101918068358,2.3979563982719205e-08,2.3979563982719205e-08,9.09990721817664e-05,2.20408300208085e-12,1.0343584770522106e-07,4.455344869569872e-07,5.709156332516796e-10,0.3744820221142523,0.1038939630133764,True,,proxy/unidentified,35.42394377286678,60.662338676866796,260.6623386768668,60.662338676866796,,,,True,True,True,False,False,True,False,True,True,True
history_low_T2,existing_history,900.0000000000001,0.8009080926932471,76.80311380449812,250000000.0,4.567143305406176,440.6623386768668,5.3646516047156325,517.6101918068358,2.3979563982719205e-08,2.3979563982719205e-08,9.09644285729482e-05,2.2060077521861787e-12,1.2075491312713282e-07,4.453651450410848e-07,8.093977765324275e-10,0.4341215578890616,0.1036457873871314,True,,proxy/unidentified,35.42394377286678,60.662338676866796,260.6623386768668,60.662338676866796,,,,True,True,True,False,False,True,False,True,True,True
history_low_T2,existing_history,900.0000000000001,0.8009413361378391,76.81732418106806,250000000.0,4.567143305406176,440.6623386768668,5.3646516047156325,517.6101918068358,2.3979563982719205e-08,2.3979563982719205e-08,9.09306712733755e-05,2.207923936991416e-12,1.3633025146927263e-07,4.4520012643026364e-07,1.0736984335248523e-09,0.4879440844377504,0.1033982009788223,True,,proxy/unidentified,35.42394377286678,60.662338676866796,260.6623386768668,60.662338676866796,,,,True,True,True,False,False,True,False,True,True,True
history_low_T2,existing_history,900.0000000000001,0.8009756934576703,76.83119195888979,250000000.0,4.567143305406176,440.6623386768668,5.3646516047156325,517.6101918068358,2.3979563982719205e-08,2.3979563982719205e-08,9.089774931452969e-05,2.2098316249296454e-12,1.503307810971714e-07,4.4503918292190067e-07,1.358722513624337e-09,0.536527549893152,0.1031512024205677,True,,proxy/unidentified,35.42394377286678,60.662338676866796,260.6623386768668,60.662338676866796,,,,True,True,True,False,False,True,False,True,True,True
history_low_T2,existing_history,900.0000000000001,0.8010112538806003,76.84473614577732,250000000.0,4.567143305406176,440.6623386768668,5.3646516047156325,517.6101918068358,2.3979563982719205e-08,2.3979563982719205e-08,9.086561592356666e-05,2.211730887223103e-12,1.6290967179570033e-07,4.448820867155438e-07,1.660105390288987e-09,0.580391395466998,0.1029047903472468,True,,proxy/unidentified,35.42394377286678,60.662338676866796,260.6623386768668,60.662338676866796,,,,True,True,True,False,False,True,False,True,True,True
history_low_T2,existing_history,900.0000000000001,0.8010480873969394,76.8579742330591,250000000.0,4.567143305406176,440.6623386768668,5.3646516047156325,517.6101918068358,2.3979563982719205e-08,2.3979563982719205e-08,9.083422808946544e-05,2.2136217971680493e-12,1.742056284354307e-07,4.447286283058669e-07,1.974120658513048e-09,0.6200025861610333,0.1026589633964905,True,,proxy/unidentified,35.42394377286678,60.662338676866796,260.6623386768668,60.662338676866796,,,,True,True,True,False,False,True,False,True,True,True
history_low_T2,existing_history,900.0000000000001,0.8010862476019855,76.87092234812437,250000000.0,4.567143305406176,440.6623386768668,5.3646516047156325,517.6101918068358,2.3979563982719205e-08,2.3979563982719205e-08,9.080354618177042e-05,2.2155044295300956e-12,1.8434413380627293e-07,4.445786146307771e-07,2.297598003779485e-09,0.6557810088734829,0.1024137202086749,True,,proxy/unidentified,35.42394377286678,60.662338676866796,260.6623386768668,60.662338676866796,,,,True,True,True,False,False,True,False,True,True,True
history_low_T2,existing_history,900.0000000000001,0.801125774169143,76.8835953889361,250000000.0,4.567143305406176,440.6623386768668,5.3646516047156325,517.6101918068358,2.3979563982719205e-08,2.3979563982719205e-08,9.07735336147472e-05,2.2173788600349664e-12,1.9343862097602083e-07,4.444318674398667e-07,2.627850378069239e-09,0.6881043054122735,0.1021690594269164,True,,proxy/unidentified,35.42394377286678,60.662338676866796,260.6623386768668,60.662338676866796,,,,True,True,True,False,False,True,False,True,True,True
history_low_T2,existing_history,900.0000000000001,0.8011666949961713,76.89600714291493,250000000.0,4.567143305406176,440.6623386768668,5.3646516047156325,517.6101918068358,2.3979563982719205e-08,2.3979563982719205e-08,9.074415655084741e-05,2.2192451649415947e-12,2.0159156556429603e-07,4.442882218536264e-07,2.962609664914901e-09,0.717312200594978,0.1019249796970689,True,,proxy/unidentified,35.42394377286678,60.662338676866796,260.6623386768668,60.662338676866796,,,,True,True,True,False,False,True,False,True,True,True
history_low_T2,existing_history,900.0000000000001,0.8012090280632093,76.9081703922462,250000000.0,4.567143305406176,440.6623386768668,5.3646516047156325,517.6101918068358,2.3979563982719205e-08,2.3979563982719205e-08,9.071538363828145e-05,2.2211034206860332e-12,2.0889549593373862e-07,4.441475250882004e-07,3.299970029152129e-09,0.7437103790949952,0.1016814796677219,True,,proxy/unidentified,35.42394377286678,60.662338676866796,260.6623386768668,60.662338676866796,,,,True,True,True,False,False,True,False,True,True,True
history_low_T2,existing_history,900.0000000000001,0.8012527830374225,76.92009700736618,250000000.0,4.567143305406176,440.6623386768668,5.3646516047156325,517.6101918068358,2.3979563982719205e-08,2.3979563982719205e-08,9.068718577825523e-05,2.222953703586168e-12,2.154339227367037e-07,4.440096353241352e-07,3.6383381793359107e-09,0.7675739588924163,0.1014385579902003,True,,proxy/unidentified,35.42394377286678,60.662338676866796,260.6623386768668,60.662338676866796,,,,True,True,True,False,False,True,False,True,True,True
history_low_T2,existing_history,900.0000000000001,0.8012979626555329,76.93179803013228,250000000.0,4.567143305406176,440.6623386768668,5.3646516047156325,517.6101918068358,2.3979563982719205e-08,2.3979563982719205e-08,9.0659535918066e-05,2.2247960895985044e-12,2.2128219099329678e-07,4.438744207006723e-07,3.976389815102561e-09,0.7891506040253657,0.1011962133185642,True,,proxy/unidentified,35.42394377286678,60.662338676866796,260.6623386768668,60.662338676866796,,,,True,True,True,False,False,True,False,True,True,True
history_low_T2,existing_history,900.0000000000001,0.8013445639121166,76.94328374797111,250000000.0,4.567143305406176,440.6623386768668,5.3646516047156325,517.6101918068358,2.3979563982719205e-08,2.3979563982719205e-08,9.063240886679137e-05,2.226630654119425e-12,2.2650825879515688e-07,4.4374175841974405e-07,4.313031583061233e-09,0.8086633147416987,0.1009544443096102,True,,proxy/unidentified,35.42394377286678,60.662338676866796,260.6623386768668,60.662338676866796,,,,True,True,True,False,False,True,False,True,True,True
history_low_T2,existing_history,900.0000000000001,0.8013925790784565,76.95456376011873,250000000.0,4.567143305406176,440.6623386768668,5.3646516047156325,517.6101918068358,2.3979563982719205e-08,2.3979563982719205e-08,9.060578113076266e-05,2.2284574718243706e-12,2.3117340719525345e-07,4.4361153394604553e-07,4.647367919406243e-09,0.8263129290583695,0.1007132496228725,True,,proxy/unidentified,35.42394377286678,60.662338676866796,260.6623386768668,60.662338676866796,,,,True,True,True,False,False,True,False,True,True,True
history_low_T2,existing_history,900.0000000000001,0.8014419965738899,76.96564703691467,250000000.0,4.567143305406176,440.6623386768668,5.3646516047156325,517.6101918068358,2.3979563982719205e-08,2.3979563982719205e-08,9.057963076639955e-05,2.230276616539228e-12,2.3533288603491305e-07,4.4348364029142816e-07,4.978672212717875e-09,0.8422803660903857,0.1004726279206246,True,,proxy/unidentified,35.42394377286678,60.662338676866796,260.6623386768668,60.662338676866796,,,,True,True,True,False,False,True,False,True,True,True
history_low_T2,existing_history,900.0000000000001,0.8014928017090168,76.9765419729821,250000000.0,4.567143305406176,440.6623386768668,5.3646516047156325,517.6101918068358,2.3979563982719205e-08,2.3979563982719205e-08,9.055393724831295e-05,2.232088161139011e-12,2.3903650047372203e-07,4.433579773734592e-07,5.3063617745393535e-09,0.8567286382632865,0.1002325778678817,True,,proxy/unidentified,35.42394377286678,60.662338676866796,260.6623386768668,60.662338676866796,,,,True,True,True,False,False,True,False,True,True,True
history_low_T2,existing_history,900.0000000000001,0.8015449773178106,76.9872564350154,250000000.0,4.567143305406176,440.6623386768668,5.3646516047156325,517.6101918068358,2.3979563982719205e-08,2.3979563982719205e-08,9.05286813508634e-05,2.233892177469627e-12,2.423291428867195e-07,4.432344514393492e-07,5.629976157069952e-09,0.8698046566284189,0.0999930981324021,True,,proxy/unidentified,35.42394377286678,60.662338676866796,260.6623386768668,60.662338676866796,,,,True,True,True,False,False,True,False,True,True,True
history_low_T2,existing_history,900.0000000000001,0.8015985042935895,76.9977978048019,250000000.0,4.567143305406176,440.6623386768668,5.3646516047156325,517.6101918068358,2.3979563982719205e-08,2.3979563982719205e-08,9.0503845041601e-05,2.2356887362890446e-12,2.4525127461668887e-07,4.431129745476088e-07,5.949158405945715e-09,0.8816408509198213,0.09975418738469,True,,proxy/unidentified,35.42394377286678,60.662338676866796,260.6623386768668,60.662338676866796,,,,True,True,True,False,False,True,False,True,True,True
history_low_T2,existing_history,900.0000000000001,0.801653362041951,77.00817301802347,250000000.0,4.567143305406176,440.6623386768668,5.3646516047156325,517.6101918068358,2.3979563982719205e-08,2.3979563982719205e-08,9.047941138521871e-05,2.237477907224744e-12,2.4783936184514664e-07,4.4299346410079416e-07,6.263638881170197e-09,0.8923566236905641,0.0995158442979975,True,,proxy/unidentified,35.42394377286678,60.662338676866796,260.6623386768668,60.662338676866796,,,,True,True,True,False,False,True,False,True,True,True
history_low_T2,existing_history,900.0000000000001,0.8017095288621192,77.0183885993141,250000000.0,4.567143305406176,440.6623386768668,5.3646516047156325,517.6101918068358,2.3979563982719205e-08,2.3979563982719205e-08,9.045536445682635e-05,2.2392597587447803e-12,2.5012626959367517e-07,4.428758424235482e-07,6.573221320628028e-09,0.9020596558141604,0.0992780675483266,True,,proxy/unidentified,35.42394377286678,60.662338676866796,260.6623386768668,60.662338676866796,,,,True,True,True,False,False,True,False,True,True,True
history_low_T2,existing_history,900.0000000000001,0.8017669822666922,77.02845069398914,250000000.0,4.567143305406176,440.6623386768668,5.3646516047156325,517.6101918068358,2.3979563982719205e-08,2.3979563982719205e-08,9.043168926350302e-05,2.241034358140136e-12,2.5214161760148505e-07,4.4276003638088144e-07,6.877770858251814e-09,0.9108470788057864,0.0990408558144314,True,,proxy/unidentified,35.42394377286678,60.662338676866796,260.6623386768668,60.662338676866796,,,,True,True,True,False,False,True,False,True,True,True
history_low_T2,existing_history,900.0000000000001,0.801825699248488,77.03836509681113,250000000.0,4.567143305406176,440.6623386768668,5.3646516047156325,517.6101918068358,2.3979563982719205e-08,2.3979563982719205e-08,9.040837167321726e-05,2.2428017715164164e-12,2.539121015556529e-07,4.426459770322647e-07,7.177203742918185e-09,0.9188065277842948,0.09880420777782,True,,proxy/unidentified,35.42394377286678,60.662338676866796,260.6623386768668,60.662338676866796,,,,True,True,True,False,False,True,False,True,True,True
history_low_T2,existing_history,900.0000000000001,0.801885656502049,77.04813727811175,250000000.0,4.567143305406176,440.6623386768668,5.3646516047156325,517.6101918068358,2.3979563982719205e-08,2.3979563982719205e-08,9.038539835031469e-05,2.2445620637931978e-12,2.5546178288431954e-07,4.4253359931765166e-07,7.471478534697373e-09,0.926017087437764,0.0985681221227564,True,,proxy/unidentified,35.42394377286678,60.662338676866796,260.6623386768668,60.662338676866796,,,,True,True,True,False,False,True,False,True,True,True
history_low_T2,existing_history,900.0000000000001,0.8019468306063652,77.05777240755066,250000000.0,4.567143305406176,440.6623386768668,5.3646516047156325,517.6101918068358,2.3979563982719205e-08,2.3979563982719205e-08,9.036275669687213e-05,2.246315298709659e-12,2.5681235006515826e-07,4.4242284177202574e-07,7.760588582391391e-09,0.9325501420534592,0.0983325975362619,True,,proxy/unidentified,35.42394377286678,60.662338676866796,260.6623386768668,60.662338676866796,,,,True,True,True,False,False,True,False,True,True,True
history_low_T2,existing_history,900.0000000000001,0.8020091981745024,77.06727537575952,250000000.0,4.567143305406176,440.6623386768668,5.3646516047156325,517.6101918068358,2.3979563982719205e-08,2.3979563982719205e-08,9.034043479929964e-05,2.2480615388351904e-12,2.5798335415480605e-07,4.423136462654632e-07,8.044555610612238e-09,0.9384701395105371,0.098097632708117,True,,proxy/unidentified,35.42394377286678,60.662338676866796,260.6623386768668,60.662338676866796,,,,True,True,True,False,False,True,False,True,True,True
history_low_T2,existing_history,900.0000000000001,0.8020727359750557,77.07665081408908,250000000.0,4.567143305406176,440.6623386768668,5.3646516047156325,517.6101918068358,2.3979563982719205e-08,2.3979563982719205e-08,9.031842137964579e-05,2.24980084558407e-12,2.5899242101175736e-07,4.4220595776607014e-07,8.32342426622613e-09,0.943835278095458,0.097863226330862,True,,proxy/unidentified,35.42394377286678,60.662338676866796,260.6623386768668,60.662338676866796,,,,True,True,True,False,False,True,False,True,True,True
history_low_T2,existing_history,900.0000000000001,0.8021313211677201,77.08504218109171,250000000.0,4.567143305406176,440.6623386768668,5.3646516047156325,517.6101918068358,2.3979563982719205e-08,2.3979563982719205e-08,9.029670575112496e-05,2.2500084061718917e-12,2.6055079564458695e-07,4.4210466175590283e-07,8.597257493072627e-09,0.9482623904488892,0.0976512388180852,True,,proxy/unidentified,35.42394377286678,60.662338676866796,260.6623386768668,60.662338676866796,,,,True,True,True,False,False,True,False,True,True,True
history_near_best,existing_history,950.0,0.660093452995123,50.019057581929815,250000000.0,4.567143305406176,440.6623386768668,5.3646516047156325,517.6101918068358,1.5201110710336712e-07,1.5201110710336712e-07,0.0010119693147292602,2.640246711843343e-10,,5.740085350609265e-06,0.0,3.230773714999418e-06,2.692311429166182e-05,True,,proxy/unidentified,35.42394377286678,60.662338676866796,260.6623386768668,60.662338676866796,,,,True,True,True,False,False,True,False,True,True,True
history_near_best,existing_history,1200.0,0.8523749036228894,110.86309425457765,217071678.91587865,4.608541098899282,444.65661853122134,5.3646516047156325,517.6101918068358,0.0001713041352269,0.0001713041352269,0.08589440695317666,1.1422199889759002e-07,3.467086134904783e-07,0.0010199266583847048,3.5536365973619455e-10,0.0648750480042328,0.1308793110224882,True,,proxy/unidentified,39.41822362722132,64.65661853122134,264.65661853122134,64.65661853122134,,,,True,True,True,False,False,True,False,True,True,True
history_near_best,existing_history,1200.0,0.881852504739255,168.37774724163648,217502871.2776614,4.607970862438231,444.60159907688796,5.3646516047156325,517.6101918068358,0.0001720753560564,0.0001720753560564,0.03731052129777876,6.379751643653389e-08,1.5345012989653172e-06,0.0004421539870882971,6.715850356095921e-09,0.197187514470217,0.1540217384293945,True,,proxy/unidentified,39.36320417288795,64.60159907688796,264.60159907688796,64.60159907688796,,,,True,True,True,False,False,True,False,True,True,True
history_near_best,existing_history,1200.0,0.8942497695931665,213.79505971445482,220859601.3382169,4.603559018492545,444.17592084851225,5.3646516047156325,517.6101918068358,0.000178160732834,0.000178160732834,0.02349939410626258,4.782771882156072e-08,3.388290684834242e-06,0.0002742506111325794,2.8079347803173023e-08,0.337085117376914,0.1676034494940524,True,,proxy/unidentified,38.93752594451223,64.17592084851225,264.17592084851225,64.17592084851225,,,,True,True,True,False,False,True,False,True,True,True
history_near_best,existing_history,1200.0,0.9018142841110351,250.69152141135658,223591969.1304049,4.600002967839942,443.8328141202486,5.3646516047156325,517.6101918068358,0.0001832219742491,0.0001832219742491,0.0173026499077658,3.9378686394070866e-08,5.4398291904339394e-06,0.00019946359534985333,6.617288861190975e-08,0.4659251750676945,0.1770979032371288,True,,proxy/unidentified,38.59441921624858,63.8328141202486,263.8328141202486,63.8328141202486,,,,True,True,True,False,False,True,False,True,True,True
history_near_best,existing_history,1200.0,0.9078452193878492,284.704341759928,225982325.32552433,4.5969173963490935,443.5351017301638,5.3646516047156325,517.6101918068358,0.0001877299545701,0.0001877299545701,0.013534859653091877,3.340997177633199e-08,7.5190512470063184e-06,0.000154514994460115,1.2084864057967384e-07,0.5871899624311044,0.1848285703130174,True,,proxy/unidentified,38.296706826163756,63.535101730163774,263.5351017301638,63.535101730163774,,,,True,True,True,False,False,True,False,True,True,True
history_near_best,existing_history,1200.0,0.9110883238039011,303.9648421090828,227330368.61472285,4.59518756607732,443.3681984818748,5.3646516047156325,517.6101918068358,0.0001903055611217,0.0001903055611217,0.01190914686691619,3.0521107823527674e-08,8.656543348881677e-06,0.00013535157770196255,1.5837189373853506e-07,0.6526011719302561,0.1887603555767981,True,,proxy/unidentified,38.12980357787478,63.3681984818748,263.3681984818748,63.3681984818748,,,,True,True,True,False,False,True,False,True,True,True
history_near_best,existing_history,1200.0,0.9139936692198732,321.3190100620012,228554190.32570872,4.593623484786501,443.2172875790622,5.3646516047156325,517.6101918068358,0.000192664784807,0.000192664784807,0.010691842647705882,2.8228115252613375e-08,9.558259158018029e-06,0.00012099581355315006,1.9328805397717666e-07,0.7073526598468272,0.1920100665818679,True,,proxy/unidentified,37.978892675062184,63.2172875790622,263.2172875790622,63.2172875790622,,,,True,True,True,False,False,True,False,True,True,True
history_near_best,existing_history,1200.0,0.916680046975724,337.18954264815073,229700652.6767571,4.592163702397389,443.076439990421,5.3646516047156325,517.6101918068358,0.0001948930661226,0.0001948930661226,0.009742066727733801,2.6353471390433268e-08,1.0252604510230423e-05,0.00010978560945732907,2.242253969096959e-07,0.752833217612562,0.1947277879694436,True,,proxy/unidentified,37.838045086421005,63.07643999042102,263.076439990421,63.07643999042102,,,,True,True,True,False,False,True,False,True,True,True
history_near_best,existing_history,1200.0,0.9192161403911528,351.87721565353536,230800083.94978136,4.590768699735124,442.9418426952395,5.3646516047156325,517.6101918068358,0.0001970465417717,0.0001970465417717,0.008977390991810663,2.4785966509569112e-08,1.077508774147427e-05,0.00010074906426753355,2.506463468444648e-07,0.7903926487017375,0.1970192436088671,True,,proxy/unidentified,37.703447791239455,62.94184269523947,262.9418426952395,62.94184269523947,,,,True,True,True,False,False,True,False,True,True,True
history_near_best,existing_history,1200.0,0.9216425663781652,365.6021298172767,231872011.63096225,4.589413173877957,442.811054332709,5.3646516047156325,517.6101918068358,0.0001991618687851,0.0001991618687851,0.008346380516176718,2.3451497942296608e-08,1.1160556933370615e-05,9.328059065182565e-05,2.725568750676658e-07,0.8212729179204827,0.1989619994674004,True,,proxy/unidentified,37.57265942870896,62.81105433270898,262.811054332709,62.81105433270898,,,,True,True,True,False,False,True,False,True,True,True
history_near_best,existing_history,1200.0,0.9239837939177812,378.52934543503613,232928955.32317632,4.58808099020121,442.68251814820877,5.3646516047156325,517.6101918068358,0.0002012628936603,0.0002012628936603,0.00781525804541685,2.2298352437961732e-08,1.143965560967116e-05,8.698321325486744e-05,2.902673102795873e-07,0.8465775591918853,0.2006147673676557,True,,proxy/unidentified,37.444123244208754,62.68251814820877,262.68251814820877,62.68251814820877,,,,True,True,True,False,False,True,False,True,True,True
history_near_best,existing_history,1200.0,0.926254800157344,390.7853736065216,233978883.8561579,4.5867619366914525,442.5552488322314,5.3646516047156325,517.6101918068358,0.0002033650476246,0.0002033650476246,0.007360901304906538,2.1289129529567527e-08,1.1637185684708808e-05,8.158568109343283e-05,3.042130314052036e-07,0.8672642278066913,0.202023106933259,True,,proxy/unidentified,37.31685392823141,62.55524883223143,262.5552488322314,62.55524883223143,,,,True,True,True,False,False,True,False,True,True,True
history_near_best,existing_history,1200.0,0.9284648169426296,402.469078763488,235026798.64495748,4.585449644056877,442.4286318415414,5.3646516047156325,517.6101918068358,0.000205478214596,0.000205478214596,0.006966928009691874,2.039600190188171e-08,1.1771977007476916e-05,7.689613797419845e-05,3.148450408690424e-07,0.8841504798592462,0.2032231004401628,True,,proxy/unidentified,37.190236937541385,62.4286318415414,262.4286318415414,62.4286318415414,,,,True,True,True,False,False,True,False,True,True,True
history_near_best,existing_history,1200.0,0.9306194933515376,413.6590568792135,236075754.93926775,4.584140250104491,442.3022945311652,5.3646516047156325,517.6101918068358,0.0002076085989182,0.0002076085989182,0.006621391143344756,1.9597780565605136e-08,1.1858051157927201e-05,7.27748752756179e-05,3.22587657736124e-07,0.8979260304816529,0.2042438175599464,True,,proxy/unidentified,37.0638996271652,62.30229453116522,262.3022945311652,62.30229453116522,,,,True,True,True,False,False,True,False,True,True,True
history_near_best,existing_history,1200.0,0.932722234556522,424.4187441559186,237127524.223955,4.582831536656594,442.17602287949063,5.3646516047156325,517.6101918068358,0.0002097599464855,0.0002097599464855,0.0063153617084638,1.8878017429557474e-08,1.1906211138244062e-05,6.911760076848702e-05,3.278346499844949e-07,0.9091673022432056,0.2051090228951121,True,,proxy/unidentified,36.937627975490614,62.17602287949063,262.17602287949063,62.17602287949063,,,,True,True,True,False,False,True,False,True,True,True
history_near_best,existing_history,1200.0,0.934775093348656,434.8000380732055,238183032.34637028,4.581522360934647,442.0497066251508,5.3646516047156325,517.6101918068358,0.0002119343591843,0.0002119343591843,0.0060420240489611095,1.8223734821602563e-08,1.1925228494497415e-05,6.584477536422316e-05,3.309526050354108e-07,0.9183521431864962,0.2058383912446067,True,,proxy/unidentified,36.81131172115079,62.049706625150804,262.0497066251508,62.049706625150804,,,,True,True,True,False,False,True,False,True,True,True
history_near_best,existing_history,1200.0,0.9367793692351416,444.8459213152849,239242653.98772815,4.5802122750873755,441.9233025570668,5.3646516047156325,517.6101918068358,0.0002141328474645,0.0002141328474645,0.005796079386940154,1.7624549581510087e-08,1.192244875993552e-05,6.289459471383617e-05,3.322793441881312e-07,0.9258738453347128,0.2064483925259809,True,,proxy/unidentified,36.68490765306677,61.92330255706679,261.9233025570668,61.92330255706679,,,,True,True,True,False,False,True,False,True,True,True
history_near_best,existing_history,1200.0,0.9387359830647056,454.592398315588,240306413.2459039,4.578901268407809,441.79680964217295,5.3646516047156325,517.6101918068358,0.0002163557110077,0.0002163557110077,0.005573341441459738,1.7072053717227215e-08,1.1903922704907163e-05,6.021823945607208e-05,3.321161251186376e-07,0.9320541262610972,0.2069529489624234,True,,proxy/unidentified,36.55841473817293,61.796809642172946,261.79680964217295,61.796809642172946,,,,True,True,True,False,False,True,False,True,True,True
history_near_best,existing_history,1200.0,0.9406456802301598,464.06994424165276,241374119.66619283,4.5775895935606465,441.67025225890666,5.3646516047156325,517.6101918068358,0.0002186028001719,0.0002186028001719,0.005370455530377871,1.6559366626698774e-08,1.1874408934681763e-05,5.77765822863237e-05,3.307210844461662e-07,0.9371548808576758,0.2073639315771656,True,,proxy/unidentified,36.43185735490664,61.67025225890666,261.67025225890666,61.67025225890666,,,,True,True,True,False,False,True,False,True,True,True
history_near_best,existing_history,1200.0,0.942509118040923,473.3046003366243,242445459.68517977,4.576277650583514,441.54366900503123,5.3646516047156325,517.6101918068358,0.0002208736943175,0.0002208736943175,0.005184699259342688,1.6080804982804206e-08,1.1837415354950902e-05,5.5537856074436166e-05,3.283073039961669e-07,0.9413885581974416,0.2076915409858395,True,,proxy/unidentified,36.305274101031216,61.543669005031234,261.54366900503123,61.543669005031234,,,,True,True,True,False,False,True,False,True,True,True
history_near_best,existing_history,1200.0,0.9443268893547512,482.3188093124984,243520055.3038268,4.57496591301036,441.41710556962687,5.3646516047156325,517.6101918068358,0.0002231678179183,0.0002231678179183,0.0050138383547157555,1.5631635293625937e-08,1.1795345292158821e-05,5.347597081504096e-05,3.250461955962511e-07,0.9449270902132731,0.2079446033996246,True,,proxy/unidentified,36.17871066562685,61.41710556962687,261.41710556962687,61.41710556962687,,,,True,True,True,False,False,True,False,True,True,True
history_near_best,existing_history,1200.0,0.9460995220510928,491.1320585574193,244597501.92230135,4.5736548807068145,441.29061018239486,5.3646516047156325,517.6101918068358,0.0002254845169131,0.0002254845169131,0.0048560206042712354,1.520788575840748e-08,1.1749725291231009e-05,5.1569277547661944e-05,3.210745081083646e-07,0.9479093936355836,0.2081308035250952,True,,proxy/unidentified,36.05221527839484,61.29061018239486,261.29061018239486,61.29061018239486,,,,True,True,True,False,False,True,False,True,True,True
history_near_best,existing_history,1200.0,0.9478274780476474,499.76138097260997,245677390.98266572,4.572345051999863,441.16423092458,5.3646516047156325,517.6101918068358,0.000227823105461,0.000227823105461,0.0047096965634375295,1.4806201510490406e-08,1.1701460747130417e-05,4.9799645815709e-05,3.165026128062457e-07,0.9504475548458292,0.2082568698515715,True,,proxy/unidentified,35.92583602057999,61.16423092458001,261.16423092458,61.16423092458001,,,,True,True,True,False,False,True,False,True,True,True
history_near_best,existing_history,1200.0,0.949511161704492,508.22175011016844,246759323.53120777,4.5710369073027275,441.0380141490115,5.3646516047156325,517.6101918068358,0.0002301828949105,0.0002301828949105,0.004573559418034723,1.4423732060014579e-08,1.1651070815449895e-05,4.815176479999897e-05,3.1142217710245253e-07,0.9526318651808096,0.2083287235670772,True,,proxy/unidentified,35.799619245011456,61.038014149011474,261.0380141490115,61.038014149011474,,,,True,True,True,False,False,True,False,True,True,True
history_near_best,existing_history,1200.0,0.9511509381987528,516.5263964103714,247842918.25106612,4.569730899710566,440.9120035727263,5.3646516047156325,517.6101918068358,0.0002325632118651,0.0002325632118651,0.004446498764096046,1.4058042941514042e-08,1.1598873472650949e-05,4.661260659177696e-05,3.0591217368947737e-07,0.95453489625617,0.2083515993733755,True,,proxy/unidentified,35.673608668726274,60.91200357272629,260.9120035727263,60.91200357272629,,,,True,True,True,False,False,True,False,True,True,True
history_near_best,existing_history,1200.0,0.952747157865851,524.6870639364596,248927815.94420213,4.56842745003972,440.78623979832867,5.3646516047156325,517.6101918068358,0.0002349634091561,0.0002349634091561,0.004327564644443782,1.3707045749038438e-08,1.1545111362520839e-05,4.51710088106225e-05,3.000429373004272e-07,0.9562147982162272,0.2083301443601491,True,,proxy/unidentified,35.54784489432865,60.786239798328666,260.78623979832867,60.786239798328666,,,,True,True,True,False,False,True,False,True,True,True
history_near_best,existing_history,1200.0,0.9543001674487634,532.7141971431994,250000000.0,4.567143305406176,440.6623386768668,5.3646516047156325,517.6101918068358,0.0002373522804713,0.0002373522804713,0.004215708540120977,1.3369346071854701e-08,1.1489233589451789e-05,4.381734836063845e-05,2.9385843240826193e-07,0.9577180403211942,0.208268501177297,True,,proxy/unidentified,35.42394377286678,60.662338676866796,260.6623386768668,60.662338676866796,,,,True,True,True,False,False,True,False,True,True,True
history_near_best,existing_history,1200.0,0.9558056029036872,540.6083104358987,250000000.0,4.567143305406176,440.6623386768668,5.3646516047156325,517.6101918068358,0.0002373522804713,0.0002373522804713,0.004093008008377336,1.307648073013849e-08,1.1373089120042642e-05,4.2544522563995105e-05,2.8599674175691624e-07,0.9591009014814434,0.2081709538891001,True,,proxy/unidentified,35.42394377286678,60.662338676866796,260.6623386768668,60.662338676866796,,,,True,True,True,False,False,True,False,True,True,True
history_near_best,existing_history,1200.0,0.957261433253362,548.3712153834462,250000000.0,4.567143305406176,440.6623386768668,5.3646516047156325,517.6101918068358,0.0002373522804713,0.0002373522804713,0.003977508110868232,1.2797265922940581e-08,1.126120235438469e-05,4.134623431959962e-05,2.782016899681853e-07,0.9603983609102776,0.2080412601782201,True,,proxy/unidentified,35.42394377286678,60.662338676866796,260.6623386768668,60.662338676866796,,,,True,True,True,False,False,True,False,True,True,True
