model_style,G0_nm,rho0,T1_C,rho_switch,T2_C,rho_target,growth_tolerance,first_step_attained,classification,growth_fraction,first_rho,first_G_nm,first_pore_mean_radius_nm,first_removable_fine_fraction,first_large_pore_fraction,first_f_pore,first_connectivity,first_connected_coverage,first_isolated_fraction,first_activity,first_E_G,first_cumulative_redistribution,final_rho,final_G_nm,final_pore_mean_radius_nm,final_removable_fine_fraction,final_large_pore_fraction,final_f_pore,final_connectivity,final_connected_coverage,final_isolated_fraction,final_activity,final_E_G,final_cumulative_redistribution
density,75.0,0.65,1300.0,0.85,1000.0,0.9,0.05,True,DENSIFICATION_EXHAUSTION_FAILURE,0.00033328866787474997,0.850062963671556,169.76891796889396,52.80480145310487,0.38160826474965465,0.08540811075581932,0.3256634900632297,0.7305631141978205,0.23791773348112405,0.05872997576873508,0.6903589992391603,0.12496493871649011,5.257816947407745e-05,0.8501827591820921,169.82550002541035,53.39988842578447,0.37057528742196305,0.08734569296953895,0.32178605315771236,0.7296188477147179,0.23478116931559703,0.059098968479319336,0.1311044199990547,0.350946716766342,0.005357076948005071
density,75.0,0.65,1300.0,0.85,1050.0,0.9,0.05,True,DENSIFICATION_EXHAUSTION_FAILURE,0.004947483748931896,0.850062963671556,169.76891796889396,52.80480145310487,0.38160826474965465,0.08540811075581932,0.3256634900632297,0.7305631141978205,0.23791773348112405,0.05872997576873508,0.6903589992391603,0.12496493871649011,5.257816947407745e-05,0.8517586663814118,170.6088469316188,53.33334552075853,0.37246059911923235,0.08740493762072196,0.32081152242530286,0.7170049513648123,0.23002345003382568,0.0641594276806918,0.20361153901975404,0.32333242011366775,0.0032693053281318144
density,75.0,0.65,1300.0,0.85,1100.0,0.9,0.05,True,DENSIFICATION_EXHAUSTION_FAILURE,0.04254569130981774,0.850062963671556,169.76891796889396,52.80480145310487,0.38160826474965465,0.08540811075581932,0.3256634900632297,0.7305631141978205,0.23791773348112405,0.05872997576873508,0.6903589992391603,0.12496493871649011,5.257816947407745e-05,0.8603538770715801,176.9918539468003,53.980906178672655,0.3644485251385104,0.09113861109549133,0.3118409334503731,0.6424112098628537,0.20033011134261583,0.0995206219874051,0.28789293070297584,0.18409515071359267,0.0007623016200164872
density,75.0,0.65,1300.0,0.85,1150.0,0.9,0.05,True,MIXED_FAILURE,0.20366779875467642,0.850062963671556,169.76891796889396,52.80480145310487,0.38160826474965465,0.08540811075581932,0.3256634900632297,0.7305631141978205,0.23791773348112405,0.05872997576873508,0.6903589992391603,0.12496493871649011,5.257816947407745e-05,0.8751492358290291,204.34537978858182,55.676567155620056,0.3417227548566991,0.10013092010388404,0.3115937576407313,0.49850764614126714,0.15533187067379342,0.20091297397696722,0.38808986234813625,0.0746248485841697,0.00011191029295655113
density,75.0,0.65,1300.0,0.85,1200.0,0.9,0.05,True,MIXED_FAILURE,0.6369594595320592,0.850062963671556,169.76891796889396,52.80480145310487,0.38160826474965465,0.08540811075581932,0.3256634900632297,0.7305631141978205,0.23791773348112405,0.05872997576873508,0.6903589992391603,0.12496493871649011,5.257816947407745e-05,0.8899663931229476,277.90483620370316,57.72375200625104,0.31588191732018717,0.11151560023981101,0.34968788195514466,0.3546513029120327,0.12401726294794113,0.3641440288335512,0.519113037185933,0.041681179875151006,5.625015640683974e-05
density,75.0,0.65,1300.0,0.85,1250.0,0.9,0.05,True,GRAIN_GROWTH_FAILURE,1.478150958079817,0.850062963671556,169.76891796889396,52.80480145310487,0.38160826474965465,0.08540811075581932,0.3256634900632297,0.7305631141978205,0.23791773348112405,0.05872997576873508,0.6903589992391603,0.12496493871649011,5.257816947407745e-05,0.902933027291334,420.7130067167884,59.81448786759408,0.29165052577667516,0.12393912677362932,0.42450313438535503,0.24650853157849228,0.10464364430780125,0.5406465946450908,0.6571375441346146,0.03068240376396719,5.2788685179169624e-05
density,75.0,0.65,1300.0,0.85,1300.0,0.9,0.05,True,GRAIN_GROWTH_FAILURE,2.8050619339655043,0.850062963671556,169.76891796889396,52.80480145310487,0.38160826474965465,0.08540811075581932,0.3256634900632297,0.7305631141978205,0.23791773348112405,0.05872997576873508,0.6903589992391603,0.12496493871649011,5.257816947407745e-05,0.9133257737827514,645.9812473339507,61.74225084097581,0.27122541783983645,0.1361600702975049,0.5186721990882246,0.1775506541709853,0.0920905882484178,0.6770659948846024,0.7705882554520898,0.02576474771630872,5.258986273269592e-05
density,75.0,0.7,1300.0,0.85,1000.0,0.9,0.05,True,DENSIFICATION_EXHAUSTION_FAILURE,0.00032001781709087925,0.8500601101182574,166.4484119970077,50.508089556166624,0.4164882806834124,0.07457369459627153,0.33255049949159177,0.7305855814180132,0.24295660002191527,0.05872121268114337,0.6960738152148924,0.12296050270659678,4.147895917492111e-05,0.8501766539019746,166.50167845447322,51.13108398733494,0.4036423212221524,0.07631458258638676,0.32830541123114765,0.7296670218236223,0.23955363166161112,0.05908011063749126,0.1341842451265825,0.35498842877913295,0.005844809476542419
density,75.0,0.7,1300.0,0.85,1050.0,0.9,0.05,True,DENSIFICATION_EXHAUSTION_FAILURE,0.00482889557513756,0.8500601101182574,166.4484119970077,50.508089556166624,0.4164882806834124,0.07457369459627153,0.33255049949159177,0.7305855814180132,0.24295660002191527,0.05872121268114337,0.6960738152148924,0.12296050270659678,4.147895917492111e-05,0.8517329797661463,167.25217399718872,51.04915822847544,0.40607887880422394,0.07636156756460026,0.32745171886260027,0.717213386536417,0.23485275621261628,0.06407379754672717,0.20804265303896036,0.32662692656099146,0.0036153341732043293
density,75.0,0.7,1300.0,0.85,1100.0,0.9,0.05,True,DENSIFICATION_EXHAUSTION_FAILURE,0.04265864460594969,0.8500601101182574,166.4484119970077,50.508089556166624,0.4164882806834124,0.07457369459627153,0.33255049949159177,0.7305855814180132,0.24295660002191527,0.05872121268114337,0.6960738152148924,0.12296050270659678,4.147895917492111e-05,0.8604215938306045,173.54887564961274,51.64666662824692,0.39843656137426087,0.07968876288194106,0.3185185700238914,0.6417887369528238,0.20442163075165282,0.09985827047560128,0.29363300299207695,0.18449227464291673,0.0008456559462383346
density,75.0,0.7,1300.0,0.85,1150.0,0.9,0.05,True,MIXED_FAILURE,0.20703728826168766,0.8500601101182574,166.4484119970077,50.508089556166624,0.4164882806834124,0.07457369459627153,0.33255049949159177,0.7305855814180132,0.24295660002191527,0.05872121268114337,0.6960738152148924,0.12296050270659678,4.147895917492111e-05,0.8753960589330324,200.90943985233233,53.28314391054766,0.3746741435984584,0.08776430802196183,0.3187904604323615,0.49603949350341703,0.1581326585265897,0.20312348825270768,0.3947468509104795,0.07400586696420258,0.00010887560007796355
density,75.0,0.7,1300.0,0.85,1200.0,0.9,0.05,True,MIXED_FAILURE,0.6469927772221507,0.8500601101182574,166.4484119970077,50.508089556166624,0.4164882806834124,0.07457369459627153,0.33255049949159177,0.7305855814180132,0.24295660002191527,0.05872121268114337,0.6960738152148924,0.12296050270659678,4.147895917492111e-05,0.8902496229741843,274.13933233916845,55.26414972982577,0.3472417015720228,0.09794999336940909,0.35845456973784595,0.35206263811444916,0.12619846146608585,0.36779508797730476,0.5257445708300073,0.04147293015255662,4.565245051300983e-05
density,75.0,0.7,1300.0,0.85,1250.0,0.9,0.05,True,GRAIN_GROWTH_FAILURE,1.4949030952015379,0.8500601101182574,166.4484119970077,50.508089556166624,0.4164882806834124,0.07457369459627153,0.33255049949159177,0.7305855814180132,0.24295660002191527,0.05872121268114337,0.6960738152148924,0.12296050270659678,4.147895917492111e-05,0.9031732119089422,415.27265828271527,57.28911338275203,0.32121773399732073,0.10904547367472357,0.43477949376337255,0.24472838504768957,0.10640288336056218,0.5439586010778418,0.6626916655024319,0.030624972188388923,4.171863189553559e-05
density,75.0,0.7,1300.0,0.85,1300.0,0.9,0.05,True,GRAIN_GROWTH_FAILURE,2.8237303137916983,0.8500601101182574,166.4484119970077,50.508089556166624,0.4164882806834124,0.07457369459627153,0.33255049949159177,0.7305855814180132,0.24295660002191527,0.05872121268114337,0.6960738152148924,0.12296050270659678,4.147895917492111e-05,0.9134992996047264,636.4538386354482,59.15910800308634,0.2990227965713669,0.11995872456673935,0.5295344204421661,0.17653934749047276,0.09348366105860567,0.6791702206371832,0.7743366894643597,0.02578226836607397,4.1492307592212174e-05
density,75.0,0.75,1300.0,0.85,1000.0,0.9,0.05,True,DENSIFICATION_EXHAUSTION_FAILURE,0.00031479866538774857,0.8501703074740274,162.22182026236356,47.958868263911796,0.45824440347910794,0.06344074960909155,0.33916023225764846,0.7297170929971474,0.24749101874328858,0.05906051392220004,0.701455047682554,0.1173101468269278,2.2117227794571348e-05,0.8502831851385547,162.27288747487893,48.60904264234508,0.4432855713532126,0.06495496317759118,0.3345406692440107,0.7288256551856155,0.24382182244800038,0.059409972366825665,0.13718782764679713,0.34891677428868406,0.00636468754917761
density,75.0,0.75,1300.0,0.85,1050.0,0.9,0.05,True,DENSIFICATION_EXHAUSTION_FAILURE,0.00481497332703134,0.8501703074740274,162.22182026236356,47.958868263911796,0.45824440347910794,0.06344074960909155,0.33916023225764846,0.7297170929971474,0.24749101874328858,0.05906051392220004,0.701455047682554,0.1173101468269278,2.2117227794571348e-05,0.8518095280180252,163.00291399998932,48.508898473891264,0.44642271724481997,0.06498940897549296,0.3338758998026321,0.7165919581252801,0.23925278481040796,0.06432929704597373,0.21237672095915383,0.3209806994723524,0.003981299885390566
density,75.0,0.75,1300.0,0.85,1100.0,0.9,0.05,True,DENSIFICATION_EXHAUSTION_FAILURE,0.04346114983347864,0.8501703074740274,162.22182026236356,47.958868263911796,0.45824440347910794,0.06344074960909155,0.33916023225764846,0.7297170929971474,0.24749101874328858,0.05906051392220004,0.701455047682554,0.1173101468269278,2.2117227794571348e-05,0.8605195215493485,169.2721670990458,49.03583023233762,0.43963640086712164,0.06785462801318583,0.3254009213246699,0.6408877102197198,0.20854545137115488,0.10034835778766232,0.2994899959542054,0.18143809063904684,0.000931880392707927
density,75.0,0.75,1300.0,0.85,1150.0,0.9,0.05,True,MIXED_FAILURE,0.21278682071490296,0.8501703074740274,162.22182026236356,47.958868263911796,0.45824440347910794,0.06344074960909155,0.33916023225764846,0.7297170929971474,0.24749101874328858,0.05906051392220004,0.701455047682554,0.1173101468269278,2.2117227794571348e-05,0.8756330706608889,196.74048564657633,50.580074026822146,0.415349536790129,0.07489803502780505,0.32685684433141204,0.4936696316642,0.16135929794801096,0.20526314061402867,0.4019721764373597,0.07301956606941928,9.885059935411922e-05
density,75.0,0.75,1300.0,0.85,1200.0,0.9,0.05,True,MIXED_FAILURE,0.662217825476349,0.8501703074740274,162.22182026236356,47.958868263911796,0.45824440347910794,0.06344074960909155,0.33916023225764846,0.7297170929971474,0.24749101874328858,0.05906051392220004,0.701455047682554,0.1173101468269278,2.2117227794571348e-05,0.890548691826801,269.6480013213211,52.467992851475756,0.3866227041985718,0.08378876135780386,0.3686683676058977,0.3493386132977368,0.12879009630618457,0.3716668394090144,0.5332309562850577,0.04126553217681789,2.688071760333052e-05
density,75.0,0.75,1300.0,0.85,1250.0,0.9,0.05,True,GRAIN_GROWTH_FAILURE,1.520114860752217,0.8501703074740274,162.22182026236356,47.958868263911796,0.45824440347910794,0.06344074960909155,0.33916023225764846,0.7297170929971474,0.24749101874328858,0.05906051392220004,0.701455047682554,0.1173101468269278,2.2117227794571348e-05,0.9034406896404281,408.81761998145754,54.401816639760945,0.3589908861131386,0.09345387097312055,0.4469230711264609,0.24275620536974551,0.10849334883885252,0.5476423808631937,0.6690453440598353,0.030591039139512503,2.239157041187832e-05
density,75.0,0.75,1300.0,0.85,1300.0,0.9,0.05,True,GRAIN_GROWTH_FAILURE,2.853588018222185,0.8501703074740274,162.22182026236356,47.958868263911796,0.45824440347910794,0.06344074960909155,0.33916023225764846,0.7297170929971474,0.24749101874328858,0.05906051392220004,0.701455047682554,0.1173101468269278,2.2117227794571348e-05,0.9136962480840504,625.1360628572371,56.19164147138963,0.3350897542577283,0.10295066961029939,0.542431371218619,0.1753970229970303,0.0951408476919428,0.6815496814154451,0.7786411649444014,0.025826121086793257,2.213256807431779e-05
density,150.0,0.65,1300.0,0.85,1000.0,0.9,0.05,True,DENSIFICATION_EXHAUSTION_FAILURE,0.00024106902421585876,0.8503324094198573,183.08193136860874,52.83235415919808,0.38120156074685646,0.08554159305505796,0.3455299419145186,0.7284363347486758,0.25169656443413474,0.05956297183235031,0.7034035515769488,0.19100302757203036,3.36453132341469e-05,0.8504651682353557,183.12606675115532,53.4171337424742,0.3703767666698322,0.08745096870555755,0.34150121667989064,0.7273845841856491,0.24840272049359552,0.05997745609224227,0.13827145786680486,0.5382076945091291,0.005220491499890667
density,150.0,0.65,1300.0,0.85,1050.0,0.9,0.05,True,DENSIFICATION_EXHAUSTION_FAILURE,0.003665013350620063,0.8503324094198573,183.08193136860874,52.83235415919808,0.38120156074685646,0.08554159305505796,0.3455299419145186,0.7284363347486758,0.25169656443413474,0.05956297183235031,0.7034035515769488,0.19100302757203036,3.36453132341469e-05,0.8522287572920164,183.752929091332,53.37618850747803,0.37187210250422364,0.08762769027552351,0.33965996815887567,0.713174007882121,0.242236660808979,0.06574548336538821,0.21337644410326168,0.48366437856187533,0.003187185927106384
density,150.0,0.65,1300.0,0.85,1100.0,0.9,0.05,True,DENSIFICATION_EXHAUSTION_FAILURE,0.03333424944767451,0.8503324094198573,183.08193136860874,52.83235415919808,0.38120156074685646,0.08554159305505796,0.3455299419145186,0.7284363347486758,0.25169656443413474,0.05956297183235031,0.7034035515769488,0.19100302757203036,3.36453132341469e-05,0.8617573609846696,189.18483013821196,54.13523601513043,0.36230394652547304,0.09192974217751443,0.3258344453466476,0.6294144360372623,0.2050849036593744,0.10672957569278335,0.29737935562038115,0.24234389859504596,0.0007107604109325261
density,150.0,0.65,1300.0,0.85,1150.0,0.9,0.05,True,MIXED_FAILURE,0.17034387064320433,0.8503324094198573,183.08193136860874,52.83235415919808,0.38120156074685646,0.08554159305505796,0.3455299419145186,0.7284363347486758,0.25169656443413474,0.05956297183235031,0.7034035515769488,0.19100302757203036,3.36453132341469e-05,0.8768013999692779,214.26881620277103,55.88995401820667,0.3389254746524704,0.10128077413261476,0.31937005576690125,0.4819937904202844,0.15393438372582635,0.21605411029171517,0.39393253086138424,0.0806166986588298,8.850042491330818e-05
density,150.0,0.65,1300.0,0.85,1200.0,0.9,0.05,True,MIXED_FAILURE,0.5559559629091209,0.8503324094198573,183.08193136860874,52.83235415919808,0.38120156074685646,0.08554159305505796,0.3455299419145186,0.7284363347486758,0.25169656443413474,0.05956297183235031,0.7034035515769488,0.19100302757203036,3.36453132341469e-05,0.8908270036647779,284.8674228139052,57.853263247378244,0.31431318780662715,0.11225943390745836,0.3537424361755147,0.346812452354888,0.1226822817920227,0.3752847423220773,0.5216858060779505,0.04171574942815909,3.702813102252405e-05
density,150.0,0.65,1300.0,0.85,1250.0,0.9,0.05,True,GRAIN_GROWTH_FAILURE,1.3214392596274482,0.8503324094198573,183.08193136860874,52.83235415919808,0.38120156074685646,0.08554159305505796,0.3455299419145186,0.7284363347486758,0.25169656443413474,0.05956297183235031,0.7034035515769488,0.19100302757203036,3.36453132341469e-05,0.9032342786941576,425.0135832075064,59.86697798836818,0.29106641944986,0.12426035794337605,0.4264400101339494,0.24427717202761598,0.10416955971494905,0.5448000688558002,0.6580667895270498,0.030569338744370317,3.384056503888309e-05
density,150.0,0.65,1300.0,0.85,1300.0,0.9,0.05,True,GRAIN_GROWTH_FAILURE,2.541791880395018,0.8503324094198573,183.08193136860874,52.83235415919808,0.38120156074685646,0.08554159305505796,0.3455299419145186,0.7284363347486758,0.25169656443413474,0.05956297183235031,0.7034035515769488,0.19100302757203036,3.36453132341469e-05,0.9134227962983466,648.4380979683764,61.76155930413147,0.2710259825973097,0.13628452238721356,0.5194895079416498,0.17698464915455084,0.09194166830252315,0.6782434095984965,0.7708479695268663,0.025732427664375578,3.3656257207983784e-05
density,150.0,0.7,1300.0,0.85,1000.0,0.9,0.05,True,DENSIFICATION_EXHAUSTION_FAILURE,0.00022480244851907986,0.8501813109785359,180.19865351713094,50.519984961985514,0.41629680348825865,0.07462646539936037,0.35417786409501817,0.7296302753476768,0.25841889250170014,0.059094494792848756,0.7094566882247938,0.19474912869504696,2.5522545027165246e-05,0.8503109811007459,180.23916261566143,51.138074446889874,0.4035637504597225,0.07635724913319766,0.3497192739842857,0.7286058568415801,0.2548075112753358,0.05949632278035718,0.1417520217878931,0.5628160317684624,0.005764359741135389
density,150.0,0.7,1300.0,0.85,1050.0,0.9,0.05,True,DENSIFICATION_EXHAUSTION_FAILURE,0.003480877124390527,0.8501813109785359,180.19865351713094,50.519984961985514,0.41629680348825865,0.07462646539936037,0.35417786409501817,0.7296302753476768,0.25841889250170014,0.059094494792848756,0.7094566882247938,0.19474912869504696,2.5522545027165246e-05,0.8520631200452988,180.8259028880047,51.079812357798254,0.4056145326625534,0.07650606588330912,0.34796913919179195,0.7145273807382421,0.24863347760445187,0.06518251813330074,0.21832841268041825,0.5050027457870636,0.003574036730716324
density,150.0,0.7,1300.0,0.85,1100.0,0.9,0.05,True,DENSIFICATION_EXHAUSTION_FAILURE,0.03275834592211441,0.8501813109785359,180.19865351713094,50.519984961985514,0.41629680348825865,0.07462646539936037,0.35417786409501817,0.7296302753476768,0.25841889250170014,0.059094494792848756,0.7094566882247938,0.19474912869504696,2.5522545027165246e-05,0.8617890054618229,186.10166334374435,51.79080834177277,0.3962653616866213,0.08037382737228138,0.3337164540844192,0.6291191423230388,0.20994740937267556,0.10689729899775063,0.30351931816213773,0.24877850837185977,0.0008024807567229312
density,150.0,0.7,1300.0,0.85,1150.0,0.9,0.05,True,MIXED_FAILURE,0.17117009916828776,0.8501813109785359,180.19865351713094,50.519984961985514,0.41629680348825865,0.07462646539936037,0.35417786409501817,0.7296302753476768,0.25841889250170014,0.059094494792848756,0.7094566882247938,0.19474912869504696,2.5522545027165246e-05,0.8770909182644171,211.04327490965017,53.49398586901269,0.37165541388512235,0.08881580791665529,0.3270740266360397,0.479102997325886,0.1567021465087733,0.2187908325549091,0.4006661765413794,0.08037911569115266,8.841897982573786e-05
density,150.0,0.7,1300.0,0.85,1200.0,0.9,0.05,True,MIXED_FAILURE,0.5604480522907493,0.8501813109785359,180.19865351713094,50.519984961985514,0.41629680348825865,0.07462646539936037,0.35417786409501817,0.7296302753476768,0.25841889250170014,0.059094494792848756,0.7094566882247938,0.19474912869504696,2.5522545027165246e-05,0.8911298940327222,281.19063790622255,55.392635779566135,0.3455248409432351,0.09863111300668627,0.3627001068251191,0.34407297670748865,0.12479530540744285,0.3792380269495441,0.528333461790983,0.04151262915710901,2.93979182407644e-05
density,150.0,0.7,1300.0,0.85,1250.0,0.9,0.05,True,GRAIN_GROWTH_FAILURE,1.3285162015762642,0.8501813109785359,180.19865351713094,50.519984961985514,0.41629680348825865,0.07462646539936037,0.35417786409501817,0.7296302753476768,0.25841889250170014,0.059094494792848756,0.7094566882247938,0.19474912869504696,2.5522545027165246e-05,0.9034794753472419,419.595484216867,57.341203017898145,0.3205715588230765,0.10933898378327794,0.4367781932330066,0.24247112692059927,0.10590610072755037,0.5481761253659785,0.6636177006890779,0.030510972482380442,2.574650012612605e-05
density,150.0,0.7,1300.0,0.85,1300.0,0.9,0.05,True,GRAIN_GROWTH_FAILURE,2.545564105090121,0.8501813109785359,180.19865351713094,50.519984961985514,0.41629680348825865,0.07462646539936037,0.35417786409501817,0.7296302753476768,0.25841889250170014,0.059094494792848756,0.7094566882247938,0.19474912869504696,2.5522545027165246e-05,0.9135976248304085,638.9058776959112,59.17834720196401,0.2987991226903673,0.12007261097076616,0.5303657605172181,0.17596832053938588,0.093327572149809,0.6803593246130182,0.7745917830341933,0.025749675667597723,2.5535129724686615e-05
density,150.0,0.75,1300.0,0.85,1000.0,0.9,0.05,True,DENSIFICATION_EXHAUSTION_FAILURE,0.00021425112922992648,0.8503672239482185,176.90687927539392,47.97750263765903,0.45791754325881173,0.06351600533885608,0.3629949890099007,0.7281607711311712,0.2643187111142003,0.059671405481393124,0.7153724654642393,0.19340514061281985,1.2721501107732646e-05,0.8504937316210099,176.94478177404721,48.618822782502775,0.4431785623894637,0.06501384636633524,0.3581575875162224,0.7271579648442412,0.2604371424318195,0.06006698571421936,0.1453019579306293,0.5753386225257228,0.006245273863721568
density,150.0,0.75,1300.0,0.85,1050.0,0.9,0.05,True,DENSIFICATION_EXHAUSTION_FAILURE,0.0033648547712542267,0.8503672239482185,176.90687927539392,47.97750263765903,0.45791754325881173,0.06351600533885608,0.3629949890099007,0.7281607711311712,0.2643187111142003,0.059671405481393124,0.7153724654642393,0.19340514061281985,1.2721501107732646e-05,0.8522244566477698,177.50214523219142,48.54337487343761,0.4458699194349587,0.0651427530574923,0.3565330152243038,0.7132091956399376,0.25428262500720733,0.0657308094137669,0.22336662163689217,0.515378368367418,0.003917764827769124
density,150.0,0.75,1300.0,0.85,1100.0,0.9,0.05,True,DENSIFICATION_EXHAUSTION_FAILURE,0.03251822818309854,0.8503672239482185,176.90687927539392,47.97750263765903,0.45791754325881173,0.06351600533885608,0.3629949890099007,0.7281607711311712,0.2643187111142003,0.059671405481393124,0.7153724654642393,0.19340514061281985,1.2721501107732646e-05,0.8620377443463757,182.65957754283104,49.185942546371656,0.4371854723515456,0.06851172327504144,0.34222733402813243,0.6267946629745274,0.21450626649283427,0.10822377066097202,0.3099773607985414,0.2510480264394137,0.0008847293589320087
density,150.0,0.75,1300.0,0.85,1150.0,0.9,0.05,True,MIXED_FAILURE,0.17281570671152002,0.8503672239482185,176.90687927539392,47.97750263765903,0.45791754325881173,0.06351600533885608,0.3629949890099007,0.7281607711311712,0.2643187111142003,0.059671405481393124,0.7153724654642393,0.19340514061281985,1.2721501107732646e-05,0.8774748140749044,207.47916663950068,50.79751064899124,0.4119396067170907,0.07589125980583317,0.33598256823705575,0.47527204947293616,0.15968312379320612,0.22245802146268423,0.40815390170960514,0.07970203483657966,8.36642676196826e-05
density,150.0,0.75,1300.0,0.85,1200.0,0.9,0.05,True,MIXED_FAILURE,0.5661735552678292,0.8503672239482185,176.90687927539392,47.97750263765903,0.45791754325881173,0.06351600533885608,0.3629949890099007,0.7281607711311712,0.2643187111142003,0.059671405481393124,0.7153724654642393,0.19340514061281985,1.2721501107732646e-05,0.8914902387163794,277.06687606608034,52.59979717432545,0.38467008351413856,0.0844254283484538,0.37330326420746174,0.3408273264804508,0.12723195350625455,0.38396212887103853,0.535938234447018,0.04128379918915133,1.7105648391484716e-05
density,150.0,0.75,1300.0,0.85,1250.0,0.9,0.05,True,GRAIN_GROWTH_FAILURE,1.3364679177458505,0.8503672239482185,176.90687927539392,47.97750263765903,0.45791754325881173,0.06351600533885608,0.3629949890099007,0.7281607711311712,0.2643187111142003,0.059671405481393124,0.7153724654642393,0.19340514061281985,1.2721501107732646e-05,0.9037656479412097,413.3372478554962,54.45557625946813,0.3582396091502169,0.09372783161100291,0.4490762725756654,0.24037477520720935,0.10794660807126705,0.5521107488184663,0.6700030338350084,0.03046930018735878,1.2975863161619242e-05
density,150.0,0.75,1300.0,0.85,1300.0,0.9,0.05,True,GRAIN_GROWTH_FAILURE,2.5481250809156415,0.8503672239482185,176.90687927539392,47.97750263765903,0.45791754325881173,0.06351600533885608,0.3629949890099007,0.7281607711311712,0.2643187111142003,0.059671405481393124,0.7153724654642393,0.19340514061281985,1.2721501107732646e-05,0.9138004102536735,627.6877353435407,56.211953425440576,0.33481785521156215,0.10305802818302452,0.5433130825034758,0.1747952266724464,0.09496853341030062,0.6828043224361428,0.778900748093582,0.025791591089832894,1.2735868509420943e-05
density,300.0,0.65,1300.0,0.85,1000.0,0.9,0.05,True,DENSIFICATION_EXHAUSTION_FAILURE,7.035663114650096e-05,0.8503042771009216,305.6343954530651,52.83057275459675,0.38121317818569955,0.08552834709708373,0.5072975886768751,0.7286588793768072,0.3696468924758483,0.059475485508360085,0.7726039446661802,2.1977343624081316,2.189751308302422e-05,0.8505445581699596,305.6558988594917,53.39892528155047,0.3707327367834828,0.0874022380544358,0.5020656046864156,0.7267544206299612,0.3648783976521071,0.060226606852600166,0.18616410527308191,3.3707948420874083,0.004960375296340491
density,300.0,0.65,1300.0,0.85,1050.0,0.9,0.05,True,DENSIFICATION_EXHAUSTION_FAILURE,0.0010761832591342617,0.8503042771009216,305.6343954530651,52.83057275459675,0.38121317818569955,0.08552834709708373,0.5072975886768751,0.7286588793768072,0.3696468924758483,0.059475485508360085,0.7726039446661802,2.1977343624081316,2.189751308302422e-05,0.8537109492729156,305.9633140728673,53.497122415091795,0.37028402172080577,0.08828784517300965,0.49467370505811503,0.7008947110307221,0.3467141835612042,0.07098779410122096,0.27732867384291165,2.9298858445395424,0.002845685970742207
density,300.0,0.65,1300.0,0.85,1100.0,0.9,0.05,True,DENSIFICATION_EXHAUSTION_FAILURE,0.009767301875236728,0.8503042771009216,305.6343954530651,52.83057275459675,0.38121317818569955,0.08552834709708373,0.5072975886768751,0.7286588793768072,0.3696468924758483,0.059475485508360085,0.7726039446661802,2.1977343624081316,2.189751308302422e-05,0.8695707867199385,308.6196188569107,55.03135175256761,0.35009959282972897,0.09660768480917313,0.44919729649848206,0.5540797564533604,0.24889112864338686,0.15570853887459427,0.36294675055028536,1.177040860471282,0.0005113039861675457
density,300.0,0.65,1300.0,0.85,1150.0,0.9,0.05,True,MIXED_FAILURE,0.05373992296335099,0.8503042771009216,305.6343954530651,52.83057275459675,0.38121317818569955,0.08552834709708373,0.5072975886768751,0.7286588793768072,0.3696468924758483,0.059475485508360085,0.7726039446661802,2.1977343624081316,2.189751308302422e-05,0.8875252387028063,322.0591643196632,57.36777632111695,0.3201979108605647,0.10947082850608478,0.4014123591379628,0.37730345059121917,0.15145426821271507,0.3333566418010807,0.4451470754058645,0.18703153255914293,5.6889664072058184e-05
density,300.0,0.65,1300.0,0.85,1200.0,0.9,0.05,True,MIXED_FAILURE,0.2065978131117614,0.8503042771009216,305.6343954530651,52.83057275459675,0.38121317818569955,0.08552834709708373,0.5072975886768751,0.7286588793768072,0.3696468924758483,0.059475485508360085,0.7726039446661802,2.1977343624081316,2.189751308302422e-05,0.8980828432316632,368.77779316540364,58.99678011139788,0.3008503974449838,0.11897321224249884,0.4032897373387502,0.28428318053274343,0.1146484892068746,0.47339796593125516,0.5510448576212592,0.051482457813196915,2.4015413273030916e-05
density,300.0,0.65,1300.0,0.85,1250.0,0.9,0.05,True,GRAIN_GROWTH_FAILURE,0.5729563375702559,0.8503042771009216,305.6343954530651,52.83057275459675,0.38121317818569955,0.08552834709708373,0.5072975886768751,0.7286588793768072,0.3696468924758483,0.059475485508360085,0.7726039446661802,2.1977343624081316,2.189751308302422e-05,0.9065627430644391,480.74955930735257,60.46080225172488,0.2845801751849465,0.12794419905498214,0.4514744111457518,0.2205421600138923,0.0995691418250842,0.590152741418721,0.6697164124444932,0.03073501345538249,2.2022871494961815e-05
density,300.0,0.65,1300.0,0.85,1300.0,0.9,0.05,True,GRAIN_GROWTH_FAILURE,1.23019174504902,0.8503042771009216,305.6343954530651,52.83057275459675,0.38121317818569955,0.08552834709708373,0.5072975886768751,0.7286588793768072,0.3696468924758483,0.059475485508360085,0.7726039446661802,2.1977343624081316,2.189751308302422e-05,0.9146623528927527,681.6233057424736,62.01175888195685,0.26848523434700633,0.13791693988417267,0.5304282615155369,0.16987772217366442,0.09010794484279619,0.6930835854656795,0.7742733067737513,0.0254695472315424,2.1904886853248566e-05
density,300.0,0.7,1300.0,0.85,1000.0,0.9,0.05,True,DENSIFICATION_EXHAUSTION_FAILURE,6.542441293453585e-05,0.8503901636298666,304.97928154018854,50.541177276576796,0.4159511215380465,0.07471929901784223,0.522239719261554,0.7279791034439309,0.3801796026108363,0.05974295463697072,0.7777642057723538,2.3107887712885713,1.5706926420700883e-05,0.8506247926279017,304.9992346306405,51.12951913781546,0.4038850079711601,0.07638713957674474,0.5166264715088426,0.726116630877969,0.37513107291437375,0.06047939191740509,0.1906462660859627,3.5387066382549035,0.0053664678325749055
density,300.0,0.7,1300.0,0.85,1050.0,0.9,0.05,True,DENSIFICATION_EXHAUSTION_FAILURE,0.001011025549074116,0.8503901636298666,304.97928154018854,50.541177276576796,0.4159511215380465,0.07471929901784223,0.522239719261554,0.7279791034439309,0.3801796026108363,0.05974295463697072,0.7777642057723538,2.3107887712885713,1.5706926420700883e-05,0.8537542276409515,305.28762338576394,51.20350489491755,0.4039362536157376,0.07715993612550602,0.5094233497402316,0.7005316675040476,0.3568671886590221,0.07114652134206642,0.2833987027729455,3.0829301737917683,0.003116296140099682
density,300.0,0.7,1300.0,0.85,1100.0,0.9,0.05,True,DENSIFICATION_EXHAUSTION_FAILURE,0.009364339787761383,0.8503901636298666,304.97928154018854,50.541177276576796,0.4159511215380465,0.07471929901784223,0.522239719261554,0.7279791034439309,0.3801796026108363,0.05974295463697072,0.7777642057723538,2.3107887712885713,1.5706926420700883e-05,0.86979796387923,307.8352111607582,52.666327558248874,0.38334828535426013,0.08462281775770747,0.4631028258448405,0.5518334727073404,0.255555640606541,0.15737495109556213,0.3701817673648039,1.238263278662791,0.0005628715399935298
density,300.0,0.7,1300.0,0.85,1150.0,0.9,0.05,True,MIXED_FAILURE,0.05213471301288515,0.8503901636298666,304.97928154018854,50.541177276576796,0.4159511215380465,0.07471929901784223,0.522239719261554,0.7279791034439309,0.3801796026108363,0.05974295463697072,0.7777642057723538,2.3107887712885713,1.5706926420700883e-05,0.8880092089684515,320.87928885816217,54.94824358604464,0.35145590502508894,0.0962711336145214,0.4133961924757641,0.37276610312888,0.154100087717507,0.3393583216827667,0.452591039988208,0.19224512070944735,5.5030207003780355e-05
density,300.0,0.7,1300.0,0.85,1200.0,0.9,0.05,True,MIXED_FAILURE,0.20172500797342963,0.8503901636298666,304.97928154018854,50.541177276576796,0.4159511215380465,0.07471929901784223,0.522239719261554,0.7279791034439309,0.3801796026108363,0.05974295463697072,0.7777642057723538,2.3107887712885713,1.5706926420700883e-05,0.8985174318031295,366.5012295406139,56.52436624100609,0.33078602125238676,0.10476343957550671,0.4146349380872565,0.2807595183832464,0.11641270552224534,0.4794204080176468,0.5580585950697496,0.05183855053616035,1.8093903958328717e-05
density,300.0,0.7,1300.0,0.85,1250.0,0.9,0.05,True,GRAIN_GROWTH_FAILURE,0.5610145118484926,0.8503901636298666,304.97928154018854,50.541177276576796,0.4159511215380465,0.07471929901784223,0.522239719261554,0.7279791034439309,0.3801796026108363,0.05974295463697072,0.7777642057723538,2.3107887712885713,1.5706926420700883e-05,0.9068771452833685,476.0770842973614,57.93265506902372,0.3133609610524445,0.11271915076542433,0.4628026919025874,0.218387888210624,0.1010705025427981,0.5943707280626361,0.6753095349081645,0.030746360418560277,1.5848678728805497e-05
density,300.0,0.7,1300.0,0.85,1300.0,0.9,0.05,True,GRAIN_GROWTH_FAILURE,1.204798577866541,0.8503901636298666,304.97928154018854,50.541177276576796,0.4159511215380465,0.07471929901784223,0.522239719261554,0.7279791034439309,0.3801796026108363,0.05974295463697072,0.7777642057723538,2.3107887712885713,1.5706926420700883e-05,0.914866985873748,672.4178862185671,59.42902766263458,0.2959349723536043,0.12157766306032254,0.5416278036773277,0.16872655140469967,0.0913869914593772,0.6954965554844109,0.7779971798028602,0.025489407433732257,1.5715303402004256e-05
density,300.0,0.75,1300.0,0.85,1000.0,0.9,0.05,True,DENSIFICATION_EXHAUSTION_FAILURE,6.054790956947251e-05,0.8504693724470027,304.1236716551569,47.98769722523741,0.4577332352180628,0.06355566992494098,0.5391070253937565,0.7273512357342193,0.392120161113148,0.05999062600843678,0.7833264168031605,2.435765568447466,7.282651283814077e-06,0.8506984364596563,304.1420857077262,48.59966775537022,0.4437219725023209,0.06500349267562278,0.533063095864051,0.7255304151413557,0.3867534892387812,0.06071228610631709,0.19565970282841036,3.7319072124054182,0.0058524588548915695
density,300.0,0.75,1300.0,0.85,1050.0,0.9,0.05,True,DENSIFICATION_EXHAUSTION_FAILURE,0.0009451519569763937,0.8504693724470027,304.1236716551569,47.98769722523741,0.4577332352180628,0.06355566992494098,0.5391070253937565,0.7273512357342193,0.392120161113148,0.05999062600843678,0.7833264168031605,2.435765568447466,7.282651283814077e-06,0.8537901758092381,304.4111147385846,48.64376396066672,0.44448179444246144,0.06565856690590277,0.5261116748992721,0.7002299221402288,0.3683991371517827,0.07127861352561729,0.29016104135322246,3.258857419419847,0.00343953307965192
density,300.0,0.75,1300.0,0.85,1100.0,0.9,0.05,True,DENSIFICATION_EXHAUSTION_FAILURE,0.008940015176273642,0.8504693724470027,304.1236716551569,47.98769722523741,0.4577332352180628,0.06355566992494098,0.5391070253937565,0.7273512357342193,0.392120161113148,0.05999062600843678,0.7833264168031605,2.435765568447466,7.282651283814077e-06,0.870030930112923,306.84254189521806,50.00545534616211,0.4240774137984771,0.07218036489233001,0.4791452661639146,0.5495277498481297,0.2633036199654392,0.1590988607298315,0.37834187859720053,1.3098937946677225,0.0006246323823515738
density,300.0,0.75,1300.0,0.85,1150.0,0.9,0.05,True,MIXED_FAILURE,0.050348041695642685,0.8504693724470027,304.1236716551569,47.98769722523741,0.4577332352180628,0.06355566992494098,0.5391070253937565,0.7273512357342193,0.392120161113148,0.05999062600843678,0.7833264168031605,2.435765568447466,7.282651283814077e-06,0.8885396406633548,319.4357029562827,52.19947103575728,0.3905613855076543,0.08247812831886486,0.4275144185923291,0.3678188022741525,0.15724784140156114,0.3459959148125903,0.4611143000075552,0.19886268012362082,5.192717783023545e-05
density,300.0,0.75,1300.0,0.85,1200.0,0.9,0.05,True,MIXED_FAILURE,0.1961108419046438,0.8504693724470027,304.1236716551569,47.98769722523741,0.4577332352180628,0.06355566992494098,0.5391070253937565,0.7273512357342193,0.392120161113148,0.05999062600843678,0.7833264168031605,2.435765568447466,7.282651283814077e-06,0.8990060946257064,363.7656209465812,53.70274635327027,0.3687414906480436,0.08988321823446643,0.4280876639388983,0.27682938770652304,0.11850724589292103,0.4861992649491948,0.5661076458245969,0.05236511286141683,1.0003124682773282e-05
density,300.0,0.75,1300.0,0.85,1250.0,0.9,0.05,True,GRAIN_GROWTH_FAILURE,0.5470530307459763,0.8504693724470027,304.1236716551569,47.98769722523741,0.4577332352180628,0.06355566992494098,0.5391070253937565,0.7273512357342193,0.392120161113148,0.05999062600843678,0.7833264168031605,2.435765568447466,7.282651283814077e-06,0.9072355311322946,470.49544795570466,55.03724608621602,0.3502945754819159,0.0967539568244991,0.47625559150386987,0.2159507871710172,0.10284776987985911,0.5991618307179494,0.6817232478503455,0.030801714586761675,7.444908365951793e-06
density,300.0,0.75,1300.0,0.85,1300.0,0.9,0.05,True,GRAIN_GROWTH_FAILURE,1.1749177327077047,0.8504693724470027,304.1236716551569,47.98769722523741,0.4577332352180628,0.06355566992494098,0.5391070253937565,0.7273512357342193,0.392120161113148,0.05999062600843678,0.7833264168031605,2.435765568447466,7.282651283814077e-06,0.9151014598711018,661.4439664189763,56.46052138021754,0.33160383793488946,0.10441283300475335,0.5549358049142622,0.16741516226417646,0.09290466782592258,0.6982482402544402,0.7822742049468723,0.02553672925886687,7.2922990077525065e-06
connectivity,75.0,0.65,1300.0,0.85,1000.0,0.9,0.05,True,DENSIFICATION_EXHAUSTION_FAILURE,0.0002300695698081561,0.8500986777112278,169.81332570984492,52.80595206492632,0.3816100506845324,0.08541944376419867,0.3256684102840096,0.7302818226037754,0.23782972022668064,0.05883975515115818,0.6903612718046516,0.12485393066029,5.287797861736989e-06,0.8501803253783633,169.85239458863867,53.73694008428164,0.3645066019286615,0.08846891364011195,0.3197391068162392,0.7296380524486141,0.23329381918906017,0.059091450329046634,0.13020026048509586,0.3430756358898363,0.008365237228819832
connectivity,75.0,0.65,1300.0,0.85,1050.0,0.9,0.05,True,DENSIFICATION_EXHAUSTION_FAILURE,0.003687913358019326,0.8500986777112278,169.81332570984492,52.80595206492632,0.3816100506845324,0.08541944376419867,0.3256684102840096,0.7302818226037754,0.23782972022668064,0.05883975515115818,0.6903612718046516,0.12485393066029,5.287797861736989e-06,0.8513652916027715,170.43958254209994,53.57772138640117,0.36784280695701804,0.08814196607554814,0.31967874696769116,0.7201867900768149,0.2302284106344398,0.06285967060958958,0.20288183668991422,0.32488110884012217,0.005815586537404652
connectivity,75.0,0.65,1300.0,0.85,1100.0,0.9,0.05,True,DENSIFICATION_EXHAUSTION_FAILURE,0.03681623375752454,0.8500986777112278,169.81332570984492,52.80595206492632,0.3816100506845324,0.08541944376419867,0.3256684102840096,0.7302818226037754,0.23782972022668064,0.05883975515115818,0.6903612718046516,0.12485393066029,5.287797861736989e-06,0.859304051250065,176.06521280432122,53.97440671860399,0.36409694884963456,0.09091762982233967,0.3123314837807134,0.6519990624300201,0.20363983459240217,0.0944145847414271,0.2882733284294212,0.19508951544225314,0.0017068598587231414
connectivity,75.0,0.65,1300.0,0.85,1150.0,0.9,0.05,True,MIXED_FAILURE,0.19662728907753807,0.8500986777112278,169.81332570984492,52.80595206492632,0.3816100506845324,0.08541944376419867,0.3256684102840096,0.7302818226037754,0.23782972022668064,0.05883975515115818,0.6903612718046516,0.12485393066029,5.287797861736989e-06,0.874719038573448,203.20325959341272,55.63311380201225,0.34225843253871785,0.09987926580434578,0.3112430172015076,0.5028095846940202,0.1564959722180038,0.1971033394466023,0.38785499568413034,0.07617601265908559,0.00018114614775445204
connectivity,75.0,0.65,1300.0,0.85,1200.0,0.9,0.05,True,MIXED_FAILURE,0.6315199232934633,0.8500986777112278,169.81332570984492,52.80595206492632,0.3816100506845324,0.08541944376419867,0.3256684102840096,0.7302818226037754,0.23782972022668064,0.05883975515115818,0.6903612718046516,0.12485393066029,5.287797861736989e-06,0.8898386890363565,277.0538241363341,57.70372956620345,0.31613511504125635,0.11140377335822786,0.34926396089476697,0.35582129360446824,0.12427555437499639,0.36250289491174315,0.518848953686733,0.04183022680322016,1.9440149954802888e-05
connectivity,75.0,0.65,1300.0,0.85,1250.0,0.9,0.05,True,GRAIN_GROWTH_FAILURE,1.4735525149316486,0.8500986777112278,169.81332570984492,52.80595206492632,0.3816100506845324,0.08541944376419867,0.3256684102840096,0.7302818226037754,0.23782972022668064,0.05883975515115818,0.6903612718046516,0.12485393066029,5.287797861736989e-06,0.9028847409502209,420.0421788784941,59.80408403719685,0.29177839487690305,0.12388005007213722,0.4242199567221423,0.24686745940904112,0.10472610294660864,0.5399803107719575,0.6570023947984706,0.03071048680614597,6.5611331854363255e-06
connectivity,75.0,0.65,1300.0,0.85,1300.0,0.9,0.05,True,GRAIN_GROWTH_FAILURE,2.800836718669792,0.8500986777112278,169.81332570984492,52.80595206492632,0.3816100506845324,0.08541944376419867,0.3256684102840096,0.7302818226037754,0.23782972022668064,0.05883975515115818,0.6903612718046516,0.12485393066029,5.287797861736989e-06,0.9133044839081031,645.4327236774116,61.73598687652644,0.27130014809943614,0.1361238571474329,0.5185044007719477,0.17767504368691445,0.09212529205901321,0.6768073307037527,0.7705352406442575,0.025772673104472378,5.425899459712526e-06
connectivity,75.0,0.7,1300.0,0.85,1000.0,0.9,0.05,True,DENSIFICATION_EXHAUSTION_FAILURE,0.00020657462172109296,0.8501025079119879,166.5021458148573,50.51000415533538,0.41647627515953384,0.07458746824949122,0.3325554557717012,0.7302516441101256,0.24284916833507694,0.05885154000588086,0.6960744603203695,0.12283647131192742,2.7884044708672548e-06,0.8501764710797767,166.53654093264475,51.56236867204962,0.3950357194393603,0.07755341702688888,0.3255581399373849,0.7296684643107121,0.23754950801196356,0.059079546027674845,0.1329976631325171,0.3444201421578512,0.009862757541272438
connectivity,75.0,0.7,1300.0,0.85,1050.0,0.9,0.05,True,DENSIFICATION_EXHAUSTION_FAILURE,0.003391251139678142,0.8501025079119879,166.5021458148573,50.51000415533538,0.41647627515953384,0.07458746824949122,0.3325554557717012,0.7302516441101256,0.24284916833507694,0.05885154000588086,0.6960744603203695,0.12283647131192742,2.7884044708672548e-06,0.8512779075648462,167.0667964066108,51.37298073563785,0.39930642378037673,0.07719939433709157,0.32580048987588994,0.7208906251503023,0.23486651882090503,0.06257429634129283,0.20701821647985708,0.32731079306671984,0.007059214243919892
connectivity,75.0,0.7,1300.0,0.85,1100.0,0.9,0.05,True,DENSIFICATION_EXHAUSTION_FAILURE,0.035633735325891064,0.8501025079119879,166.5021458148573,50.51000415533538,0.41647627515953384,0.07458746824949122,0.3325554557717012,0.7302516441101256,0.24284916833507694,0.05885154000588086,0.6960744603203695,0.12283647131192742,2.7884044708672548e-06,0.859115733335067,172.43523921001685,51.657421494537616,0.397527518180877,0.079467344162093,0.31902606580040127,0.653706245104394,0.20854933156480765,0.09352385744617854,0.2940347559760919,0.19808208632995727,0.002196836980130672
connectivity,75.0,0.7,1300.0,0.85,1150.0,0.9,0.05,True,MIXED_FAILURE,0.19826072231343658,0.8501025079119879,166.5021458148573,50.51000415533538,0.41647627515953384,0.07458746824949122,0.3325554557717012,0.7302516441101256,0.24284916833507694,0.05885154000588086,0.6960744603203695,0.12283647131192742,2.7884044708672548e-06,0.8748623832220722,199.51298151084805,53.23413144964221,0.37530599091991984,0.08749136397490187,0.31831680950538943,0.5013761643043038,0.1595964609833959,0.19836664719381314,0.39445175200173255,0.07590357785402929,0.00023341468326870367
connectivity,75.0,0.7,1300.0,0.85,1200.0,0.9,0.05,True,MIXED_FAILURE,0.640412742249617,0.8501025079119879,166.5021458148573,50.51000415533538,0.41647627515953384,0.07458746824949122,0.3325554557717012,0.7302516441101256,0.24284916833507694,0.05885154000588086,0.6960744603203695,0.12283647131192742,2.7884044708672548e-06,0.890096721027014,273.13224160659564,55.24172434224281,0.34754953412157447,0.09783291085604028,0.3579293410951808,0.3534590635173812,0.12651336970889593,0.3658221463111817,0.5254302072144523,0.04164923419496894,2.1290542660296454e-05
connectivity,75.0,0.7,1300.0,0.85,1250.0,0.9,0.05,True,GRAIN_GROWTH_FAILURE,1.489457386244522,0.8501025079119879,166.5021458148573,50.51000415533538,0.41647627515953384,0.07458746824949122,0.3325554557717012,0.7302516441101256,0.24284916833507694,0.05885154000588086,0.6960744603203695,0.12283647131192742,2.7884044708672548e-06,0.9031167851987787,414.49999672435894,57.27780000369509,0.3213706731969734,0.10898588264468946,0.43444104763346547,0.24514581378319955,0.10650140416293165,0.5431808478219052,0.6625354991171553,0.030657564923403862,4.444991561630518e-06
connectivity,75.0,0.7,1300.0,0.85,1300.0,0.9,0.05,True,GRAIN_GROWTH_FAILURE,2.8187714861695357,0.8501025079119879,166.5021458148573,50.51000415533538,0.41647627515953384,0.07458746824949122,0.3325554557717012,0.7302516441101256,0.24284916833507694,0.05885154000588086,0.6960744603203695,0.12283647131192742,2.7884044708672548e-06,0.9134747322951543,635.8336468238193,59.15250084464275,0.2991105043613384,0.11992349368651847,0.5293381017881055,0.1766822500447953,0.09352464685836336,0.6788727496947469,0.7742767302873683,0.025791396519951416,2.966668774681229e-06
connectivity,75.0,0.75,1300.0,0.85,1000.0,0.9,0.05,True,DENSIFICATION_EXHAUSTION_FAILURE,0.00019045120184465507,0.8503329687813811,162.44429896229815,47.97227355736961,0.4580283825124691,0.06349998666521534,0.3391675834581468,0.7284319086808702,0.2470604901810962,0.059564712565129435,0.7014424323179397,0.11690166638348112,1.157109387017579e-06,0.8503996190686907,162.47523667426833,49.15005854010795,0.4313426373531977,0.06627659184818552,0.3310101997379641,0.7279042002554715,0.24094371471666665,0.05977246964580346,0.1356823450509536,0.33482410487783565,0.011522673109775604
connectivity,75.0,0.75,1300.0,0.85,1050.0,0.9,0.05,True,DENSIFICATION_EXHAUSTION_FAILURE,0.0031872828938875417,0.8503329687813811,162.44429896229815,47.97227355736961,0.4580283825124691,0.06349998666521534,0.3391675834581468,0.7284319086808702,0.2470604901810962,0.059564712565129435,0.7014424323179397,0.11690166638348112,1.157109387017579e-06,0.8514132312512359,162.96205489759024,48.93091754697165,0.43669797828279366,0.06592052745060792,0.33159501023535276,0.7198001993097212,0.23868215445751595,0.06301674476393133,0.21099252789528422,0.3194726600421874,0.00845882681566904
connectivity,75.0,0.75,1300.0,0.85,1100.0,0.9,0.05,True,DENSIFICATION_EXHAUSTION_FAILURE,0.03493303579059652,0.8503329687813811,162.44429896229815,47.97227355736961,0.4580283825124691,0.06349998666521534,0.3391675834581468,0.7284319086808702,0.2470604901810962,0.059564712565129435,0.7014424323179397,0.11690166638348112,1.157109387017579e-06,0.8590352999216915,168.11897147192647,49.08422959863135,0.4376291363733981,0.06768540884025007,0.3258525188117328,0.6544342070774957,0.2132490347727611,0.09314571628956662,0.2998554941344882,0.1967522963694617,0.002799533925685115
connectivity,75.0,0.75,1300.0,0.85,1150.0,0.9,0.05,True,MIXED_FAILURE,0.20157743369383038,0.8503329687813811,162.44429896229815,47.97227355736961,0.4580283825124691,0.06349998666521534,0.3391675834581468,0.7284319086808702,0.2470604901810962,0.059564712565129435,0.7014424323179397,0.11690166638348112,1.157109387017579e-06,0.8750180012456317,195.18940386531156,50.5322869792092,0.41596226969463534,0.07463438495030647,0.3262812778432437,0.49981998755146095,0.16308190422988483,0.19974500865520387,0.4016394994450683,0.07521726366052638,0.0003042012387890738
connectivity,75.0,0.75,1300.0,0.85,1200.0,0.9,0.05,True,MIXED_FAILURE,0.6532321852579999,0.8503329687813811,162.44429896229815,47.97227355736961,0.4580283825124691,0.06349998666521534,0.3391675834581468,0.7284319086808702,0.2470604901810962,0.059564712565129435,0.7014424323179397,0.11690166638348112,1.157109387017579e-06,0.8903797681807372,268.558143356144,52.44576083927404,0.3869490222305541,0.08367956186106575,0.36806708799105303,0.3508760340965866,0.12914592011578005,0.3694778895166125,0.5328857086087675,0.04146192740937438,2.562488748686361e-05
connectivity,75.0,0.75,1300.0,0.85,1250.0,0.9,0.05,True,GRAIN_GROWTH_FAILURE,1.5115622657791616,0.8503329687813811,162.44429896229815,47.97227355736961,0.4580283825124691,0.06349998666521534,0.3391675834581468,0.7284319086808702,0.2470604901810962,0.059564712565129435,0.7014424323179397,0.11690166638348112,1.157109387017579e-06,0.9033789107771524,407.98897156465705,54.39082396331462,0.3591513095302563,0.09339971065371741,0.44654110864740226,0.24321075562991018,0.10860360045395252,0.5467919931805543,0.6688757197856183,0.030626602056677197,3.356669197365563e-06
connectivity,75.0,0.75,1300.0,0.85,1300.0,0.9,0.05,True,GRAIN_GROWTH_FAILURE,2.844217794091677,0.8503329687813811,162.44429896229815,47.97227355736961,0.4580283825124691,0.06349998666521534,0.3391675834581468,0.7284319086808702,0.2470604901810962,0.059564712565129435,0.7014424323179397,0.11690166638348112,1.157109387017579e-06,0.9136691288351043,624.4712646196147,56.18543215664713,0.3351788409133391,0.10291960503436319,0.5422092576577391,0.17555397167911732,0.09518698866300196,0.6812225945649824,0.7785758863011687,0.025836184212055587,1.3937907804548608e-06
connectivity,150.0,0.65,1300.0,0.85,1000.0,0.9,0.05,True,DENSIFICATION_EXHAUSTION_FAILURE,0.00013507516084846946,0.850309128914254,183.05941258689882,52.829399321053586,0.38124891093561725,0.08552843654766029,0.3455562399439833,0.7286205066004772,0.25177936260694117,0.059490565158417955,0.7034225525111424,0.19119067074996904,2.339683285145711e-05,0.8503821844451148,183.08413936649882,53.99013457908029,0.36010972136844516,0.08936287826841935,0.33787931819732,0.7280423021359015,0.24599043666448564,0.0597180583516072,0.13679718207165528,0.5201993093222548,0.010423295765128657
connectivity,150.0,0.65,1300.0,0.85,1050.0,0.9,0.05,True,DENSIFICATION_EXHAUSTION_FAILURE,0.002287804928055661,0.850309128914254,183.05941258689882,52.829399321053586,0.38124891093561725,0.08552843654766029,0.3455562399439833,0.7286205066004772,0.25177936260694117,0.059490565158417955,0.7034225525111424,0.19119067074996904,2.339683285145711e-05,0.8515010340056517,183.4782168131421,53.79502925858348,0.3639923682797303,0.08889193312654757,0.3377935735642986,0.7190913027677432,0.242904420880923,0.06330537995879484,0.21228320025928413,0.4901262141568531,0.007624095801471026
connectivity,150.0,0.65,1300.0,0.85,1100.0,0.9,0.05,True,DENSIFICATION_EXHAUSTION_FAILURE,0.02627832153077838,0.850309128914254,183.05941258689882,52.829399321053586,0.38124891093561725,0.08552843654766029,0.3455562399439833,0.7286205066004772,0.25177936260694117,0.059490565158417955,0.7034225525111424,0.19119067074996904,2.339683285145711e-05,0.8599228902667218,187.86990669009276,54.12165642195382,0.36171795341743584,0.0915309533755221,0.32734226089696294,0.6463616484544202,0.21158148336215787,0.09739535656107186,0.29849011638324824,0.27216796642127117,0.002393164999185061
connectivity,150.0,0.65,1300.0,0.85,1150.0,0.9,0.05,True,MIXED_FAILURE,0.1619747721126208,0.850309128914254,183.05941258689882,52.829399321053586,0.38124891093561725,0.08552843654766029,0.3455562399439833,0.7286205066004772,0.25177936260694117,0.059490565158417955,0.7034225525111424,0.19119067074996904,2.339683285145711e-05,0.8761963610698283,212.71041922373198,55.83162964122632,0.3396120523742953,0.10093099708024134,0.319014929329007,0.48803867188225486,0.15569162242033996,0.21041522177622363,0.39373526675842097,0.08347732713877136,0.00025278239158866883
connectivity,150.0,0.65,1300.0,0.85,1200.0,0.9,0.05,True,MIXED_FAILURE,0.5505600645681814,0.850309128914254,183.05941258689882,52.829399321053586,0.38124891093561725,0.08552843654766029,0.3455562399439833,0.7286205066004772,0.25177936260694117,0.059490565158417955,0.7034225525111424,0.19119067074996904,2.339683285145711e-05,0.8906763876999224,283.8446146005552,57.83173556710404,0.31457032159496,0.11213366093130217,0.35323124534370354,0.348178491860691,0.12298752228184442,0.37332505846053526,0.5213710806377413,0.04190828739981481,4.04224356923567e-05
connectivity,150.0,0.65,1300.0,0.85,1250.0,0.9,0.05,True,GRAIN_GROWTH_FAILURE,1.3177175539573023,0.850309128914254,183.05941258689882,52.829399321053586,0.38124891093561725,0.08552843654766029,0.3455562399439833,0.7286205066004772,0.25177936260694117,0.059490565158417955,0.7034225525111424,0.19119067074996904,2.339683285145711e-05,0.903181569346004,424.2800139697677,59.85745740013285,0.2911740699723742,0.12420267005613603,0.42612016259519436,0.24466659997673784,0.1042573713637009,0.5440737770416905,0.6579141793427412,0.030600275594916394,2.4820742911941173e-05
connectivity,150.0,0.65,1300.0,0.85,1300.0,0.9,0.05,True,GRAIN_GROWTH_FAILURE,2.5391098999729937,0.850309128914254,183.05941258689882,52.829399321053586,0.38124891093561725,0.08552843654766029,0.3455562399439833,0.7286205066004772,0.25177936260694117,0.059490565158417955,0.7034225525111424,0.19119067074996904,2.339683285145711e-05,0.9134002669898568,647.8673793695344,61.75662854346165,0.27107840647394843,0.13625334898620242,0.519303585079957,0.17711595310632125,0.09197694942296616,0.677970206743731,0.7707890317338467,0.025740838214402165,2.3542792608306603e-05
connectivity,150.0,0.7,1300.0,0.85,1000.0,0.9,0.05,True,DENSIFICATION_EXHAUSTION_FAILURE,0.00011626293451156403,0.8501493000705194,180.16909527882157,50.51641302150867,0.4163569952063053,0.0746113172977107,0.354212911722282,0.729882792658136,0.258533909203429,0.05899569000017616,0.7094810738757208,0.1950108221192727,1.730291236631588e-05,0.8502147804872143,180.19004226654698,51.85814890550675,0.38928765863697573,0.07843026857901814,0.3449345390437166,0.7293660930567669,0.2515835571026524,0.05919796752890698,0.13984976575564703,0.53825611072575,0.012563101089530427
connectivity,150.0,0.7,1300.0,0.85,1050.0,0.9,0.05,True,DENSIFICATION_EXHAUSTION_FAILURE,0.002011490109040486,0.8501493000705194,180.16909527882157,50.51641302150867,0.4163569952063053,0.0746113172977107,0.354212911722282,0.729882792658136,0.258533909203429,0.05899569000017616,0.7094810738757208,0.1950108221192727,1.730291236631588e-05,0.8512415886264346,180.5315036319297,51.62713818111534,0.39424400512102525,0.07792757142761687,0.34522705389910935,0.7211828367955896,0.2489718260695436,0.06245604388095602,0.21678203933064585,0.5095507747680729,0.009453475427709612
connectivity,150.0,0.7,1300.0,0.85,1100.0,0.9,0.05,True,DENSIFICATION_EXHAUSTION_FAILURE,0.02445896702612647,0.8501493000705194,180.16909527882157,50.51641302150867,0.4163569952063053,0.0746113172977107,0.354212911722282,0.729882792658136,0.258533909203429,0.05899569000017616,0.7094810738757208,0.1950108221192727,1.730291236631588e-05,0.8595293627457372,184.5758452393733,51.808516309857126,0.3947063710837527,0.07998375483119946,0.33544576176990737,0.6499513775428347,0.21802343495325685,0.09549026725982844,0.3047823147679469,0.28657999250010047,0.0031752514781037125
connectivity,150.0,0.7,1300.0,0.85,1150.0,0.9,0.05,True,MIXED_FAILURE,0.16084199007063132,0.8501493000705194,180.16909527882157,50.51641302150867,0.4163569952063053,0.0746113172977107,0.354212911722282,0.729882792658136,0.258533909203429,0.05899569000017616,0.7094810738757208,0.1950108221192727,1.730291236631588e-05,0.8763405336019642,209.14785111269242,53.42808032260566,0.37246459998614995,0.08843497082761649,0.32660110324960523,0.4865978750298407,0.1589234028236595,0.21174902607083762,0.4004261408446886,0.08394887248577805,0.0003281391488426817
connectivity,150.0,0.7,1300.0,0.85,1200.0,0.9,0.05,True,MIXED_FAILURE,0.5539595980445738,0.8501493000705194,180.16909527882157,50.51641302150867,0.4163569952063053,0.0746113172977107,0.354212911722282,0.729882792658136,0.258533909203429,0.05899569000017616,0.7094810738757208,0.1950108221192727,1.730291236631588e-05,0.8909491675088511,279.9754948795321,55.36806364683395,0.3458452731241786,0.09849724100184605,0.36206799357964303,0.34570631407137936,0.12516919150363823,0.37687724177544196,0.52795938076961,0.041741781706259334,4.012681567923523e-05
connectivity,150.0,0.7,1300.0,0.85,1250.0,0.9,0.05,True,GRAIN_GROWTH_FAILURE,1.3241844542371766,0.8501493000705194,180.16909527882157,50.51641302150867,0.4163569952063053,0.0746113172977107,0.354212911722282,0.729882792658136,0.258533909203429,0.05899569000017616,0.7094810738757208,0.1950108221192727,1.730291236631588e-05,0.903417707987668,418.7462103810138,57.33051728262208,0.3207053919666429,0.10927904915042984,0.43639668105049423,0.24292523000002428,0.10601176411543854,0.5473260700258827,0.6634418430491147,0.030546944149470956,1.9186567916356854e-05
connectivity,150.0,0.7,1300.0,0.85,1300.0,0.9,0.05,True,GRAIN_GROWTH_FAILURE,2.5425451888286323,0.8501493000705194,180.16909527882157,50.51641302150867,0.4163569952063053,0.0746113172977107,0.354212911722282,0.729882792658136,0.258533909203429,0.05899569000017616,0.7094810738757208,0.1950108221192727,1.730291236631588e-05,0.9135715753909661,638.2571616555969,59.172922052316906,0.2988635293881133,0.1200409005085915,0.530149260524361,0.17611946192130554,0.09336960250152848,0.6800445211116228,0.774525484121699,0.025759360385191495,1.7493059974381608e-05
connectivity,150.0,0.75,1300.0,0.85,1000.0,0.9,0.05,True,DENSIFICATION_EXHAUSTION_FAILURE,0.00010165468613036922,0.8503242794434913,176.8681216448319,47.97341548581761,0.4579888884928686,0.06349933157105994,0.3630383714713795,0.7285006598192486,0.26447369315660546,0.059537676728681446,0.7154018572326091,0.19374875976361686,9.327443092646196e-06,0.85038247561954,176.88610111822416,49.50752540360934,0.42362994842854873,0.0671609067271422,0.3519641020237094,0.7280399960666665,0.2562439434529492,0.059718966689828616,0.14289199479966017,0.5432891023148925,0.014974605721892202
connectivity,150.0,0.75,1300.0,0.85,1050.0,0.9,0.05,True,DENSIFICATION_EXHAUSTION_FAILURE,0.001789507920061098,0.8503242794434913,176.8681216448319,47.97341548581761,0.4579888884928686,0.06349933157105994,0.3630383714713795,0.7285006598192486,0.26447369315660546,0.059537676728681446,0.7154018572326091,0.19374875976361686,9.327443092646196e-06,0.8513128803298533,177.18462854932164,49.24176104539745,0.4298126176952351,0.06665908336608484,0.3526647928604246,0.7206090671238335,0.2541334473905706,0.06268836318343744,0.22125500218132277,0.5167140622728661,0.011551667118600681
connectivity,150.0,0.75,1300.0,0.85,1100.0,0.9,0.05,True,DENSIFICATION_EXHAUSTION_FAILURE,0.022826584960638663,0.8503242794434913,176.8681216448319,47.97341548581761,0.4579888884928686,0.06349933157105994,0.3630383714713795,0.7285006598192486,0.26447369315660546,0.059537676728681446,0.7154018572326091,0.19374875976361686,9.327443092646196e-06,0.8593188819821659,180.90541685038622,49.256622492061105,0.43392720920076744,0.06815525899179029,0.34403990952923613,0.6518644487751024,0.22426738598191162,0.09448505465213107,0.31130253034748107,0.2969282559371543,0.004166892616848048
connectivity,150.0,0.75,1300.0,0.85,1150.0,0.9,0.05,True,MIXED_FAILURE,0.16004777683297755,0.8503242794434913,176.8681216448319,47.97341548581761,0.4579888884928686,0.06349933157105994,0.3630383714713795,0.7285006598192486,0.26447369315660546,0.059537676728681446,0.7154018572326091,0.19374875976361686,9.327443092646196e-06,0.8765470266160801,205.17547130671187,50.72605913823087,0.4128267187820577,0.07548820715347705,0.33532583267071014,0.48453466859678423,0.16247699120504328,0.21367013728821932,0.4078419448389706,0.08409811761859137,0.0004312080427464968
connectivity,150.0,0.75,1300.0,0.85,1200.0,0.9,0.05,True,MIXED_FAILURE,0.5582859999965359,0.8503242794434913,176.8681216448319,47.97341548581761,0.4579888884928686,0.06349933157105994,0.3630383714713795,0.7285006598192486,0.26447369315660546,0.059537676728681446,0.7154018572326091,0.19374875976361686,9.327443092646196e-06,0.8912711901363409,275.6111178048258,52.572113545220915,0.38506211187696404,0.08428524386605735,0.3725070461361837,0.3427985568023128,0.12769487781417632,0.38108773982207517,0.5354862299859217,0.04155810473670456,4.022203374866696e-05
connectivity,150.0,0.75,1300.0,0.85,1250.0,0.9,0.05,True,GRAIN_GROWTH_FAILURE,1.3313497284175808,0.8503242794434913,176.8681216448319,47.97341548581761,0.4579888884928686,0.06349933157105994,0.3630383714713795,0.7285006598192486,0.26447369315660546,0.059537676728681446,0.7154018572326091,0.19374875976361686,9.327443092646196e-06,0.9036920831694586,412.3414473624065,54.44367976437415,0.3584037650655361,0.0936663385843636,0.4486114487193803,0.2409124872381556,0.1080760999144982,0.55109990018735,0.6697971626497565,0.03051175576276312,1.186494991649359e-05
connectivity,150.0,0.75,1300.0,0.85,1300.0,0.9,0.05,True,GRAIN_GROWTH_FAILURE,2.544678551421989,0.8503242794434913,176.8681216448319,47.97341548581761,0.4579888884928686,0.06349933157105994,0.3630383714713795,0.7285006598192486,0.26447369315660546,0.059537676728681446,0.7154018572326091,0.19374875976361686,9.327443092646196e-06,0.9137697309783512,626.9406372247308,56.20606344639883,0.3348951302777243,0.10302623995353968,0.543055303388434,0.17497230674346842,0.09501963912314838,0.6824350632193905,0.7788249178710829,0.02580295699579739,9.58181755897247e-06
connectivity,300.0,0.65,1300.0,0.85,1000.0,0.9,0.05,True,DENSIFICATION_EXHAUSTION_FAILURE,9.542888301175502e-06,0.8502055872724372,305.62130648023543,52.82165964850859,0.38133702211099807,0.08548246838003024,0.5075715964359571,0.7294386733203657,0.37024235191934457,0.059169529324455565,0.7727007071220453,2.208000897266625,3.639752433780892e-05,0.8502357264360888,305.62422299022563,58.236435321858664,0.2958246851736129,0.10633179842730478,0.46583503884516353,0.7292006794431937,0.3396872268343398,0.05926280937255372,0.1748793815614592,2.961668239802154,0.04641860316708999
connectivity,300.0,0.65,1300.0,0.85,1050.0,0.9,0.05,True,DENSIFICATION_EXHAUSTION_FAILURE,0.00017434972452461315,0.8502055872724372,305.62130648023543,52.82165964850859,0.38133702211099807,0.08548246838003024,0.5075715964359571,0.7294386733203657,0.37024235191934457,0.059169529324455565,0.7727007071220453,2.208000897266625,3.639752433780892e-05,0.8507521076612521,305.6745914708291,57.554327853243954,0.30502051802528346,0.10332388438536015,0.4696214655634303,0.7251026934071162,0.3405237895618406,0.06088254623132794,0.2668648716834086,2.9304429499983238,0.04039416411011404
connectivity,300.0,0.65,1300.0,0.85,1100.0,0.9,0.05,True,DENSIFICATION_EXHAUSTION_FAILURE,0.002598581531567832,0.8502055872724372,305.62130648023543,52.82165964850859,0.38133702211099807,0.08548246838003024,0.5075715964359571,0.7294386733203657,0.37024235191934457,0.059169529324455565,0.7727007071220453,2.208000897266625,3.639752433780892e-05,0.8572465437610166,306.4154883629086,56.20632082827373,0.3261985593939163,0.09869612372330883,0.4660696279610872,0.6704317071880523,0.3124678563424521,0.08508409658232709,0.37176907569265927,2.2413769592913795,0.022915088244815952
connectivity,300.0,0.65,1300.0,0.85,1150.0,0.9,0.05,True,DENSIFICATION_EXHAUSTION_FAILURE,0.038016312207863535,0.8502055872724372,305.62130648023543,52.82165964850859,0.38133702211099807,0.08548246838003024,0.5075715964359571,0.7294386733203657,0.37024235191934457,0.059169529324455565,0.7727007071220453,2.208000897266625,3.639752433780892e-05,0.8839654821044829,317.2399014847632,57.17121355402702,0.3214917396340433,0.10781741070542454,0.40713392884935506,0.41129383934917224,0.16745167672576397,0.29094341192532214,0.4489306205423042,0.2802767484147595,0.0027266443689609736
connectivity,300.0,0.65,1300.0,0.85,1200.0,0.9,0.05,True,MIXED_FAILURE,0.19785090163917238,0.8502055872724372,305.62130648023543,52.82165964850859,0.38133702211099807,0.08548246838003024,0.5075715964359571,0.7294386733203657,0.37024235191934457,0.059169529324455565,0.7727007071220453,2.208000897266625,3.639752433780892e-05,0.8976935515593414,366.08875752749185,58.952025382634176,0.30129856951903744,0.11867238519914264,0.4024444278525451,0.28746210325190175,0.11568752167250083,0.4680097521389651,0.5506171064060629,0.05316482378877907,0.00019041190691072399
connectivity,300.0,0.65,1300.0,0.85,1250.0,0.9,0.05,True,GRAIN_GROWTH_FAILURE,0.5689432806380129,0.8502055872724372,305.62130648023543,52.82165964850859,0.38133702211099807,0.08548246838003024,0.5075715964359571,0.7294386733203657,0.37024235191934457,0.059169529324455565,0.7727007071220453,2.208000897266625,3.639752433780892e-05,0.9064821947681335,479.5024952219762,60.44825045518244,0.2847076287020035,0.12786168946498852,0.4509759741570444,0.22109651944456266,0.09970921823924354,0.5890699499312394,0.6694935283203027,0.030812749870210855,4.516153506875226e-05
connectivity,300.0,0.65,1300.0,0.85,1300.0,0.9,0.05,True,GRAIN_GROWTH_FAILURE,1.2279865122627163,0.8502055872724372,305.62130648023543,52.82165964850859,0.38133702211099807,0.08548246838003024,0.5075715964359571,0.7294386733203657,0.37024235191934457,0.059169529324455565,0.7727007071220453,2.208000897266625,3.639752433780892e-05,0.9146357616781947,680.9201486980744,62.00749378668342,0.268523652400833,0.1378866930803104,0.5301979322378344,0.1700277698053985,0.09014837197383278,0.6927692486744101,0.7742021329611704,0.025480368936325094,3.693576192914785e-05
connectivity,300.0,0.7,1300.0,0.85,1000.0,0.9,0.05,True,DENSIFICATION_EXHAUSTION_FAILURE,8.205125105707625e-06,0.8502744567322842,304.964717588303,50.53131621610564,0.41609736614557535,0.07467163623752654,0.522561937822639,0.7288946525490904,0.38089260210461184,0.059382881095650104,0.7778729886305098,2.3232423996618015,3.3168092148806474e-05,0.8503012415201389,304.96721986196366,56.716926374999105,0.3098613917423442,0.09584180414162928,0.47318872144377977,0.7286828859186187,0.34480452312579485,0.059466052610298456,0.17721828749399587,3.039800338349785,0.0547213485877204
connectivity,300.0,0.7,1300.0,0.85,1050.0,0.9,0.05,True,DENSIFICATION_EXHAUSTION_FAILURE,0.00014925604114222465,0.8502744567322842,304.964717588303,50.53131621610564,0.41609736614557535,0.07467163623752654,0.522561937822639,0.7288946525490904,0.38089260210461184,0.059382881095650104,0.7778729886305098,2.3232423996618015,3.3168092148806474e-05,0.850759316500805,305.0102354147383,55.975831137138094,0.3204359142099239,0.09284112831632392,0.47763941411804467,0.7250452125094887,0.34631017051212537,0.060905448681706206,0.27028208769094664,3.019397908912108,0.048140822902598815
connectivity,300.0,0.7,1300.0,0.85,1100.0,0.9,0.05,True,DENSIFICATION_EXHAUSTION_FAILURE,0.0021959362880724664,0.8502744567322842,304.964717588303,50.53131621610564,0.41609736614557535,0.07467163623752654,0.522561937822639,0.7288946525490904,0.38089260210461184,0.059382881095650104,0.7778729886305098,2.3232423996618015,3.3168092148806474e-05,0.8565720674256893,305.63440067823694,54.41085006966071,0.3462505742406454,0.08783105311529764,0.4773167790103823,0.6763651684120343,0.322840443621247,0.08221216822511218,0.37749261244629234,2.4018333107184375,0.02918803683295552
connectivity,300.0,0.7,1300.0,0.85,1150.0,0.9,0.05,True,DENSIFICATION_EXHAUSTION_FAILURE,0.03426117617715939,0.8502744567322842,304.964717588303,50.53131621610564,0.41609736614557535,0.07467163623752654,0.522561937822639,0.7288946525490904,0.38089260210461184,0.059382881095650104,0.7778729886305098,2.3232423996618015,3.3168092148806474e-05,0.8836260277538931,315.4131675054135,54.782111443167146,0.35172264697148437,0.09458765710510805,0.42042694257573765,0.41458545322166374,0.1743028945343606,0.2870683679624345,0.45710509480500416,0.31550044749701395,0.003942925286729874
connectivity,300.0,0.7,1300.0,0.85,1200.0,0.9,0.05,True,MIXED_FAILURE,0.19138807050311768,0.8502744567322842,304.964717588303,50.53131621610564,0.41609736614557535,0.07467163623752654,0.522561937822639,0.7288946525490904,0.38089260210461184,0.059382881095650104,0.7778729886305098,2.3232423996618015,3.3168092148806474e-05,0.8980487007452608,363.3313264590565,56.47632255716689,0.33127980972642584,0.10444798149641707,0.4136060366212141,0.28456113612861444,0.11769620369058599,0.47292513104017037,0.5575557917517899,0.05393409870385234,0.00025939376832921466
connectivity,300.0,0.7,1300.0,0.85,1250.0,0.9,0.05,True,GRAIN_GROWTH_FAILURE,0.5563239585383707,0.8502744567322842,304.964717588303,50.53131621610564,0.41609736614557535,0.07467163623752654,0.522561937822639,0.7288946525490904,0.38089260210461184,0.059382881095650104,0.7778729886305098,2.3232423996618015,3.3168092148806474e-05,0.906782162376484,474.62389649156404,57.91850896751425,0.31351848586708275,0.11263209468149528,0.4622075738450453,0.21903710489050462,0.10124060883348285,0.5930978846852488,0.6750527868930452,0.030839715139233316,4.595628824237683e-05
connectivity,300.0,0.7,1300.0,0.85,1300.0,0.9,0.05,True,GRAIN_GROWTH_FAILURE,1.2022736222266726,0.8502744567322842,304.964717588303,50.53131621610564,0.41609736614557535,0.07467163623752654,0.522561937822639,0.7288946525490904,0.38089260210461184,0.059382881095650104,0.7778729886305098,2.3232423996618015,3.3168092148806474e-05,0.9148361699591292,671.6157532545263,59.42427069837556,0.29598196414585276,0.12154601656459967,0.5413594473537191,0.16889950902989903,0.09143534486674063,0.6951338659515859,0.7779170932919839,0.025501981092970083,3.394094717798311e-05
connectivity,300.0,0.75,1300.0,0.85,1000.0,0.9,0.05,True,DENSIFICATION_EXHAUSTION_FAILURE,7.035869354433102e-06,0.8503351672366797,304.10768729289674,47.97715762871329,0.45789964237932423,0.06350800198033023,0.5394797801740234,0.7284145124943192,0.3929649010760038,0.05957155461859432,0.7834461802688454,2.4506970272002944,2.8118839488736048e-05,0.8503589232744589,304.1098269548542,55.09953141702438,0.32475997663330275,0.08474902669257209,0.4807128178871223,0.7282264884507034,0.35006780732318155,0.059645535354148634,0.17960638498559064,3.1199193771995652,0.06511538187933982
connectivity,300.0,0.75,1300.0,0.85,1050.0,0.9,0.05,True,DENSIFICATION_EXHAUSTION_FAILURE,0.00012721868777383112,0.8503351672366797,304.10768729289674,47.97715762871329,0.45789964237932423,0.06350800198033023,0.5394797801740234,0.7284145124943192,0.3929649010760038,0.05957155461859432,0.7834461802688454,2.4506970272002944,2.8118839488736048e-05,0.8507638223399584,304.1463754738161,54.29132353748691,0.3369273386445035,0.08177835049867216,0.4858878270855681,0.7250092806522505,0.3522731839929928,0.060919767803509856,0.2737760212715948,3.110848332671032,0.05788552673836511
connectivity,300.0,0.75,1300.0,0.85,1100.0,0.9,0.05,True,DENSIFICATION_EXHAUSTION_FAILURE,0.00184012619079597,0.8503351672366797,304.10768729289674,47.97715762871329,0.45789964237932423,0.06350800198033023,0.5394797801740234,0.7284145124943192,0.3929649010760038,0.05957155461859432,0.7834461802688454,2.4506970272002944,2.8118839488736048e-05,0.8559211456277085,304.6672838131068,52.508410594560644,0.36777557836458913,0.07655318522083024,0.488822733814408,0.6820381472298437,0.3333957516946059,0.07952449935289715,0.3832565088591083,2.567489242784257,0.037371772313017956
connectivity,300.0,0.75,1300.0,0.85,1150.0,0.9,0.05,True,DENSIFICATION_EXHAUSTION_FAILURE,0.03009268264210012,0.8503351672366797,304.10768729289674,47.97715762871329,0.45789964237932423,0.06350800198033023,0.5394797801740234,0.7284145124943192,0.3929649010760038,0.05957155461859432,0.7834461802688454,2.4506970272002944,2.8118839488736048e-05,0.883047048179691,313.2591034156249,52.115716474368796,0.3882296572806657,0.08082143785152651,0.43610902669985496,0.4202171763663987,0.18326050378771144,0.28053070682686926,0.46645209209485683,0.36697663971844346,0.005887296126143252
connectivity,300.0,0.75,1300.0,0.85,1200.0,0.9,0.05,True,MIXED_FAILURE,0.1837320009490468,0.8503351672366797,304.10768729289674,47.97715762871329,0.45789964237932423,0.06350800198033023,0.5394797801740234,0.7284145124943192,0.3929649010760038,0.05957155461859432,0.7834461802688454,2.4506970272002944,2.8118839488736048e-05,0.8984303700130363,359.9820011832077,53.653723582041536,0.36921421469071414,0.08955716806397633,0.4268001561130286,0.28146328306236557,0.12012857315110317,0.47821338745219716,0.565501737882523,0.055047264327866746,0.00037371596424401715
connectivity,300.0,0.75,1300.0,0.85,1250.0,0.9,0.05,True,GRAIN_GROWTH_FAILURE,0.5414823224907571,0.8503351672366797,304.10768729289674,47.97715762871329,0.45789964237932423,0.06350800198033023,0.5394797801740234,0.7284145124943192,0.3929649010760038,0.05957155461859432,0.7834461802688454,2.4506970272002944,2.8118839488736048e-05,0.9071213908023648,468.7766240955474,55.02136756402561,0.3504872237396195,0.09666276516882163,0.4755297231233607,0.21672482120748496,0.10305909422275518,0.5976379480109143,0.6814228789224863,0.03091660439914995,4.75479103053785e-05
connectivity,300.0,0.75,1300.0,0.85,1300.0,0.9,0.05,True,GRAIN_GROWTH_FAILURE,1.1719794505255836,0.8503351672366797,304.10768729289674,47.97715762871329,0.45789964237932423,0.06350800198033023,0.5394797801740234,0.7284145124943192,0.3929649010760038,0.05957155461859432,0.7834461802688454,2.4506970272002944,2.8118839488736048e-05,0.915065083421959,660.5156475470319,56.45519838875674,0.3316613679342477,0.10437984132709169,0.554617068535513,0.1676180770635696,0.09296384653455667,0.6978222679693965,0.7821828825369828,0.025551648411327857,2.9275831326582453e-05
