attained,min_reduction,median_reduction,max_reduction,span20,span30,A_TS,tier,rejection_reason,window_width_C,lower_bracketed,upper_bracketed,complete,candidate_id,exact_reconfirmed,rho_high_final,rho_two_final,fingerprint,rho_switch_exact,switch_error,G0_nm,G1_nm,first_step_growth_fraction,first_step_growth_le_20pct,closed_fraction_at_switch,high_density_support_active,production_gate_passed
True,0.2211232905631313,0.2618115581942112,0.308553683020954,0.0299999999999966,0.0023999999999997,0.0091623481733631,Tier_B,first_step_growth_above_20pct,285.0,True,True,True,597443,True,0.98,0.9808124855969718,5df82fe763944bfb,0.87999936,6.399999999961992e-07,105.8748401744233,24023.96810956931,225.90913223567628,False,0.8828415761218554,True,False
True,0.8677726718747043,0.8795900236908064,0.884601885346251,0.0299999999999966,0.0299999999999966,0.0632308384081041,Tier_B,first_step_growth_above_20pct,60.0,True,True,True,516308,True,0.9815295144460612,0.9801237740003342,47684a4d861d2cdb,0.87999936,6.399999999961992e-07,102.63672385903078,764.4526305862893,6.448139436292293,False,0.992787753414494,True,False
True,0.48214413155586,0.5566241785017627,0.6320407269811221,0.0299999999999966,0.0299999999999966,0.0245500318552397,Tier_B,first_step_growth_above_20pct,240.0,True,True,True,484895,True,0.98,0.9808954707197112,e641a148f4ab6565,0.87999936,6.399999999961992e-07,101.56396305522492,285.68897673623485,1.812897095999423,False,0.9999999999996985,True,False
True,0.7937800338602614,0.851789060624193,0.8961148891803626,0.0299999999999966,0.0299999999999966,0.0581060551234006,Tier_B,first_step_growth_above_20pct,215.0,True,True,True,697698,True,0.9800470070416736,0.98199936,c0af50eb0a3ac717,0.87999936,6.399999999961992e-07,117.31582281242589,648.1109329884064,4.524497185896731,False,0.6178038258923779,True,False
True,0.7476063574247043,0.769292442762687,0.7880316709330553,0.0299999999999966,0.0299999999999966,0.0440329592220204,Tier_B,first_step_growth_above_20pct,190.0,True,True,True,254592,True,0.98097279293753,0.980027434420458,d36c6ca5895d1177,0.8799996374045624,3.6259543756411716e-07,110.17115258311254,6147.774042166979,54.80203073149416,False,0.9837240839259738,True,False
True,0.2337861863662585,0.3766580756553555,0.4600815466602543,0.0299999999999966,0.0226999999999975,0.0136468372392673,Tier_B,first_step_growth_above_20pct,90.0,True,True,True,419833,True,0.9816407762752238,0.9800040669028744,9e96385cbe7c76e3,0.8799990379427861,9.620572138935302e-07,129.35864078661504,1877.573069437298,13.514477409626384,False,4.018424286560839e-07,True,False
True,0.3416349464369839,0.372134528580105,0.3881168728627944,0.0299999999999966,0.0299999999999966,0.0138698223317726,Tier_B,first_step_growth_above_20pct,230.0,True,True,True,26268,True,0.980007922981268,0.9800462237807752,fc7e977649170020,0.879999362535354,6.374646459583744e-07,106.88443129373466,988.1272797702962,8.244819547711044,False,0.9999997251150269,True,False
True,0.4386466110084593,0.5062065825764024,0.5527349736471647,0.0299999999999966,0.0299999999999966,0.0209607993119125,Tier_B,first_step_growth_above_20pct,225.0,True,True,True,585076,True,0.9813701542075612,0.9819498162062968,e6a9972552863f21,0.8799997984493464,2.01550653611271e-07,100.45679463159249,863.6855762851171,7.597582467692018,False,0.993855459949283,True,False
True,0.4139877003180801,0.414784248727454,0.4904151651185169,0.0299999999999966,0.0299999999999966,0.0176094973888944,Tier_B,first_step_growth_above_20pct,325.0,True,True,True,781478,True,0.9807671118728316,0.9800111265402244,0709cff3fdf12934,0.8800111265402243,1.1126540224282166e-05,115.0690477533509,1127.6408442248935,8.79968867598503,False,0.9320347848717545,True,False
True,0.3895207390054687,0.4537731641377823,0.4986250457334349,0.0299999999999966,0.0299999999999966,0.0179146793168702,Tier_B,first_step_growth_above_20pct,225.0,True,True,True,120857,True,0.982,0.980135140349715,21890d184aa3e2bb,0.87999936,6.399999999961992e-07,109.43646511382256,2520.5921654814,22.03247060163891,False,0.9999999999901468,True,False
True,0.6068829176124798,0.6479268036437124,0.6804057897685866,0.0299999999999966,0.0299999999999966,0.0312330639579812,Tier_B,first_step_growth_above_20pct,200.0,True,True,True,962760,True,0.98,0.9800887535041444,b027027e81dd9633,0.87999936,6.399999999961992e-07,112.5146714422637,7548.169757029504,66.0860933980757,False,0.9999999999618285,True,False
False,0.5823549475930849,0.7016950851378916,0.8827918161959883,0.0298999999999967,0.0298999999999967,0.0386157115400024,Tier_B,first_step_growth_above_20pct,35.0,True,True,True,543100,True,0.9800001020492828,0.9799091811476828,16b96594f1d19a56,0.8799995378915657,4.6210843429594917e-07,106.30963819053267,928.9591117872293,7.73823980213637,False,2.830966207987224e-09,True,False
True,0.2459178882951566,0.3004787688969993,0.3752020469588505,0.0299999999999966,0.0150999999999983,0.0109016912919782,Tier_B,first_step_growth_above_20pct,105.0,True,True,True,465410,True,0.98,0.9808829619413314,e5442d10d3e9d5b6,0.87999936,6.399999999961992e-07,101.15589865125784,559.8259516181475,4.534288747195923,False,0.9999999803393435,True,False
True,0.2128294002692934,0.270427662624959,0.3446223621967857,0.0299999999999966,0.008399999999999,0.0096093327070853,Tier_B,first_step_growth_above_20pct,230.0,True,True,True,571123,True,0.980685122333694,0.980406927632888,f3ceb7b075b5c927,0.87999936,6.399999999961992e-07,118.03733048203577,1914.869388849382,15.22257451121201,False,0.9999537085471268,True,False
True,0.26675455922672,0.317901770078729,0.3735489851922934,0.0299999999999966,0.0200999999999977,0.0115391051279948,Tier_B,first_step_growth_above_20pct,90.0,True,True,True,381066,True,0.98,0.9800826472294516,517c73db74068b35,0.87999936,6.399999999961992e-07,104.81975906957098,4022.0147028912425,37.37076843710116,False,0.9357232588647144,True,False
True,0.2664076495734323,0.3145862885767547,0.3664681127660465,0.0299999999999966,0.0191999999999978,0.0113517164801468,Tier_B,first_step_growth_above_20pct,210.0,True,True,True,66577,True,0.9802758016864545,0.9801150485391624,34cb7bc652a251b0,0.8799995175451262,4.824548738291412e-07,130.4167511562555,598.5827336890377,3.589768786464103,False,0.999999999503305,True,False
True,0.5121900415459,0.5298429826776859,0.5364534560356489,0.0299999999999966,0.0299999999999966,0.0225196950097041,Tier_B,first_step_growth_above_20pct,150.0,True,True,True,318897,True,0.9818006866872424,0.9800502723319816,2580a3aa211da775,0.8799992962197399,7.037802600695642e-07,100.72990345107618,5000.430048126389,48.64196208681033,False,0.999169994828987,True,False
True,0.3870453659159265,0.417083067596148,0.4439436183660845,0.0299999999999966,0.0299999999999966,0.0161953212283172,Tier_B,first_step_growth_above_20pct,240.0,True,True,True,835943,True,0.9813869364492128,0.980208960099961,450987e752765d38,0.8799990190983188,9.80901681213453e-07,104.83940580936394,444.97686868671474,3.2443665647613846,False,0.9999998218129015,True,False
True,0.5880750634219666,0.630293977420014,0.6651186042399964,0.0299999999999966,0.0299999999999966,0.0298359329431643,Tier_B,first_step_growth_above_20pct,280.0,True,True,True,595130,True,0.9818722984714454,0.9801599530411872,d6436d698f6f57e6,0.8799993335739839,6.664260161493019e-07,100.38007127759374,2213.5948493216724,21.05213466326536,False,0.9860397567649163,True,False
True,0.4365657180567716,0.4715790038402726,0.4996051709054189,0.0299999999999966,0.0299999999999966,0.0191349130572554,Tier_B,first_step_growth_above_20pct,215.0,True,True,True,430568,True,0.981698493461056,0.9800326933094357,64d91246c51e7da4,0.8799993238813332,6.761186668313712e-07,101.02619029996524,257.4419185813873,1.548269095538446,False,0.9999999455248635,True,False
True,0.3646738792129202,0.3684833373703874,0.3732622863263869,0.0299999999999966,0.0299999999999966,0.0138111381441439,Tier_B,first_step_growth_above_20pct,240.0,True,True,True,410016,True,0.9808563203177034,0.9803702256187922,99ee0b662d24baf2,0.87999936,6.399999999961992e-07,101.2272907376678,2350.4933340538537,22.219956959484335,False,0.5246202913413033,True,False
True,0.2640635945139322,0.3061821603887794,0.3500926715642737,0.0299999999999966,0.0170999999999981,0.0109938074205526,Tier_B,first_step_growth_above_20pct,200.0,True,True,True,765596,True,0.982,0.9802709139124895,348baefacd105019,0.87999936,6.399999999961992e-07,110.95983502237374,740.1117746763881,5.670087194408259,False,0.8611643664782456,True,False
True,0.3456307946911583,0.3786001770937897,0.3991301914485523,0.0299999999999966,0.0299999999999966,0.0142020673399645,Tier_B,first_step_growth_above_20pct,100.0,True,True,True,815685,True,0.9800000000001808,0.9800278932798496,4df9f2d99fa631f1,0.87999936,6.399999999961992e-07,100.369024403444,760.6568718245795,6.578601828060399,False,0.9999991521834536,True,False
False,0.527597142424929,0.5602453257976965,0.5832687449491336,0.0234999999999974,0.0234999999999974,0.0191997714205784,Tier_B,first_step_growth_above_20pct,50.0,True,True,True,875258,True,0.9804850276111856,0.973453352562911,c42040197b71f387,0.87999936,6.399999999961992e-07,98.79090970841902,911.957222763821,8.23118559648311,False,0.35884708775383034,True,False
True,0.3470339892775547,0.4058139667106578,0.4737469866174865,0.0299999999999966,0.0299999999999966,0.0157461788555451,Tier_B,first_step_growth_above_20pct,25.0,True,True,True,290262,True,0.9800027354836288,0.9800037793484888,82c7a0eb9a0658b3,0.879999150407662,8.495923380369419e-07,107.3788957625082,1477.9656926489997,12.764023946733841,False,4.3015609980465476e-08,True,False
True,0.8027493609095449,0.8084687578008386,0.8269343700883443,0.0299999999999966,0.0299999999999966,0.0498321491064112,Tier_B,first_step_growth_above_20pct,40.0,True,True,True,632916,True,0.9811825431715316,0.9805408144101632,4ce9ba34374e7bdf,0.8799993115255978,6.88474402155137e-07,99.64904578527222,166.69908223944716,0.6728618013930314,False,0.016711278104691796,True,False
True,0.2750848026990029,0.3063035954637306,0.3299095861449843,0.0299999999999966,0.017899999999998,0.0109486505471311,Tier_B,first_step_growth_above_20pct,115.0,True,True,True,7373,True,0.9800047914446428,0.9800130488810712,2ab10cbaa0eeebe2,0.8799993615332623,6.384667377012931e-07,98.78058398606635,560.8246054181773,4.677478131707394,False,0.9999999999997772,True,False
True,0.4368617872029422,0.5040854383450413,0.549457644667689,0.0299999999999966,0.0299999999999966,0.0208661710339404,Tier_B,first_step_growth_above_20pct,150.0,True,True,True,269855,True,0.980180419723872,0.9803213622306072,bfa8d9c399f9dee8,0.87999936,6.399999999961992e-07,102.84405130480843,1434.491519889023,12.948220647565583,False,0.9941212406731822,True,False
True,0.236556734167231,0.3106058851941953,0.3861521750576926,0.0299999999999966,0.0170999999999981,0.0112251732387243,Tier_B,first_step_growth_above_20pct,115.0,True,True,True,209014,True,0.9802082787504428,0.9800875258050036,71bf048ff5d8d29a,0.87999936,6.399999999961992e-07,111.9727932928441,1015.371342611927,8.068018335100486,False,0.7500074147923579,True,False
True,0.4471283055563806,0.4843253619039722,0.5185694589315039,0.0299999999999966,0.0299999999999966,0.0198227430784069,Tier_B,first_step_growth_above_20pct,350.0,True,True,True,881907,True,0.9819533503537056,0.9813844545318438,027976a2f4d4e5f5,0.8799993450721132,6.549278868117625e-07,106.65880638467907,1199.720613351115,10.248209632350132,False,0.9991499696226728,True,False
True,0.4768436691501034,0.5322097306596838,0.5824353479605919,0.0299999999999966,0.0299999999999966,0.0227963872492428,Tier_B,first_step_growth_above_20pct,150.0,True,True,True,714329,True,0.982,0.9802381094851996,4cd990607cc69db8,0.87999936,6.399999999961992e-07,113.8469731028433,758.100545623455,5.6589433602123735,False,0.7580870576095897,True,False
True,0.5331980708352488,0.6034124166277812,0.6700445986669803,0.0299999999999966,0.0299999999999966,0.0278419848231703,Tier_B,first_step_growth_above_20pct,65.0,True,True,True,412093,True,0.9800801721276396,0.9800227272288752,b753f97ac6a69b79,0.8799994736548674,5.263451325898671e-07,98.74507132884801,525.636393210442,4.323165866779613,False,1.0,True,False
True,0.5425292499682749,0.6334899625264572,0.7053327560614381,0.0299999999999966,0.0299999999999966,0.030096770483652,Tier_B,first_step_growth_above_20pct,150.0,True,True,True,111841,True,0.9801517125795634,0.9801747301187276,597d4b4247517024,0.87999936,6.399999999961992e-07,99.20489639754909,980.8748021912636,8.887362799720606,False,0.6383926631548797,True,False
True,0.508628221797989,0.5511374563040818,0.5846514526704117,0.0299999999999966,0.0299999999999966,0.0239396564583934,Tier_B,first_step_growth_above_20pct,110.0,True,True,True,871706,True,0.9811573291736888,0.9800882020706992,39a0619a84417330,0.87999936,6.399999999961992e-07,99.63433447172217,1014.3113565714236,9.180339558139986,False,0.9999722833042152,True,False
True,0.5307722310031713,0.6046034052307472,0.6439144997467645,0.0299999999999966,0.0299999999999966,0.0274376578950631,Tier_B,first_step_growth_above_20pct,155.0,True,True,True,967900,True,0.9803813038196943,0.9800769729784264,f11b6e395d443780,0.87999936,6.399999999961992e-07,118.5622776626414,549.935725588376,3.638370115941683,False,0.2567968197293122,True,False
True,0.3197049848123569,0.368919401090485,0.4025237074834943,0.0299999999999966,0.0299999999999966,0.0137318868795816,Tier_B,first_step_growth_above_20pct,130.0,True,True,True,901508,True,0.9801695815620683,0.980154153179379,a151b430d50227b1,0.8799993482863925,6.517136075245844e-07,98.45011414818003,1620.4847834508257,15.459958400980504,False,1.0,True,False
True,0.356193357339052,0.4307437355010826,0.5126028049196125,0.0299999999999966,0.0299999999999966,0.0171221875404673,Tier_B,first_step_growth_above_20pct,50.0,True,True,True,750703,True,0.9805237778890667,0.9801191463612756,6d4e9e2fcbfa37dc,0.8799996903515586,3.0964844144332204e-07,101.40289641713197,2182.9643835703055,20.527633437514854,False,0.014831905741119592,True,False
True,0.3081338282749682,0.3653335542820765,0.416339290230422,0.0299999999999966,0.0299999999999966,0.0136522787693857,Tier_B,first_step_growth_above_20pct,275.0,True,True,True,347637,True,0.981470704072268,0.9801451562389344,6c01cd38e291827b,0.87999936,6.399999999961992e-07,110.45735272296706,369.25719781170955,2.3429843166513895,False,0.9998396921502799,True,False
True,0.531740343260475,0.592544768264449,0.6545678099675585,0.0299999999999966,0.0299999999999966,0.0270587436125189,Tier_B,first_step_growth_above_20pct,240.0,True,True,True,463189,True,0.98,0.9815155260598342,8ed1a36b061dd637,0.87999936,6.399999999961992e-07,99.99265214469904,779.9816983494231,6.800390144874988,False,0.8445279705679426,True,False
True,0.3918840971762177,0.4494700214948278,0.497245028022524,0.0299999999999966,0.0299999999999966,0.0178987041450279,Tier_B,first_step_growth_above_20pct,75.0,True,True,True,653856,True,0.9800000001335568,0.9800686558034096,32727b14626f6449,0.8799993600000428,6.399999572526127e-07,100.65736003429592,1769.0719700524176,16.57518744232573,False,0.9999999999995087,True,False
True,0.1935542873149147,0.2755710270573835,0.4336436292705613,0.0284999999999968,0.0116999999999987,0.0102903645857227,Tier_B,first_step_growth_above_20pct,130.0,True,True,True,811732,True,0.9800338204997048,0.980041675402152,51d7d94e87407e3f,0.8799992564472903,7.435527097365835e-07,108.34792113066098,698.1501800171695,5.44359552755279,False,1.8845962721105163e-07,True,False
True,0.3671285760234547,0.475596029632685,0.6044517479132471,0.0299999999999966,0.0299999999999966,0.0198185045590935,Tier_B,first_step_growth_above_20pct,135.0,True,True,True,954086,True,0.982,0.980338269622345,0c98ba02673db69c,0.87999936,6.399999999961992e-07,119.90851154232354,940.7868492212257,6.845872133015017,False,1.0,True,False
True,0.342919398950728,0.3763258361606231,0.4080372210147335,0.0299999999999966,0.0299999999999966,0.0141743589495586,Tier_B,first_step_growth_above_20pct,440.0,True,True,True,186484,True,0.9815049867718424,0.9802532595218252,e53a735e9cd706ff,0.8799992015957669,7.984042330599905e-07,120.05957503875035,2122.6991518708296,16.68038202022378,False,0.9999999975830622,True,False
True,0.2130932875921424,0.2833268683560861,0.4009462206102004,0.0299999999999966,0.0119999999999986,0.0103578056316366,Tier_B,first_step_growth_above_20pct,205.0,True,True,True,63472,True,0.98,0.9803275680209036,be428e3e2fcd6745,0.87999936,6.399999999961992e-07,105.02211861466395,826.6797871546898,6.87148267488162,False,0.17525464790613512,True,False
True,0.4582546366989068,0.463120329467672,0.4771745827672604,0.0299999999999966,0.0299999999999966,0.0187488129315334,Tier_B,first_step_growth_above_20pct,225.0,True,True,True,353710,True,0.9804081475308376,0.9800985490210392,b9acec7a1637376c,0.87999936,6.399999999961992e-07,107.13158521502686,1189.7974785769752,10.105944863869032,False,0.8924261175411236,True,False
True,0.2605171438954969,0.2957817893864687,0.3304786442365655,0.0299999999999966,0.0145999999999983,0.0105707827760524,Tier_B,first_step_growth_above_20pct,385.0,True,True,True,660883,True,0.9809317849006972,0.980004034228311,0abbc3bc552f259b,0.8799994048689,5.951310999563475e-07,99.86943157607992,1626.7291093625913,15.288558808140998,False,0.8808952452169484,True,False
True,0.5374631187828149,0.5783182324183873,0.6012059780178998,0.0299999999999966,0.0299999999999966,0.0256786066302212,Tier_B,first_step_growth_above_20pct,100.0,True,True,True,662126,True,0.9801047454576124,0.9801710328493938,071bb7a77aaa0fc6,0.87999936,6.399999999961992e-07,104.72349046181785,932.1498919711452,7.901058280816249,False,0.13703488484100923,True,False
True,0.3728923945880013,0.4220580246954325,0.4618970459526937,0.0299999999999966,0.0299999999999966,0.016357176806717,Tier_B,first_step_growth_above_20pct,215.0,True,True,True,873929,True,0.9819870890167148,0.9800008723523644,3cad2b9b5c1d6c8f,0.8799995730634017,4.2693659829673436e-07,101.27218435394528,641.6038353613576,5.3354398787228545,False,0.6607033271395902,True,False
True,0.2915452042673638,0.3557114749658867,0.4043848697758856,0.0299999999999966,0.027099999999997,0.0128462633942335,Tier_B,first_step_growth_above_20pct,290.0,True,True,True,219277,True,0.9808678475361816,0.980106612444796,a92a388ebddb80e3,0.8799996377112116,3.6228878841360057e-07,103.12688556800852,777.7293877297747,6.541480414599447,False,0.9999999997800653,True,False
True,0.2940586625586723,0.329834671901957,0.3830741007489795,0.0299999999999966,0.026899999999997,0.0123284218840076,Tier_B,first_step_growth_above_20pct,195.0,True,True,True,825124,True,0.9810941920081688,0.9804936424723022,bbe627165ef84e75,0.8799993599999999,6.400000001072215e-07,99.01394267108626,819.1253407628192,7.272828236765262,False,0.6822254707415137,True,False
True,0.457117900785926,0.5761530936076296,0.6645011434782082,0.0299999999999966,0.0299999999999966,0.0252701889652703,Tier_B,first_step_growth_above_20pct,205.0,True,True,True,534277,True,0.9800000262190888,0.9819995405916858,5befd57a3740c2a3,0.8799995405916857,4.594083142794858e-07,101.81633768926008,2748.7274167410587,25.996918953518826,False,0.9999962214377761,True,False
True,0.2409794170817544,0.6570440395921804,0.7382874426642179,0.0299999999999966,0.0262999999999971,0.0278464745694728,Tier_B,first_step_growth_above_20pct,155.0,True,True,True,738954,True,0.9802060522927432,0.980080426849439,d58060851d486a84,0.87999936,6.399999999961992e-07,102.56897521613195,214.8375826557421,1.0945669214598204,False,0.5651563515479514,True,False
True,0.3257931260390088,0.361343508457442,0.3726306863716401,0.0299999999999966,0.0299999999999966,0.0132582958574823,Tier_B,first_step_growth_above_20pct,275.0,True,True,True,996354,True,0.9800396093560112,0.980080588144136,f46f2d8d3a10c701,0.879999372674994,6.273250060528923e-07,101.50835928073445,243.29682418767865,1.3968156505693283,False,0.9983938170143639,True,False
True,0.6552806745632335,0.7260809221460536,0.7768392409609293,0.0299999999999966,0.0299999999999966,0.0387921994783781,Tier_B,first_step_growth_above_20pct,185.0,True,True,True,118722,True,0.9819379939545968,0.9804105093145477,63f5af9f3a0f64a8,0.8799990878963881,9.121036118608927e-07,124.45585695860993,1468.6885314835663,10.800879182182689,False,0.9997526665103145,True,False
True,0.3643608597097165,0.4286258982647972,0.4953287721794011,0.0299999999999966,0.0299999999999966,0.0168750820150278,Tier_B,first_step_growth_above_20pct,185.0,True,True,True,206753,True,0.9802047737422784,0.980061745232049,d09d902e212754a8,0.87999936,6.399999999961992e-07,100.09012049983052,398.9528080646919,2.9859359352591395,False,0.9999999999999997,True,False
True,0.4833900894314206,0.5177654088140538,0.5409665914325924,0.0299999999999966,0.0299999999999966,0.0218040652034524,Tier_B,first_step_growth_above_20pct,250.0,True,True,True,417343,True,0.980217695969572,0.980037096734269,0b88f056e01bb226,0.8799997776015134,2.2239848662675143e-07,102.79002292130599,454.8227599109829,3.4247753525571856,False,0.9702520720826666,True,False
True,0.6458736516568206,0.7022032103553864,0.7541890006747656,0.0299999999999966,0.0299999999999966,0.0364593561094574,Tier_B,first_step_growth_above_20pct,90.0,True,True,True,81536,True,0.9803541199656274,0.9800722715437088,173d1c0987eeb3a5,0.87999936,6.399999999961992e-07,111.24924471207245,1055.3253706732555,8.48613514999203,False,0.9998532250698926,True,False
True,0.3374654270730284,0.4055424288596198,0.4952373045849239,0.0299999999999966,0.0299999999999966,0.0158605196832229,Tier_B,first_step_growth_above_20pct,120.0,True,True,True,973232,True,0.9800171616022744,0.9800471510860328,12cc45d2bf252e14,0.87999936,6.399999999961992e-07,116.97231770890706,876.5493918183054,6.493648146732062,False,0.20191826097035942,True,False
True,0.3611398845135068,0.4023707518800425,0.4107178345853283,0.0299999999999966,0.0299999999999966,0.0151457992299492,Tier_B,first_step_growth_above_20pct,135.0,True,True,True,423771,True,0.982,0.9800133402761364,e9b2d58570f05ce1,0.87999936,6.399999999961992e-07,117.17007819148188,1146.7230485516304,8.786824983402596,False,0.04603379318053341,True,False
True,0.6537975688080089,0.7161732819541636,0.746314148481277,0.0299999999999966,0.0299999999999966,0.0369144693685963,Tier_B,first_step_growth_above_20pct,190.0,True,True,True,531249,True,0.9810972823204228,0.9804106967177232,3cc850dbb5f5877e,0.87999936,6.399999999961992e-07,129.3572762655034,1943.9154845841967,14.02749238932912,False,0.9380452825610647,True,False
True,0.201945315117845,0.2847490466420809,0.3777950215761895,0.0299999999999966,0.0123999999999986,0.0101973442305535,Tier_B,first_step_growth_above_20pct,250.0,True,True,True,5652,True,0.9812638257367188,0.9802303611353916,425eed1296dbbb1e,0.87999936,6.399999999961992e-07,113.89519758383301,272.0751090826307,1.388819852411852,False,0.8297164403175862,True,False
True,0.5439759472531176,0.6176580383625317,0.6516301779497968,0.0299999999999966,0.0299999999999966,0.0284060303103529,Tier_B,first_step_growth_above_20pct,265.0,True,True,True,82077,True,0.9803731259475932,0.980479816197097,704f063d6aeb7c5f,0.87999936,6.399999999961992e-07,100.40450173275077,1726.5596995611381,16.19603872102036,False,0.9999999999999974,True,False
True,0.2306851841046834,0.3871866861061599,0.4612172969423542,0.0299999999999966,0.0242999999999973,0.0141315011125023,Tier_B,first_step_growth_above_20pct,155.0,True,True,True,420618,True,0.9801795283681844,0.980063273565512,92b03fa3eb047909,0.87999936,6.399999999961992e-07,107.43234894420937,451.82146082400413,3.205636991690829,False,0.46115258252478686,True,False
True,0.2681710801363328,0.3733766881471297,0.67538140527699,0.0299999999999966,0.0258999999999971,0.0163813507461081,Tier_B,first_step_growth_above_20pct,25.0,True,True,True,775767,True,0.980156368989934,0.9800547387114114,82afb8b3871c91f8,0.87999936,6.399999999961992e-07,120.34520774204287,402.3522081452819,2.3433172429077063,False,0.01774224819815578,True,False
True,0.3000419609979627,0.3381412651780954,0.3770853664618951,0.0299999999999966,0.0299999999999966,0.0124008311552675,Tier_B,first_step_growth_above_20pct,200.0,True,True,True,105768,True,0.9803432446704272,0.9805603489659244,fa917b3d09ca1386,0.87999936,6.399999999961992e-07,122.46803983675372,158.17586098527903,0.29156848755089726,False,0.8581823709500591,True,False
True,0.3549540284126264,0.3787139401515145,0.4114255803433805,0.0299999999999966,0.0299999999999966,0.0143771670506778,Tier_B,first_step_growth_above_20pct,135.0,True,True,True,690326,True,0.980905911075475,0.980001298663402,b81d37a3824b8dba,0.87999936,6.399999999961992e-07,100.09532860146862,143.21194676937102,0.4307555484389487,False,0.548971071149944,True,False
True,0.491701941665871,0.5259724810786774,0.5491768782163502,0.0299999999999966,0.0299999999999966,0.0223285735560855,Tier_B,first_step_growth_above_20pct,135.0,True,True,True,757305,True,0.9800065238455004,0.9800927561416816,2a42fafb828bdf7d,0.8799993620876305,6.379123694832955e-07,105.95408858573998,587.5005149123749,4.544859313635253,False,0.9999998460702968,True,False
True,0.3206996553327753,0.3456131711678644,0.3629352256520003,0.0299999999999966,0.0299999999999966,0.012683423765344,Tier_B,first_step_growth_above_20pct,500.0,True,True,True,819529,True,0.982,0.98199936,60fdaf2f11d11324,0.87999936,6.399999999961992e-07,110.77437557418675,171.23138027445833,0.5457670547624338,False,0.8959121508044496,True,False
True,0.2762957403822521,0.3484415277257252,0.3878879560853487,0.0299999999999966,0.0261999999999971,0.0126006071663742,Tier_B,first_step_growth_above_20pct,80.0,True,True,True,320690,True,0.981502506144748,0.9800308121324632,d39198fd62960342,0.8799997502560873,2.497439126614154e-07,107.6176964019541,190.7527060742862,0.7725031519149164,False,0.006878602082059868,True,False
True,0.2341798680415117,0.2383686852835491,0.2441680637465322,0.0299999999999966,0.0,0.0082026450876235,Tier_B,first_step_growth_above_20pct,240.0,True,True,True,798297,True,0.9803401649724072,0.9801891700967564,3b48fb38fb8c7b98,0.87999936,6.399999999961992e-07,119.10850903823301,181.785954662466,0.5262213936714963,False,0.9999439911380759,True,False
True,0.1577664024005635,0.3097813236448086,0.5291428985305031,0.0248999999999972,0.0156999999999982,0.0120476555763742,Tier_B,first_step_growth_above_20pct,165.0,True,True,True,399072,True,0.9802292093513176,0.9800319551688336,92350f40bb6c8a38,0.87999936,6.399999999961992e-07,108.63525953954782,2563.6926009081662,22.599083868114423,False,0.0831794417465373,True,False
True,0.8716100230510258,0.8848246221978178,0.8895075898023846,0.0299999999999966,0.0299999999999966,0.0645425152543376,Tier_B,first_step_growth_above_20pct,140.0,True,True,True,650736,True,0.9800510620022908,0.981241534614804,aa167323790d21dd,0.87999936,6.399999999961992e-07,100.39573272045317,459.40390038729015,3.57593054942362,False,0.3556918776050175,True,False
True,0.196788097254124,0.2418148484505141,0.2713414163765447,0.0260999999999971,0.0,0.0081391409755353,Tier_B,first_step_growth_above_20pct,90.0,True,True,True,951779,True,0.9804747945402252,0.9801177925363488,173705fe8d24920d,0.879999511934253,4.880657470396343e-07,99.32660944368497,3262.6174411115385,31.84736546817637,False,0.9999999999999645,True,False
True,0.6268802245975148,0.6272360046031726,0.627876269406455,0.0299999999999966,0.0299999999999966,0.0296097569748864,Tier_B,first_step_growth_above_20pct,240.0,True,True,True,617413,True,0.9800766753761756,0.9800255341353752,a3eae5e116f9a539,0.87999936,6.399999999961992e-07,101.776040491554,1937.5503908576811,18.03739211605968,False,0.982381998682,True,False
True,0.2488201243733168,0.2814509286064144,0.3105746136287846,0.0299999999999966,0.0061999999999993,0.009895173579456,Tier_B,first_step_growth_above_20pct,120.0,True,True,True,369322,True,0.9818173403503092,0.9800077858811188,3b0e397a89c32224,0.87999936,6.399999999961992e-07,102.07783812331421,2046.923218978777,19.052572199912873,False,0.9136490505319862,True,False
True,0.3634846170204467,0.3841652000908456,0.3908686715278394,0.0299999999999966,0.0299999999999966,0.0144186212989951,Tier_B,first_step_growth_above_20pct,90.0,True,True,True,531548,True,0.9800300724855732,0.9800676172827528,b1f8545e9054543a,0.87999936,6.399999999961992e-07,111.99485277420906,157.03619278929744,0.40217330439190335,False,0.7765177716002756,True,False
True,0.8111729480146513,0.8415515127099277,0.8540441109143122,0.0299999999999966,0.0299999999999966,0.0545355525641427,Tier_B,first_step_growth_above_20pct,40.0,True,True,True,735002,True,0.9801610995427062,0.9800392760770174,9de729f009488609,0.8799995052975826,4.947024173640457e-07,98.41177791160754,256.3420853304214,1.6047907147929514,False,0.01722450799618777,True,False
True,0.2476314287034808,0.3944973982593258,0.4758306896567742,0.0299999999999966,0.0234999999999974,0.0143160363138745,Tier_B,first_step_growth_above_20pct,35.0,True,True,True,560071,True,0.9814873350973516,0.980020770344446,f92a7e89e9cda9ca,0.8799993599999999,6.400000001072215e-07,98.4455298412577,333.7656571789945,2.390358685835587,False,0.07780837291917606,True,False
True,0.7966672502278709,0.9577265647198984,0.9658467671698956,0.0299999999999966,0.0299999999999966,0.0884884518640385,Tier_B,first_step_growth_above_20pct,90.0,True,True,True,845276,True,0.9801516837581516,0.9800092406013658,a9a86a00e6db496a,0.87999936,6.399999999961992e-07,108.13668761612593,1370.5006063084472,11.673780162136858,False,0.5866659837504744,True,False
True,0.4774023973649743,0.5253942419921498,0.5670634695934027,0.0299999999999966,0.0299999999999966,0.0223346015587735,Tier_B,first_step_growth_above_20pct,230.0,True,True,True,741122,True,0.98,0.980503379225704,38b979dab6c7c86a,0.87999936,6.399999999961992e-07,99.17127552807943,323.443923713225,2.2614678190928865,False,0.5862538479189643,True,False
True,0.7868361263078462,0.8161861233727236,0.8239630286463733,0.0299999999999966,0.0299999999999966,0.0503000117868596,Tier_B,first_step_growth_above_20pct,125.0,True,True,True,366006,True,0.9803111615754742,0.9800377346673884,573701e742f28f8a,0.879999683791177,3.1620882301464093e-07,110.02926359276807,3084.3253578864246,27.031864043931936,False,0.9983475032655899,True,False
True,0.9125248495199696,0.9200253879594178,0.92002545116001,0.0299999999999966,0.0299999999999966,0.0756216493937224,Tier_B,first_step_growth_above_20pct,100.0,True,True,True,511984,True,0.9802585447255524,0.9801867921183508,f047627c6adb85b9,0.87999936,6.399999999961992e-07,125.18729008729576,892.0331664807618,6.125588914487469,False,0.3032729096008339,True,False
True,0.4659934508691972,0.4911519618783491,0.518154804818822,0.0299999999999966,0.0299999999999966,0.0202194963830261,Tier_B,first_step_growth_above_20pct,360.0,True,True,True,541476,True,0.9800645358542228,0.9819924236566572,d524255b4a3ee99d,0.8799997239187509,2.760812490842923e-07,100.1544793662505,276.49017790325826,1.760637164236794,False,0.8452833060982409,True,False
True,0.3058455987235825,0.3230609761312497,0.3302931405621322,0.0299999999999966,0.0299999999999966,0.0116348415047674,Tier_B,first_step_growth_above_20pct,105.0,True,True,True,786377,True,0.9804378080864776,0.9801450790003936,6945d597458330c3,0.87999936,6.399999999961992e-07,104.76206306893698,126.87440417078165,0.21107202792764768,False,0.07832551095138693,True,False
True,0.2591687767776749,0.2883915155481581,0.3127552810221983,0.0299999999999966,0.008699999999999,0.0101890145435849,Tier_B,first_step_growth_above_20pct,215.0,True,True,True,91973,True,0.9812237718358776,0.98011677581288,488ebc4393bdb571,0.87999936,6.399999999961992e-07,102.09140596677247,129.51859020597558,0.26865321306408285,False,0.12196419258104799,True,False
True,0.4834296636693348,0.676471258125005,0.7997657425648456,0.0299999999999966,0.0299999999999966,0.034459010337685,Tier_B,first_step_growth_above_20pct,100.0,True,True,True,867804,True,0.980129987546329,0.9800288911326837,41baa50a3591db2d,0.8799993082289918,6.917710082543493e-07,100.85144030657857,740.4315451186585,6.341804369554056,False,9.020098448415022e-07,True,False
True,0.1979103913655326,0.2274520726580204,0.2528850133401676,0.0289999999999968,0.0,0.0077214013829685,Tier_B,first_step_growth_above_20pct,165.0,True,True,True,17327,True,0.9801540868255164,0.9800590629909962,c1287721cc838c96,0.87999936,6.399999999961992e-07,125.67327806271581,379.8590813462288,2.022592290118067,False,0.9999716434297434,True,False
True,0.2502642436624065,0.2750258806901021,0.292371910491266,0.0299999999999966,0.0,0.0096126286941135,Tier_B,first_step_growth_above_20pct,350.0,True,True,True,191845,True,0.9801242831145718,0.9803330655722536,2b7269448afebe29,0.8799993997705351,6.002294649087858e-07,102.22664786778185,261.3310921726064,1.5563891375036327,False,0.9999683749914859,True,False
True,0.426996051333809,0.4398158386480111,0.4443046597653334,0.0299999999999966,0.0299999999999966,0.0173179619832863,Tier_B,first_step_growth_above_20pct,100.0,True,True,True,980745,True,0.9801879109390078,0.9800297572679946,027915cc598ccb1e,0.8799995543804767,4.4561952328159293e-07,101.70409097725971,327.75029910043065,2.2225871737422365,False,0.6677423690171151,True,False
True,0.225554686769529,0.2428947477486851,0.2472778804489055,0.0299999999999966,0.0,0.0082734844239438,Tier_B,first_step_growth_above_20pct,125.0,True,True,True,153825,True,0.9803654630767624,0.9800416910590164,dff83b255cec3484,0.8799992060148529,7.939851470739612e-07,107.91570538076213,507.151934192762,3.6995192442412623,False,0.007177543373743635,True,False
True,0.3389134659058181,0.3496111509495662,0.3580206712960749,0.0299999999999966,0.0299999999999966,0.0128851209652691,Tier_B,first_step_growth_above_20pct,290.0,True,True,True,304947,True,0.9806072660775282,0.980019253689182,6be2ff8751d4d14a,0.8799995925224856,4.074775143969589e-07,110.57436491205684,449.42962453275766,3.064501070299637,False,0.9374132374309572,True,False
True,0.4222736879732608,0.4861547808906113,0.5528879934642024,0.0299999999999966,0.0299999999999966,0.0200796202784055,Tier_B,first_step_growth_above_20pct,340.0,True,True,True,196159,True,0.98,0.98199936,11887e7c725bfc8a,0.87999936,6.399999999961992e-07,99.05618019093953,331.388135700845,2.3454564375697218,False,0.9167605778387886,True,False
True,0.5590210928403393,0.5714764626795512,0.5716755842028587,0.0299999999999966,0.0299999999999966,0.0253164776473467,Tier_B,first_step_growth_above_20pct,175.0,True,True,True,933741,True,0.9805571439221265,0.9802586183596668,4314c52efa05085f,0.87999936,6.399999999961992e-07,101.29937991413588,3818.4620448984415,36.694821509619054,False,0.9850798006896879,True,False
True,0.243389752282757,0.385499680019608,0.5657170728773773,0.0299999999999966,0.0234999999999974,0.0152806110888986,Tier_B,first_step_growth_above_20pct,75.0,True,True,True,752809,True,0.9802757595363828,0.980042614904678,124f76545908c7bb,0.87999936,6.399999999961992e-07,110.67849456228836,1302.8633857186942,10.771603786907855,False,0.3262834735559562,True,False
True,0.3163335195593616,0.3666565495542304,0.4191214178162841,0.0299999999999966,0.0299999999999966,0.0137120323684896,Tier_B,first_step_growth_above_20pct,85.0,True,True,True,577550,True,0.9801959947493686,0.9800002987041314,b34034dda3ca495b,0.8799992392211256,7.607788744534716e-07,99.01274834884086,2285.7295180027218,22.085204240060676,False,0.998569240179835,True,False
True,0.6591784598029047,0.7034753939505798,0.7356273197030831,0.0299999999999966,0.0299999999999966,0.0364252878373611,Tier_B,first_step_growth_above_20pct,150.0,True,True,True,151651,True,0.9812551655048528,0.9801589784767322,3c2ee1f75842f995,0.87999936,6.399999999961992e-07,98.65182976296984,527.8168765245184,4.350299916308708,False,0.971439129815868,True,False
True,0.4190521060812451,0.4829261979930518,0.5550837972727631,0.0299999999999966,0.0299999999999966,0.0198722764410904,Tier_B,first_step_growth_above_20pct,125.0,True,True,True,486959,True,0.9818770191285776,0.9800391669533172,0233694d5a7b708d,0.87999936,6.399999999961992e-07,104.55274122370717,5607.839794130959,52.63646833641689,False,0.999999999999988,True,False
True,0.4186497168601923,0.4534803324699463,0.4839168726916785,0.0299999999999966,0.0299999999999966,0.0181159564470671,Tier_B,first_step_growth_above_20pct,150.0,True,True,True,321890,True,0.981542171606691,0.9802204600446436,948f8c08ef41f172,0.87999936,6.399999999961992e-07,101.27640046374782,1157.3577671111202,10.427714273133155,False,0.9999976243864196,True,False
True,0.6689170305073162,0.7253598960847805,0.7636685705349531,0.0299999999999966,0.0299999999999966,0.0385891382159305,Tier_B,first_step_growth_above_20pct,25.0,True,True,True,147185,True,0.981657416077213,0.9802008379762364,706bdafeb8d8b039,0.87999936,6.399999999961992e-07,119.14207791944554,852.6557597985759,6.156629921924598,False,0.4730022637044616,True,False
True,0.2011278173936612,0.3807857922198365,0.6327083358608991,0.0299999999999966,0.0202999999999977,0.0156017207009716,Tier_B,first_step_growth_above_20pct,130.0,True,True,True,340988,True,0.980482629094092,0.9800686869304276,2ba8033046536ba5,0.87999936,6.399999999961992e-07,100.06217442662339,412.10609888858875,3.1185003349171705,False,0.2146561083736601,True,False
True,0.8418148212204741,0.8690650909635852,0.8856076284347062,0.0299999999999966,0.0299999999999966,0.0606903175753049,Tier_B,first_step_growth_above_20pct,160.0,True,True,True,232887,True,0.9804501725601312,0.9801361374204016,8677700d5eb5b23e,0.87999936,6.399999999961992e-07,101.134424070379,697.5953787764602,5.897704566854572,False,0.9240358518147265,True,False
True,0.3166249632989401,0.3382854309861541,0.3963088245504146,0.0299999999999966,0.0299999999999966,0.0128833918268794,Tier_B,first_step_growth_above_20pct,200.0,True,True,True,443831,True,0.9810383940815096,0.9800005214752958,0528d0e1c345a876,0.87999936,6.399999999961992e-07,112.73933000802532,521.7561072557548,3.627986588341564,False,0.8025346538402662,True,False
True,0.1138243117811675,0.3485779021503284,0.4515606687169183,0.026699999999997,0.0196999999999978,0.012318911277508,Tier_B,first_step_growth_above_20pct,125.0,True,True,True,120073,True,0.9802336634494072,0.980044727138468,588aa105e3e2d2bc,0.87999936,6.399999999961992e-07,106.69813280942527,132.44879673334214,0.2413412797945622,False,0.3543391949851303,True,False
True,0.3443957969199726,0.3699325768717206,0.3889678745019941,0.0299999999999966,0.0299999999999966,0.0138304431896249,Tier_B,first_step_growth_above_20pct,115.0,True,True,True,682435,True,0.98,0.980020853335188,71fe722f2a9fbf8d,0.8799994352591791,5.647408208853122e-07,100.0480584942049,1719.7695067836198,16.18943408465277,False,0.9999999999999274,True,False
True,0.6307837674792556,0.7285101204200575,0.7832753584909917,0.0299999999999966,0.0299999999999966,0.0384257401840543,Tier_B,first_step_growth_above_20pct,190.0,True,True,True,529365,True,0.9800242253278864,0.9800449550439466,386f8a86589a3e53,0.87999936,6.399999999961992e-07,123.91034625876586,488.96081149744464,2.946085425960577,False,0.2687942001634832,True,False
True,0.175893790689587,0.2414879685738948,0.5978389464497466,0.0236999999999973,0.0068999999999992,0.0095832315529543,Tier_B,first_step_growth_above_20pct,125.0,True,True,True,921831,True,0.9804214498642286,0.9800454059543624,02f99c55623d2a9f,0.87999936,6.399999999961992e-07,100.91759855566639,679.9976375924665,5.738147234224744,False,0.06236805852289648,True,False
True,0.2990801317448697,0.4143872207171591,0.570650257196454,0.0299999999999966,0.0297999999999967,0.0166887601610044,Tier_B,first_step_growth_above_20pct,100.0,True,True,True,93845,True,0.9818536879520244,0.9802755039098456,b0d17ef83a970e79,0.87999936,6.399999999961992e-07,100.46591397870185,1059.3680317659464,9.54455177693925,False,1.0,True,False
True,0.3088902259359503,0.3693289185870578,0.4355733811681576,0.0299999999999966,0.0299999999999966,0.013923202984264,Tier_B,first_step_growth_above_20pct,190.0,True,True,True,34679,True,0.98,0.9805400190317431,cb923c88c4e6b984,0.87999936,6.399999999961992e-07,122.83997034913925,1530.957803009005,11.463026477926308,False,0.05881275362673637,True,False
True,0.4478870766882927,0.6135956684901565,0.6957258286411836,0.0299999999999966,0.0299999999999966,0.0279831046710233,Tier_B,first_step_growth_above_20pct,225.0,True,True,True,975930,True,0.9818088593276796,0.9806012719077228,c923226124cae4fd,0.87999936,6.399999999961992e-07,100.04994777954619,910.7969497374866,8.103422539953451,False,0.691533226966037,True,False
True,0.1242379525304848,0.3032589460447101,0.4225582011997686,0.0215999999999976,0.0151999999999983,0.0104018358248647,Tier_B,first_step_growth_above_20pct,40.0,True,True,True,919526,True,0.9802939914485336,0.980114842225194,54f13b55eee91108,0.87999936,6.399999999961992e-07,100.78097121367765,148.97854740776881,0.47824083865893496,False,0.4147868081252619,True,False
True,0.4234152029449584,0.4288312057085762,0.4296510114452488,0.0299999999999966,0.0299999999999966,0.0167677945839561,Tier_B,first_step_growth_above_20pct,175.0,True,True,True,617797,True,0.9809040692811508,0.9800205391917668,bd8c9e8909b47ea7,0.8799994812402948,5.187597051925508e-07,100.65210547497875,881.220023324949,7.7551076966195485,False,0.07150577098019682,True,False
True,0.2567043695062994,0.2643620615185532,0.2664575362384339,0.0299999999999966,0.0,0.0091687035997052,Tier_B,first_step_growth_above_20pct,185.0,True,True,True,622203,True,0.9814694821144868,0.980154775666502,7536a9e8a1226556,0.87999936,6.399999999961992e-07,129.32796703725268,181.29689739132624,0.40183829951571126,False,0.4571444667749379,True,False
True,0.3428812528884047,0.4006946242896699,0.4653058880485546,0.0299999999999966,0.0299999999999966,0.0154646981415884,Tier_B,first_step_growth_above_20pct,235.0,True,True,True,486570,True,0.98,0.9816596999012404,06e8ba5cc8c400b7,0.87999936,6.399999999961992e-07,100.37028296693505,215.61540065932394,1.1481995894178563,False,0.9941961267733728,True,False
True,0.1809624264208529,0.2282626180992157,0.2834833722141977,0.0236999999999973,0.0,0.0078443697735082,Tier_B,first_step_growth_above_20pct,75.0,True,True,True,720210,True,0.98,0.9800729024737622,bf081f78f2744045,0.87999936,6.399999999961992e-07,102.92574250880122,950.8873447015135,8.238576487511885,False,0.8566068191675137,True,False
True,0.347279427425647,0.4207715094781999,0.5580052092631451,0.0299999999999966,0.0299999999999966,0.0169833210197541,Tier_B,first_step_growth_above_20pct,130.0,True,True,True,350504,True,0.9812845010556672,0.9800031625597588,24e833296206c178,0.87999936,6.399999999961992e-07,108.4251433376622,168.5712936268498,0.55472511668145,False,0.6613107515007535,True,False
True,0.630126320660481,0.6707068674236714,0.7037311234690715,0.0299999999999966,0.0299999999999966,0.0332751904606908,Tier_B,first_step_growth_above_20pct,235.0,True,True,True,834077,True,0.9815743112876744,0.9800152957175384,7b5fae68e4ffa299,0.87999936,6.399999999961992e-07,114.15940726110702,1168.5094227832046,9.23576988369056,False,0.17494590770454338,True,False
True,0.6763155307631109,0.7319695557191706,0.7851998881244671,0.0299999999999966,0.0299999999999966,0.0396628350617648,Tier_B,first_step_growth_above_20pct,160.0,True,True,True,445092,True,0.980059073199536,0.9800297339693064,f8caea22040448ce,0.8799992428087415,7.571912584714013e-07,100.81359876462527,1444.4767883714317,13.328193875351344,False,0.9885807600439441,True,False
True,0.6639637545414834,0.6924384689257578,0.7143816561871323,0.0299999999999966,0.0299999999999966,0.0353115892182867,Tier_B,first_step_growth_above_20pct,130.0,True,True,True,848370,True,0.98,0.9802015031684066,a6d0f8cde4d44c04,0.87999936,6.399999999961992e-07,110.51982670881372,430.66081821398353,2.89668379908561,False,0.2897954456228645,True,False
True,0.3923199288392728,0.4056302446265861,0.4098491240723146,0.0299999999999966,0.0299999999999966,0.0155270199337897,Tier_B,first_step_growth_above_20pct,80.0,True,True,True,152945,True,0.9804461801762306,0.9801056547590498,dab6cb12c3842fcc,0.8799995265398002,4.734601998235277e-07,134.76399076411704,268.922387154797,0.9955062597211366,False,0.8563700966374733,True,False
True,0.6837467240743742,0.7067014223180395,0.7260786285221369,0.0299999999999966,0.0299999999999966,0.0368138418253948,Tier_B,first_step_growth_above_20pct,50.0,True,True,True,219531,True,0.9805838686513962,0.981126995197914,a01de5c43d13bd47,0.8799996120454349,3.879545651397365e-07,106.62358182581997,337.98732370349217,2.1699115516080436,False,0.020866851505207604,True,False
True,0.2635041194202815,0.3195913541090571,0.3756238710422047,0.0299999999999966,0.0198999999999978,0.011486029279443,Tier_B,first_step_growth_above_20pct,300.0,True,True,True,789293,True,0.9800526518375324,0.9818841688077328,cda459687fe5a103,0.879999376848588,6.231514120269566e-07,128.60037709655606,1715.8904982053432,12.342810782872075,False,0.9995618929787121,True,False
True,0.6603388676359744,0.7986302660377924,0.8134353039271889,0.0299999999999966,0.0299999999999966,0.0452083829810353,Tier_B,first_step_growth_above_20pct,55.0,True,True,True,619940,True,0.9801633231941732,0.9800170400481668,7bc71a0bf1165ad9,0.8799991314119492,8.685880508174648e-07,109.65260050238959,1086.0979375512502,8.904899040926818,False,3.8033309070834867e-07,True,False
True,0.6460429332165241,0.6651343033817642,0.6745820111137324,0.0299999999999966,0.0299999999999966,0.0326996108881896,Tier_B,first_step_growth_above_20pct,265.0,True,True,True,546963,True,0.9814862270177376,0.980351878074401,19608d20eb122d4f,0.87999936,6.399999999961992e-07,102.80022675052139,699.6794764084998,5.806205574881683,False,0.5821119212077241,True,False
True,0.1671668812066363,0.2311005736837109,0.3249187077257542,0.0216999999999976,0.0031999999999996,0.0081216112382976,Tier_B,first_step_growth_above_20pct,105.0,True,True,True,115793,True,0.98,0.9801553210202242,51862497d43e0fe3,0.87999936,6.399999999961992e-07,100.87167895084687,143.79489728823717,0.42552298904736263,False,0.06262696841241701,True,False
True,0.327936515465275,0.3929308332706349,0.4378350708100857,0.0299999999999966,0.0299999999999966,0.0148055331964377,Tier_B,first_step_growth_above_20pct,175.0,True,True,True,723055,True,0.9801737458977742,0.9801455372130016,c068202e98eb366d,0.87999936,6.399999999961992e-07,99.63487355038156,801.2365170774583,7.041727645414269,False,0.5853565593904421,True,False
True,0.2543215037471364,0.3113441752978878,0.376870756668359,0.0299999999999966,0.017799999999998,0.0112877787694663,Tier_B,first_step_growth_above_20pct,175.0,True,True,True,148377,True,0.9815308209351584,0.9802449035445716,0ba667f280cf47f3,0.87999936,6.399999999961992e-07,100.20987197194223,901.3846670653033,7.994968752356874,False,0.9405150722464348,True,False
True,0.7622772860820642,0.8665798167866161,0.9126806263462433,0.0299999999999966,0.0299999999999966,0.0597931303835747,Tier_B,first_step_growth_above_20pct,35.0,True,True,True,451348,True,0.9805165235369088,0.9804667402055052,2b45cf2715460031,0.87999936,6.399999999961992e-07,100.47392560452494,389.02766029158545,2.8719265515994254,False,0.41908466511789283,True,False
True,0.3639743064353026,0.4904251768024821,0.6470438979713432,0.0299999999999966,0.0299999999999966,0.020960494251929,Tier_B,first_step_growth_above_20pct,175.0,True,True,True,960600,True,0.98,0.9802017944642732,43a389d039703a45,0.8799993599999999,6.400000001072215e-07,101.20775908463955,279.7913361945856,1.7645245653606212,False,0.35596205572618816,True,False
True,0.7036271345520877,0.8321385508292851,0.878279389945162,0.0299999999999966,0.0299999999999966,0.0518781316561122,Tier_B,first_step_growth_above_20pct,190.0,True,True,True,139402,True,0.9808584924369592,0.9802847861188008,6d8cab607bc9b82c,0.87999936,6.399999999961992e-07,104.13270473131418,2806.2603902085957,25.948886014719193,False,0.6424538332336772,True,False
True,0.6359842026179432,0.7432474308227877,0.777091173350337,0.0299999999999966,0.0299999999999966,0.0396505457983171,Tier_B,first_step_growth_above_20pct,190.0,True,True,True,950211,True,0.9819999999999997,0.98003045235973,947ae71e092fb9f2,0.87999936,6.399999999961992e-07,115.85781359735154,509.12480830279424,3.394393373175416,False,0.2950261734477138,True,False
True,0.2564896286475578,0.3034739661645175,0.3434461764543971,0.0299999999999966,0.0167999999999981,0.0108704224146567,Tier_B,first_step_growth_above_20pct,175.0,True,True,True,924141,True,0.9811244017665536,0.9801152778913356,42ef6a1e25ba9c6c,0.8799993600008691,6.399991309136155e-07,105.28165321554472,332.5686808155775,2.1588474407283917,False,0.9988669735703013,True,False
True,0.3997879513482003,0.4672870750544865,0.5227083630340186,0.0299999999999966,0.0299999999999966,0.0187138756197862,Tier_B,first_step_growth_above_20pct,290.0,True,True,True,840513,True,0.980760356799404,0.9807089089953878,007519c3494cf9d8,0.88000569350253,5.6935025299909015e-06,112.48605396391012,2328.870415023076,19.70363687724585,False,0.9999988757109218,True,False
True,0.2573352693649181,0.3261081478460955,0.3781331903503523,0.0299999999999966,0.0194999999999978,0.0115994613710737,Tier_B,first_step_growth_above_20pct,175.0,True,True,True,620812,True,0.9804420357275518,0.9800590296935184,4e96cf1e536757ce,0.87999936,6.399999999961992e-07,104.98115424859105,743.8381110334246,6.085444205271801,False,0.10177652624198558,True,False
True,0.2716940704070194,0.2940137972217789,0.294783904981565,0.0299999999999966,0.0,0.0103099202215593,Tier_B,first_step_growth_above_20pct,325.0,True,True,True,716467,True,0.9811580602374804,0.980927690285336,31a83ee5ce4f4b24,0.87999936,6.399999999961992e-07,112.5977591710933,204.48856134441087,0.8160979654460856,False,0.4694109824579585,True,False
True,0.5442399664029587,0.5461225168795361,0.5469702017897161,0.0299999999999966,0.0299999999999966,0.0236872307843063,Tier_B,first_step_growth_above_20pct,165.0,True,True,True,272157,True,0.9801320779815492,0.980087441865118,50e528fd734f1efb,0.8799996308671477,3.6913285228479253e-07,106.24612404306997,18693.692837314018,174.94705694615254,False,0.9999999998811492,True,False
True,0.1994241638815359,0.2390699454503652,0.2832461202561112,0.0296999999999967,0.0,0.0082373700761061,Tier_B,first_step_growth_above_20pct,150.0,True,True,True,194753,True,0.980131808101351,0.9802087331773698,ac54b1e05da0403e,0.8799995332501064,4.6674989362394115e-07,108.03581666269054,344.5991328182649,2.189674901002252,False,2.2680131961302107e-06,True,False
True,0.6936177972812925,0.7621513166568404,0.8180281075534528,0.0299999999999966,0.0299999999999966,0.0431523018368932,Tier_B,first_step_growth_above_20pct,180.0,True,True,True,149868,True,0.98,0.9800333860943856,d2ed228b47dc436a,0.87999936,6.399999999961992e-07,98.83233674779171,321.7663995025854,2.255679366599362,False,0.9995776052521395,True,False
True,0.3220736186942869,0.3600854537483251,0.3888376251139082,0.0299999999999966,0.0299999999999966,0.0133420165893267,Tier_B,first_step_growth_above_20pct,320.0,True,True,True,874218,True,0.9802846769543064,0.9801654446997092,c9479ee9536f712d,0.8799994510966254,5.489033746419736e-07,101.4498537701751,2185.3925330211996,20.5416035785719,False,0.9823411128757068,True,False
True,0.4205440011047214,0.4885169981557192,0.5472691558425764,0.0299999999999966,0.0299999999999966,0.020305897379489,Tier_B,first_step_growth_above_20pct,240.0,True,True,True,479311,True,0.9800000000001348,0.9811136607754124,85f4b029d5015a8b,0.87999936,6.399999999961992e-07,104.0876757613621,2680.0642523734286,24.74814196560514,False,0.9897330286617854,True,False
True,0.6843523385002528,0.7121201239069317,0.7293522787472826,0.0299999999999966,0.0299999999999966,0.0372086720377529,Tier_B,first_step_growth_above_20pct,125.0,True,True,True,316927,True,0.9800000068685488,0.9801254661600156,f3db9ab2b9ad2d60,0.87999936,6.399999999961992e-07,126.95225164032075,180.43922184312396,0.4213156482985563,False,0.9979975817254371,True,False
True,0.6690982661030465,0.765534752653123,0.8268525564767488,0.0299999999999966,0.0299999999999966,0.0432978371989496,Tier_B,first_step_growth_above_20pct,90.0,True,True,True,557495,True,0.9816538431239544,0.9802202102140842,450fd37e729f97e4,0.87999936,6.399999999961992e-07,108.90856349752933,1008.5992646989806,8.260972987875848,False,0.7070762293549876,True,False
True,0.7836658623304045,0.7966353778886173,0.8008789676303825,0.0299999999999966,0.0299999999999966,0.0475325352484688,Tier_B,first_step_growth_above_20pct,110.0,True,True,True,272406,True,0.98,0.980160434451113,c8a3b15b7fd4022a,0.87999936,6.399999999961992e-07,102.93886510875043,204.43899406523838,0.986023392129469,False,0.9931357890194398,True,False
True,0.2242950816056435,0.2719227230591594,0.3031681373051612,0.0299999999999966,0.0006999999999999,0.0094346183634533,Tier_B,first_step_growth_above_20pct,225.0,True,True,True,799990,True,0.9814681610674254,0.9803317350338764,3b1c12b062f61416,0.8799993599999999,6.400000001072215e-07,102.30335856450007,205.1507333919955,1.0053176774509542,False,0.008210983674201235,True,False
True,0.281604085864335,0.3108920748688971,0.3174752575921788,0.0299999999999966,0.0218999999999975,0.01100029700975,Tier_B,first_step_growth_above_20pct,75.0,True,True,True,946299,True,0.9803052967483776,0.9801354500351928,26923f612083f5f8,0.8799993437760216,6.562239783791668e-07,109.33417337032078,1343.9759127155492,11.292368170777033,False,0.9999999992047063,True,False
True,0.500986337511052,0.5386422800663384,0.5743091260061801,0.0299999999999966,0.0299999999999966,0.0232223016747518,Tier_B,first_step_growth_above_20pct,190.0,True,True,True,781432,True,0.9807523922056302,0.9802330484091848,d7f2db01177d8f46,0.8799997982635039,2.0173649606380906e-07,100.24922547662604,168.0413868156116,0.6762362603468879,False,0.9999999999999993,True,False
True,0.5511743747289335,0.6001235348924636,0.6502613148886218,0.0299999999999966,0.0299999999999966,0.0276266489365315,Tier_B,first_step_growth_above_20pct,185.0,True,True,True,50266,True,0.9801296659270128,0.9800431343100214,b055059e3c6c6aed,0.8799995911486633,4.088513366751201e-07,135.1731862746407,2871.2927136324906,20.241584908701398,False,0.9999999985688556,True,False
True,0.3101854944684442,0.3586557014955583,0.3960025093562959,0.0299999999999966,0.0299999999999966,0.0132983113551998,Tier_B,first_step_growth_above_20pct,230.0,True,True,True,792819,True,0.9800000000043466,0.9800189382927528,3f8712523cae4182,0.8799993600000013,6.399999986639315e-07,127.26077352349722,2372.4974284355517,17.642802198569832,False,1.0,True,False
True,0.3651453683667208,0.408876160073001,0.4383080084846533,0.0299999999999966,0.0299999999999966,0.0156916382880806,Tier_B,first_step_growth_above_20pct,90.0,True,True,True,751756,True,0.9801333891451712,0.9801254486384352,aef840df8b615712,0.8799994155939959,5.844060041448884e-07,116.55434304473255,482.12039606403596,3.1364429970576246,False,1.0,True,False
True,0.2429871742808051,0.3776928076671106,0.5991034998818356,0.0299999999999966,0.0220999999999975,0.0162396140405983,Tier_B,first_step_growth_above_20pct,125.0,True,True,True,840597,True,0.9809516415117568,0.9801579469485008,9228c77303bb02d7,0.87999936,6.399999999961992e-07,119.95004818449469,296.57686951962046,1.472503129498179,False,0.3186047272841872,True,False
True,0.2862524082192678,0.3122868716710957,0.3384351623205178,0.0299999999999966,0.0218999999999975,0.011263291910323,Tier_B,first_step_growth_above_20pct,250.0,True,True,True,55061,True,0.9810355951195708,0.9803353843835092,d8d1207bc6976724,0.87999936,6.399999999961992e-07,100.81708617541219,191.03541217486432,0.8948713895825235,False,0.967353432948617,True,False
True,0.5294268472393558,0.6539461163047515,0.7812669520768889,0.0299999999999966,0.0299999999999966,0.0324155183918902,Tier_B,first_step_growth_above_20pct,75.0,True,True,True,514950,True,0.9802245508645068,0.980111106265492,78527bf7d2b36ca8,0.87999936,6.399999999961992e-07,106.19056588060174,780.7077658833173,6.351950330136929,False,0.21417279768750708,True,False
False,0.2529446648173828,0.2752318438432209,0.3035379923279516,0.0295999999999967,0.0013999999999998,0.0096312320099351,Tier_B,first_step_growth_above_20pct,185.0,True,True,True,229510,True,0.981450052892848,0.9795613132168532,9b85da3db7b7e229,0.879999790012966,2.0998703398333873e-07,103.62159735547255,154.993201130314,0.49576155054444704,False,0.7136504463827006,True,False
True,0.3587538343394346,0.3840268251565883,0.3992995921931238,0.0299999999999966,0.0299999999999966,0.0144703888647625,Tier_B,first_step_growth_above_20pct,265.0,True,True,True,110443,True,0.980242214862629,0.9800395901127732,79211608bba7d0b4,0.87999936,6.399999999961992e-07,107.7635088427483,217.7288313586327,1.020431904053431,False,0.2489790751954777,True,False
True,0.5065862987152632,0.5474831194549123,0.5785915911453935,0.0299999999999966,0.0299999999999966,0.0237039825650235,Tier_B,first_step_growth_above_20pct,195.0,True,True,True,919830,True,0.9801259798085784,0.9800165945789522,d7d60018a8b55349,0.87999936,6.399999999961992e-07,117.9553692147658,715.4473821480169,5.06540750888054,False,0.03924964170994536,True,False
True,0.202929312102233,0.2249397558784864,0.2438409538670622,0.0299999999999966,0.0,0.0076318545962336,Tier_B,first_step_growth_above_20pct,265.0,True,True,True,328082,True,0.9815240972929988,0.980364724790704,f90fa6438381e896,0.87999936,6.399999999961992e-07,105.86551214514881,135.60419427723693,0.2809100105359559,False,0.6340227555988492,True,False
True,0.3067951468744377,0.4122768166360039,0.4811309539834656,0.0299999999999966,0.0299999999999966,0.0150064888504321,Tier_B,first_step_growth_above_20pct,335.0,True,True,True,639477,True,0.980869465449641,0.98199936,7c97c17ae0433fea,0.87999936,6.399999999961992e-07,98.39096033184751,469.2748630114085,3.7694916426129454,False,0.10196660314786407,True,False
True,0.3864107416495318,0.4258037827864905,0.4643467320837703,0.0299999999999966,0.0299999999999966,0.0166476745096956,Tier_B,first_step_growth_above_20pct,275.0,True,True,True,565596,True,0.9817850182947118,0.9802004028649566,e4297f152a01f59a,0.8799992912058543,7.087941457095681e-07,104.01029347098898,1981.2595210526497,18.048686961019598,False,0.9999997662100898,True,False
True,0.2065658170362891,0.2684338991335309,0.381015549086048,0.0299999999999966,0.0092999999999989,0.0097581310573969,Tier_B,first_step_growth_above_20pct,90.0,True,True,True,850658,True,0.9819999999999998,0.9801527896719004,6877c5ed4f901db3,0.87999936,6.399999999961992e-07,102.70052547476283,444.6672569774897,3.329746658275476,False,0.037884918766633954,True,False
True,0.3726882703144029,0.4175441037651323,0.4523697526611944,0.0299999999999966,0.0299999999999966,0.0161868237019054,Tier_B,first_step_growth_above_20pct,225.0,True,True,True,492477,True,0.9800000000171428,0.9800322183156548,e784484f1ec779ea,0.8799993600000056,6.39999994445084e-07,109.53730381363857,1240.9659761292505,10.329163060655295,False,0.9999999999975986,True,False
True,0.5225854313300216,0.548446341206464,0.5692991134142373,0.0299999999999966,0.0299999999999966,0.0238146034784142,Tier_B,first_step_growth_above_20pct,120.0,True,True,True,947716,True,0.981540331500898,0.9803272346626029,7bc289166b4ae686,0.87999936,6.399999999961992e-07,99.15775989634803,124.35527780072573,0.2541154411991282,False,0.9333030643085817,True,False
True,0.2762556608719964,0.4842915975923507,0.8440294340344384,0.0299999999999966,0.0276999999999969,0.0237838221517001,Tier_B,first_step_growth_above_20pct,140.0,True,True,True,883952,True,0.980128610633199,0.9800169561409764,6871fdea90b0b811,0.8799992302406006,7.697593994437923e-07,110.80472657363657,824.762608997365,6.443388332800581,False,0.0011090026851423012,True,False
True,0.4147790661873645,0.5054690910303121,0.6065513127967108,0.0299999999999966,0.0299999999999966,0.021445400786639,Tier_B,first_step_growth_above_20pct,100.0,True,True,True,194337,True,0.9802834494949066,0.9800029668738596,236b78aebf6971f1,0.8799990933467395,9.066532604684596e-07,103.83508777163428,582.0288941019919,4.605319999170751,False,1.4230078267242928e-07,True,False
True,0.277789775624275,0.3291971306027785,0.3818730684534772,0.0299999999999966,0.0213999999999976,0.0120331484466242,Tier_B,first_step_growth_above_20pct,350.0,True,True,True,836082,True,0.9805124028581124,0.9814071208143288,ce082204e0722721,0.87999936,6.399999999961992e-07,100.37024498859094,176.27806184247925,0.7562780868226109,False,0.733184555499178,True,False
True,0.2218775376006114,0.2738975989430389,0.3358756525176197,0.0299999999999966,0.008199999999999,0.0097013371438136,Tier_B,first_step_growth_above_20pct,130.0,True,True,True,435020,True,0.9808500573082816,0.9803858930263832,dc03fb1bb82c7a9a,0.879999476502191,5.234978089907472e-07,103.6189573408229,573.0609465999089,4.53046432145616,False,1.3813896459256413e-05,True,False
True,0.2632469026810095,0.3714430617308611,0.5030597765630431,0.0299999999999966,0.0244999999999973,0.0142754465242438,Tier_B,first_step_growth_above_20pct,175.0,True,True,True,910393,True,0.982,0.9801829575230606,1ae3a908033124b3,0.87999936,6.399999999961992e-07,132.29568002862646,734.1164419549359,4.5490583048220925,False,0.369569065208933,True,False
True,0.4194901787981018,0.4586269811956374,0.4940464518299854,0.0299999999999966,0.0299999999999966,0.018411347284397,Tier_B,first_step_growth_above_20pct,185.0,True,True,True,206208,True,0.9815945319770152,0.980198763040088,7af77f94797c03af,0.8799997645789503,2.354210496546827e-07,113.06317248310741,816.9391941236885,6.225510979233721,False,0.9899942194942294,True,False
True,0.7048901311055731,0.7453110337865332,0.7778467321039837,0.0299999999999966,0.0299999999999966,0.0412763136693182,Tier_B,first_step_growth_above_20pct,250.0,True,True,True,597911,True,0.9804385604503936,0.9813272399462472,cb71aa0a9a2e4765,0.8799992457529902,7.542470098487186e-07,113.63576401785073,681.5480564145821,4.99765454392967,False,0.6399339584417131,True,False
True,0.4090157056955333,0.4125156762974282,0.4127338859915856,0.0299999999999966,0.0299999999999966,0.0159326476927303,Tier_B,first_step_growth_above_20pct,210.0,True,True,True,970280,True,0.98,0.9802111092555374,fdcdcc158db3a898,0.87999936,6.399999999961992e-07,98.94903625026717,375.86406336438233,2.7985621447967106,False,0.43223577687022186,True,False
True,0.3442216877958105,0.4046806731396553,0.4713114531124232,0.0299999999999966,0.0299999999999966,0.0156652099547444,Tier_B,first_step_growth_above_20pct,415.0,True,True,True,397799,True,0.980083546045744,0.9803894795495904,f457a58dbe5124e6,0.8799993867347347,6.132652653478843e-07,114.61282694250413,784.4727128545132,5.844545534576565,False,0.998078993762272,True,False
True,0.6540267097158314,0.6974992174406925,0.729418671058474,0.0299999999999966,0.0299999999999966,0.0358397236749935,Tier_B,first_step_growth_above_20pct,85.0,True,True,True,879601,True,0.9811400859212124,0.9801012017610078,bbaa8e4080e0257e,0.8799997248274947,2.7517250533737325e-07,124.43756755739689,7435.9504764777175,58.75647565633973,False,0.9999978423163101,True,False
True,0.1920707278562147,0.2828576026005144,0.3993395737323112,0.0281999999999968,0.0126999999999986,0.0101491339840386,Tier_B,first_step_growth_above_20pct,165.0,True,True,True,1250,True,0.9800020978508116,0.9800734311847116,c3dde93b9960fb25,0.8799997655753907,2.3442460928002617e-07,102.6428008820863,826.5489948846264,7.052673814251687,False,3.7267967729426906e-07,True,False
True,0.2636860895994455,0.3270780020281972,0.3835422861567207,0.0299999999999966,0.0237999999999973,0.0118999651217015,Tier_B,first_step_growth_above_20pct,285.0,True,True,True,955733,True,0.9808271815459092,0.9816516241488782,433c9589600c5b4e,0.8799995570817442,4.429182558496336e-07,121.76063096544407,199.8525605257647,0.6413561505153771,False,0.9567611791122341,True,False
True,0.6545068594434786,0.7027518970985037,0.7425751314254103,0.0299999999999966,0.0299999999999966,0.0363528285819722,Tier_B,first_step_growth_above_20pct,265.0,True,True,True,764146,True,0.9814519469782146,0.9801624087633786,446b21d034f74e98,0.87999936,6.399999999961992e-07,107.983290326267,663.4119970949162,5.143654218078043,False,0.9999911476023476,True,False
True,0.2185472048450162,0.2476332083167487,0.2734890822150551,0.0299999999999966,0.0,0.0085386143726957,Tier_B,first_step_growth_above_20pct,240.0,True,True,True,960831,True,0.9800578158880412,0.9801113446626932,338eb4674d37eb50,0.8799997406919263,2.593080736801312e-07,100.10768603023404,235.81810785751003,1.355644378657293,False,0.9997884977764755,True,False
True,0.7188519548061156,0.7447703876100522,0.753666431191223,0.0299999999999966,0.0299999999999966,0.0406466224700497,Tier_B,first_step_growth_above_20pct,80.0,True,True,True,489392,True,0.9805075012648692,0.9800213896810386,38b6938b0fbc9f5f,0.8799993599999999,6.400000001072215e-07,120.97973862923612,391.0460072817108,2.2323264350912564,False,0.4572106436574162,True,False
True,0.3539511578858921,0.5446107810681857,0.5882853918499596,0.0299999999999966,0.0299999999999966,0.0223360608454732,Tier_B,first_step_growth_above_20pct,95.0,True,True,True,268591,True,0.9801182887693686,0.9800247422560848,d07fd30d156fdd59,0.87999936,6.399999999961992e-07,123.96774330473545,751.2731634791608,5.060231020196871,False,0.44415098082109083,True,False
True,0.5051933248877751,0.538415741018069,0.5679716559092437,0.0299999999999966,0.0299999999999966,0.0231387757508415,Tier_B,first_step_growth_above_20pct,160.0,True,True,True,386268,True,0.98192982127014,0.9801336748306492,bd4e7c094c100aab,0.8799993606409706,6.393590293862772e-07,106.07027780139305,1077.967885808031,9.162770458906763,False,0.9999135951222515,True,False
True,0.6974672408715477,0.7274970076717293,0.7501643233623756,0.0299999999999966,0.0299999999999966,0.0387813022435939,Tier_B,first_step_growth_above_20pct,305.0,True,True,True,970958,True,0.9815362054691724,0.9801262119872146,c26c78398635479c,0.8799992842941542,7.157058458107102e-07,106.04057038371036,2113.3689329175495,18.929814836625955,False,0.9986065108787856,True,False
