T1_C,T2_C,switch_density,hold_h,barrier_mode,first_step_attained,G1_um,rho1,fine1,D90_1_nm,final_rho,final_G_um,density_ok,grain_0p3_ok,grain_0p5_ok,grain_1p0_ok,strict_target_ok,chen_success,failure_class,final_D90_nm,final_fine_fraction,final_R_Z_um,final_Gamma_growth
1200,1000,0.7,5,nearest_slice_clamp,False,0.08939802180253736,0.7102346424589211,0.794528661098211,63.64806837480235,0.7102346424589211,0.08939802180253736,False,True,True,True,False,False,first_step_unattainable,63.64806837480235,0.794528661098211,0.044400819551122725,0.48407616206047066
1200,1000,0.7,10,nearest_slice_clamp,False,0.09558200473248099,0.7185739929480756,0.7885129252689999,63.64806837480235,0.7185739929480756,0.09558200473248099,False,True,True,True,False,False,first_step_unattainable,63.64806837480235,0.7885129252689999,0.046899596033289644,0.44586519860086926
1200,1000,0.7,20,nearest_slice_clamp,False,0.10613823766080506,0.7332427942724443,0.7770634991901028,63.64806837480235,0.7332427942724443,0.10613823766080506,False,True,True,True,False,False,first_step_unattainable,63.64806837480235,0.7770634991901028,0.05168319557849826,0.42203615737523287
1200,1000,0.7,30,nearest_slice_clamp,False,0.11554324511544185,0.7459256237327365,0.7661558741460113,63.64806837480235,0.7459256237327365,0.11554324511544185,False,True,True,True,False,False,first_step_unattainable,63.64806837480235,0.7661558741460113,0.05629292436127965,0.42315916298967066
1200,1000,0.7,40,nearest_slice_clamp,False,0.12435908084308657,0.7571056141479686,0.7556529238359383,63.64806837480235,0.7571056141479686,0.12435908084308657,False,True,True,True,False,False,first_step_unattainable,63.64806837480235,0.7556529238359383,0.0607917096631519,0.43288750056735315
1200,1000,0.8,5,nearest_slice_clamp,False,0.16127911333434525,0.8041685849153557,0.6994332497406411,63.64806837480235,0.8041685849153557,0.16127911333434525,False,True,True,True,False,False,first_step_unattainable,63.64806837480235,0.6994332497406411,0.08616861073491429,0.7038048727483122
1200,1000,0.8,10,nearest_slice_clamp,False,0.16651622296689056,0.8073609225210046,0.6947214634080818,63.64806837480235,0.8073609225210046,0.16651622296689056,False,True,True,True,False,False,first_step_unattainable,63.64806837480235,0.6947214634080818,0.08839945671356736,0.6855823002418466
1200,1000,0.8,20,nearest_slice_clamp,False,0.17621953392926748,0.8133202443435092,0.685542761724238,63.64806837480235,0.8133202443435092,0.17621953392926748,False,True,True,True,False,False,first_step_unattainable,63.64806837480235,0.685542761724238,0.0927987384898714,0.6618969619768512
1200,1000,0.8,30,nearest_slice_clamp,False,0.18518435476211176,0.8187992910837194,0.6766341263384421,63.64806837480235,0.8187992910837194,0.18518435476211176,False,True,True,True,False,False,first_step_unattainable,63.64806837480235,0.6766341263384421,0.09713734750489403,0.6500810478476738
1200,1000,0.8,40,nearest_slice_clamp,False,0.19363599405315335,0.8238745125503492,0.6679497005809151,63.64806837480235,0.8238745125503492,0.19363599405315335,False,True,True,True,True,False,first_step_unattainable,63.64806837480235,0.6679497005809151,0.1014330323918414,0.6459069983082535
1200,1000,0.9,5,nearest_slice_clamp,False,0.3415689102731458,0.9014803002071015,0.4523518931746679,79.77973951750052,0.9014803002071015,0.3415689102731458,False,False,True,True,True,False,first_step_unattainable,79.77973951750052,0.4523518931746679,0.2341254523348644,0.9904477723674313
1200,1000,0.9,10,nearest_slice_clamp,False,0.3451342564012769,0.9022415338154155,0.4490737821104692,79.77973951750052,0.9022415338154155,0.3451342564012769,False,False,True,True,True,False,first_step_unattainable,79.77973951750052,0.4490737821104692,0.23663530619195108,0.9904918891127528
1200,1000,0.9,20,nearest_slice_clamp,False,0.3521572298309992,0.9037230623602572,0.4425997296707711,79.77973951750052,0.9037230623602572,0.3521572298309992,False,False,True,True,True,False,first_step_unattainable,79.77973951750052,0.4425997296707711,0.2416491557863961,0.9906219201417059
1200,1000,0.9,30,nearest_slice_clamp,False,0.35904388462295805,0.9051529657419208,0.43623136001957685,79.77973951750052,0.9051529657419208,0.35904388462295805,False,False,True,True,True,False,first_step_unattainable,79.77973951750052,0.43623136001957685,0.24665675845435547,0.990800903935012
1200,1000,0.9,40,nearest_slice_clamp,False,0.36580222712727123,0.9065344906120292,0.42996442300457505,79.77973951750052,0.9065344906120292,0.36580222712727123,False,False,True,True,True,False,first_step_unattainable,79.77973951750052,0.42996442300457505,0.251659810057085,0.9910210673570816
1200,1100,0.7,5,nearest_slice_clamp,True,0.08500735447899464,0.7056451732694757,0.798423003095285,63.64806837480235,0.8105762815196624,0.17284011553689782,False,True,True,True,False,False,lower_density_exhaustion,63.64806837480235,0.6904053986673602,0.09047252796483155,0.6519417429834435
1200,1100,0.7,10,nearest_slice_clamp,True,0.08500735447899464,0.7056451732694757,0.798423003095285,63.64806837480235,0.8554545503538052,0.24395978144452699,False,True,True,True,True,False,lower_density_exhaustion,79.77973951750052,0.6029324845704542,0.1358295162615346,0.80960799490834
1200,1100,0.7,20,nearest_slice_clamp,True,0.08500735447899464,0.7056451732694757,0.798423003095285,63.64806837480235,0.8998067687868032,0.3634302181241722,False,False,True,True,True,False,lower_density_exhaustion,79.77973951750052,0.45985787320579197,0.2284366631777513,0.9619822460854692
1200,1100,0.7,30,nearest_slice_clamp,True,0.08500735447899464,0.7056451732694757,0.798423003095285,63.64806837480235,0.9230934617421878,0.4595660489305132,False,False,True,True,False,False,lower_density_exhaustion,79.77973951750052,0.34564383299182344,0.3273734938100099,0.9951373719567995
1200,1100,0.7,40,nearest_slice_clamp,True,0.08500735447899464,0.7056451732694757,0.798423003095285,63.64806837480235,0.9379185159295207,0.5398711691757352,False,False,False,True,False,False,lower_density_exhaustion,79.77973951750052,0.25388259162805676,0.43480696453304796,0.9995218020858646
1200,1100,0.8,5,nearest_slice_clamp,True,0.15911204184937747,0.8033571902902515,0.7022334498653647,63.64806837480235,0.8491552635010019,0.23035575861292326,False,True,True,True,True,False,lower_density_exhaustion,63.64806837480235,0.6177534187643483,0.12763609187444486,0.7986353622257322
1200,1100,0.8,10,nearest_slice_clamp,True,0.15911204184937747,0.8033571902902515,0.7022334498653647,63.64806837480235,0.8779926469950237,0.29561367420470197,False,True,True,True,True,False,lower_density_exhaustion,79.77973951750052,0.5398135675408823,0.17341601843842946,0.8989354786742478
1200,1100,0.8,20,nearest_slice_clamp,True,0.15911204184937747,0.8033571902902515,0.7022334498653647,63.64806837480235,0.9109112258751808,0.40491975518247497,False,False,True,True,False,False,lower_density_exhaustion,79.77973951750052,0.4096247987805557,0.2684253600810631,0.9834666755486621
1200,1100,0.8,30,nearest_slice_clamp,True,0.15911204184937747,0.8033571902902515,0.7022334498653647,63.64806837480235,0.9299545545413008,0.49380477422859015,False,False,True,True,False,False,lower_density_exhaustion,79.77973951750052,0.3050536818244065,0.3708524217189804,0.998139904311357
1200,1100,0.8,40,nearest_slice_clamp,True,0.15911204184937747,0.8033571902902515,0.7022334498653647,63.64806837480235,0.9426513956010591,0.5693755402365358,False,False,False,True,False,False,lower_density_exhaustion,79.77973951750052,0.2215163088283488,0.48234482784365984,0.9998312936856075
1200,1100,0.9,5,nearest_slice_clamp,True,0.3408991788259896,0.9014491632869268,0.45466332831354617,79.77973951750052,0.9113662757826322,0.3795401487081033,False,False,True,True,True,False,lower_density_exhaustion,79.77973951750052,0.40885477097372475,0.2690787603238776,0.995021634768119
1200,1100,0.9,10,nearest_slice_clamp,True,0.3408991788259896,0.9014491632869268,0.45466332831354617,79.77973951750052,0.9225351944017052,0.42914431564622035,False,False,True,True,False,False,lower_density_exhaustion,79.77973951750052,0.3500536812009109,0.32297554619785207,0.9983015626169883
1200,1100,0.9,20,nearest_slice_clamp,True,0.3408991788259896,0.9014491632869268,0.45466332831354617,79.77973951750052,0.938332884182012,0.5143370459883628,False,False,False,True,False,False,lower_density_exhaustion,79.77973951750052,0.25209583998247753,0.43728460558092136,0.9998497294590389
1200,1100,0.9,30,nearest_slice_clamp,True,0.3408991788259896,0.9014491632869268,0.45466332831354617,79.77973951750052,0.9490574804266555,0.5873119219343043,False,False,False,True,False,False,lower_density_exhaustion,79.77973951750052,0.17681611609601083,0.56086979966231,0.999988981098579
1200,1100,0.9,40,nearest_slice_clamp,True,0.3408991788259896,0.9014491632869268,0.45466332831354617,79.77973951750052,0.9565429793715139,0.6521603727394102,False,False,False,True,False,False,lower_density_exhaustion,100.00000000000001,0.12277119313294754,0.6876599222050994,0.9999990791178501
1300,1000,0.7,5,nearest_slice_clamp,False,0.0898417130235272,0.7108166194472813,0.7941195951290781,63.64806837480235,0.7108166194472813,0.0898417130235272,False,True,True,True,False,False,first_step_unattainable,63.64806837480235,0.7941195951290781,0.04457054558188563,0.4804706034830301
1300,1000,0.7,10,nearest_slice_clamp,False,0.09596513473755135,0.7191027218306049,0.7881200341476058,63.64806837480235,0.7191027218306049,0.09596513473755135,False,True,True,True,False,False,first_step_unattainable,63.64806837480235,0.7881200341476058,0.04706304752419889,0.44424010842280204
1300,1000,0.7,20,nearest_slice_clamp,False,0.10646546845279604,0.7336941279586302,0.7766922267999296,63.64806837480235,0.7336941279586302,0.10646546845279604,False,True,True,True,False,False,first_step_unattainable,63.64806837480235,0.7766922267999296,0.05183916653837056,0.42182308339287505
1300,1000,0.7,30,nearest_slice_clamp,False,0.11584485008949852,0.7463204681989549,0.7657997788579205,63.64806837480235,0.7463204681989549,0.11584485008949852,False,True,True,True,False,False,first_step_unattainable,63.64806837480235,0.7657997788579205,0.056444434826740254,0.42338797621707586
1300,1000,0.7,40,nearest_slice_clamp,False,0.12464583040837524,0.7574562716818265,0.7553088268935166,63.64806837480235,0.7574562716818265,0.12464583040837524,False,True,True,True,False,False,first_step_unattainable,63.64806837480235,0.7553088268935166,0.06094019931081327,0.43328876675791533
1300,1000,0.8,5,nearest_slice_clamp,False,0.16044587982690006,0.8044436582507406,0.6989710494333898,63.64806837480235,0.8044436582507406,0.16044587982690006,False,True,True,True,False,False,first_step_unattainable,63.64806837480235,0.6989710494333898,0.08638698824172156,0.7237248847619872
1300,1000,0.8,10,nearest_slice_clamp,False,0.16585118894435935,0.8076461577331672,0.6942332868670974,63.64806837480235,0.8076461577331672,0.16585118894435935,False,True,True,True,False,False,first_step_unattainable,63.64806837480235,0.6942332868670974,0.0886319548003306,0.7031775993574303
1300,1000,0.8,20,nearest_slice_clamp,False,0.17581313791719905,0.8136150695280595,0.6850168198552945,63.64806837480235,0.8136150695280595,0.17581313791719905,False,True,True,True,False,False,first_step_unattainable,63.64806837480235,0.6850168198552945,0.09305322521338417,0.6756382906751451
1300,1000,0.8,30,nearest_slice_clamp,False,0.18496274388111814,0.8190948683086596,0.6760833690324312,63.64806837480235,0.8190948683086596,0.18496274388111814,False,True,True,True,False,False,first_step_unattainable,63.64806837480235,0.6760833690324312,0.0974080302147256,0.6609712520177701
1300,1000,0.8,40,nearest_slice_clamp,False,0.19354973968225,0.8241658790552804,0.6673825972472022,63.64806837480235,0.8241658790552804,0.19354973968225,False,True,True,True,True,False,first_step_unattainable,63.64806837480235,0.6673825972472022,0.1017160417836887,0.6547055120314447
1300,1000,0.9,5,nearest_slice_clamp,False,0.33267705057644137,0.9008046210501077,0.45528330538201023,79.77973951750052,0.9008046210501077,0.33267705057644137,False,False,True,True,True,False,first_step_unattainable,79.77973951750052,0.45528330538201023,0.2319100073759705,0.9928510468698784
1300,1000,0.9,10,nearest_slice_clamp,False,0.3363454497495869,0.9015918209635122,0.45192217887211783,79.77973951750052,0.9015918209635122,0.3363454497495869,False,False,True,True,True,False,first_step_unattainable,79.77973951750052,0.45192217887211783,0.23446649352470933,0.9928497106641605
1300,1000,0.9,20,nearest_slice_clamp,False,0.34356482255192955,0.903122125957595,0.445288636849037,79.77973951750052,0.903122125957595,0.34356482255192955,False,False,True,True,True,False,first_step_unattainable,79.77973951750052,0.445288636849037,0.23957118548476647,0.9928851151483763
1300,1000,0.9,30,nearest_slice_clamp,False,0.35063595006625753,0.9045969800411819,0.43876885203711297,79.77973951750052,0.9045969800411819,0.35063595006625753,False,False,True,True,True,False,first_step_unattainable,79.77973951750052,0.43876885203711297,0.24466669257264373,0.9929660562951645
1300,1000,0.9,40,nearest_slice_clamp,False,0.3575679242140715,0.9060200330618825,0.4323578867411431,79.77973951750052,0.9060200330618825,0.3575679242140715,False,False,True,True,True,False,first_step_unattainable,79.77973951750052,0.4323578867411431,0.24975501907329228,0.9930863356742585
1300,1100,0.7,5,nearest_slice_clamp,True,0.08500735447899464,0.7056451732694757,0.798423003095285,63.64806837480235,0.8145764642505557,0.1778822671143968,False,True,True,True,False,False,lower_density_exhaustion,63.64806837480235,0.6838902020403335,0.09361533740024086,0.6646549629010278
1300,1100,0.7,10,nearest_slice_clamp,True,0.08500735447899464,0.7056451732694757,0.798423003095285,63.64806837480235,0.8576218159031882,0.2483981573864753,False,True,True,True,True,False,lower_density_exhaustion,79.77973951750052,0.5975579099630153,0.1388564418431663,0.8179902099441021
1300,1100,0.7,20,nearest_slice_clamp,True,0.08500735447899464,0.7056451732694757,0.798423003095285,63.64806837480235,0.900804310136981,0.36696756419633875,False,False,True,True,True,False,lower_density_exhaustion,79.77973951750052,0.45563924003299544,0.23161469204796692,0.9642830004862821
1300,1100,0.7,30,nearest_slice_clamp,True,0.08500735447899464,0.7056451732694757,0.798423003095285,63.64806837480235,0.9236906613690625,0.4624601607894002,False,False,True,True,False,False,lower_density_exhaustion,79.77973951750052,0.3422453743224595,0.3308094310885234,0.99548351663412
1300,1100,0.7,40,nearest_slice_clamp,True,0.08500735447899464,0.7056451732694757,0.798423003095285,63.64806837480235,0.9383229865049748,0.5423464156368767,False,False,False,True,False,False,lower_density_exhaustion,79.77973951750052,0.2511701028912571,0.438550163541712,0.9995588160936661
1300,1100,0.8,5,nearest_slice_clamp,True,0.1559769060380134,0.8020724186592849,0.7039767933317668,63.64806837480235,0.8523704607491842,0.2362474388494204,False,True,True,True,True,False,lower_density_exhaustion,79.77973951750052,0.6117975987968501,0.1309018828367922,0.8103719428128134
1300,1100,0.8,10,nearest_slice_clamp,True,0.1559769060380134,0.8020724186592849,0.7039767933317668,63.64806837480235,0.8800374410900673,0.30094055017860666,False,False,True,True,True,False,lower_density_exhaustion,79.77973951750052,0.5345103416302694,0.17678997406320726,0.9054486554790502
1300,1100,0.8,20,nearest_slice_clamp,True,0.1559769060380134,0.8020724186592849,0.7039767933317668,63.64806837480235,0.912002671758554,0.40922713238199515,False,False,True,True,False,False,lower_density_exhaustion,79.77973951750052,0.4053277239077127,0.27208021119859965,0.984780971331291
1300,1100,0.8,30,nearest_slice_clamp,True,0.1559769060380134,0.8020724186592849,0.7039767933317668,63.64806837480235,0.9306550960094528,0.49739712998594937,False,False,True,True,False,False,lower_density_exhaustion,79.77973951750052,0.30156042441163844,0.3748643765033013,0.9983056984797349
1300,1100,0.8,40,nearest_slice_clamp,True,0.1559769060380134,0.8020724186592849,0.7039767933317668,63.64806837480235,0.9431457064430564,0.5724984762552513,False,False,False,True,False,False,lower_density_exhaustion,79.77973951750052,0.2187279096244634,0.48676111294756214,0.9998474616496185
1300,1100,0.9,5,nearest_slice_clamp,True,0.33099511535633186,0.9005589322298054,0.45856142992190335,79.77973951750052,0.914228985796281,0.3849794414635605,False,False,True,True,True,False,lower_density_exhaustion,79.77973951750052,0.3947370438286076,0.2812741470804593,0.9971093635533609
1300,1100,0.9,10,nearest_slice_clamp,True,0.33099511535633186,0.9005589322298054,0.45856142992190335,79.77973951750052,0.9249008714333815,0.4340203587850148,False,False,True,True,False,False,lower_density_exhaustion,79.77973951750052,0.3366412424417391,0.3365806418110211,0.9990445767486134
1300,1100,0.9,20,nearest_slice_clamp,True,0.33099511535633186,0.9005589322298054,0.45856142992190335,79.77973951750052,0.940075808827043,0.518432614557381,False,False,False,True,False,False,lower_density_exhaustion,79.77973951750052,0.24036281718801772,0.45391716448738445,0.9999205507921681
1300,1100,0.9,30,nearest_slice_clamp,True,0.33099511535633186,0.9005589322298054,0.45856142992190335,79.77973951750052,0.9503264873500121,0.5909025736560378,False,False,False,True,False,False,lower_density_exhaustion,79.77973951750052,0.16770333867879397,0.5793150779028229,0.99999417885626
1300,1100,0.9,40,nearest_slice_clamp,True,0.33099511535633186,0.9005589322298054,0.45856142992190335,79.77973951750052,0.9574777933084279,0.6553953607856554,False,False,False,True,False,False,lower_density_exhaustion,100.00000000000001,0.11617453655877473,0.7068301052621403,0.9999994964181944
1300,1200,0.7,5,nearest_slice_clamp,True,0.11344264408894332,0.7520803705474393,0.7618661739316558,63.64806837480235,0.9605628307711191,0.6892313002815751,False,False,False,True,False,False,lower_density_exhaustion,100.00000000000001,0.09414453077628934,0.7754580587633702,0.9999998510657564
1300,1200,0.7,10,nearest_slice_clamp,True,0.11344264408894332,0.7520803705474393,0.7618661739316558,63.64806837480235,0.9769855651714583,0.9612515639946627,True,False,False,True,False,False,upper_grain_growth,100.00000000000001,0.01034116945742946,1.4938592438949843,0.9999999999973055
1300,1200,0.7,20,nearest_slice_clamp,True,0.11344264408894332,0.7520803705474393,0.7618661739316558,63.64806837480235,0.9878667285973389,1.3491335582660664,False,False,False,False,False,False,lower_density_exhaustion,100.00000000000001,5.562441656758352e-05,3.2054249749543713,1.0
1300,1200,0.7,30,nearest_slice_clamp,True,0.11344264408894332,0.7520803705474393,0.7618661739316558,63.64806837480235,0.9921194744125108,1.6478095835503468,False,False,False,False,False,False,lower_density_exhaustion,100.00000000000001,2.2694096641793903e-07,5.255770682250344,1.0
1300,1200,0.7,40,nearest_slice_clamp,True,0.11344264408894332,0.7520803705474393,0.7618661739316558,63.64806837480235,0.9943709374483366,1.899989735546608,False,False,False,False,False,False,lower_density_exhaustion,100.00000000000001,9.335952775378825e-10,7.658351257543334,1.0
1300,1200,0.8,5,nearest_slice_clamp,True,0.16393329582945548,0.8093058583729723,0.693802542347989,63.64806837480235,0.9609632437872173,0.6936699352434789,False,False,False,True,False,False,lower_density_exhaustion,100.00000000000001,0.09400527082579077,0.7759675983038133,0.999999853801952
1300,1200,0.8,10,nearest_slice_clamp,True,0.16393329582945548,0.8093058583729723,0.693802542347989,63.64806837480235,0.977125253974453,0.964427281063812,True,False,False,True,False,False,upper_grain_growth,100.00000000000001,0.009511744519099785,1.5203255388074381,0.9999999999981393
1300,1200,0.8,20,nearest_slice_clamp,True,0.16393329582945548,0.8093058583729723,0.693802542347989,63.64806837480235,0.9879112823581836,1.3513949885113843,False,False,False,False,False,False,lower_density_exhaustion,100.00000000000001,5.066898003357486e-05,3.2377401290404206,1.0
1300,1200,0.8,30,nearest_slice_clamp,True,0.16393329582945548,0.8093058583729723,0.693802542347989,63.64806837480235,0.9921412182346319,1.6496607705521946,False,False,False,False,False,False,lower_density_exhaustion,100.00000000000001,2.0634640853575192e-07,5.294152050188617,1.0
1300,1200,0.8,40,nearest_slice_clamp,True,0.16393329582945548,0.8093058583729723,0.693802542347989,63.64806837480235,0.9943836598462512,1.9015950699692645,False,False,False,False,False,False,lower_density_exhaustion,100.00000000000001,8.496331378813546e-10,7.7030550023291635,1.0
1300,1200,0.9,5,nearest_slice_clamp,True,0.3322650862601837,0.9010736952885122,0.45856142992190335,79.77973951750052,0.9653406622076958,0.745745478925573,False,False,False,True,False,False,lower_density_exhaustion,100.00000000000001,0.06259104124434686,0.9130585025128718,0.9999999873391693
1300,1200,0.9,10,nearest_slice_clamp,True,0.3322650862601837,0.9010736952885122,0.45856142992190335,79.77973951750052,0.9787569604561629,1.0024992247656999,True,False,False,False,False,False,upper_grain_growth,100.00000000000001,0.006073736280430996,1.662433448710648,0.9999999999997597
1300,1200,0.9,20,nearest_slice_clamp,True,0.3322650862601837,0.9010736952885122,0.45856142992190335,79.77973951750052,0.9884500971087282,1.3787721755278632,False,False,False,False,False,False,lower_density_exhaustion,100.00000000000001,3.0689742440027145e-05,3.4127906175309324,1.0
1300,1200,0.9,30,nearest_slice_clamp,True,0.3322650862601837,0.9010736952885122,0.45856142992190335,79.77973951750052,0.9924079785226713,1.672147166612026,False,False,False,False,False,False,lower_density_exhaustion,100.00000000000001,1.2338388648678724e-07,5.503570782809011,1.0
1300,1200,0.9,40,nearest_slice_clamp,True,0.3322650862601837,0.9010736952885122,0.45856142992190335,79.77973951750052,0.9945410998221135,1.9211284410342306,False,False,False,False,False,False,lower_density_exhaustion,100.00000000000001,5.086776945234209e-10,7.948544977664544,1.0
1400,1000,0.7,5,nearest_slice_clamp,False,0.0902800169499235,0.71139456728972,0.7937118027138133,63.64806837480235,0.71139456728972,0.0902800169499235,False,True,True,True,False,False,first_step_unattainable,63.64806837480235,0.7937118027138133,0.04473976608943622,0.4770552424358435
1400,1000,0.7,10,nearest_slice_clamp,False,0.09634538586916949,0.7196283527952569,0.7877280445074668,63.64806837480235,0.7196283527952569,0.09634538586916949,False,True,True,True,False,False,first_step_unattainable,63.64806837480235,0.7877280445074668,0.04722616245370772,0.4426991377963979
1400,1000,0.7,20,nearest_slice_clamp,False,0.10679154041323698,0.7341433122301051,0.7763215356015023,63.64806837480235,0.7341433122301051,0.10679154041323698,False,True,True,True,False,False,first_step_unattainable,63.64806837480235,0.7763215356015023,0.05199495465719495,0.4216334110805333
1400,1000,0.7,30,nearest_slice_clamp,False,0.11614583669917646,0.7467136709239302,0.765444124872105,63.64806837480235,0.7467136709239302,0.11614583669917646,False,True,True,True,False,False,first_step_unattainable,63.64806837480235,0.765444124872105,0.05659582567786418,0.42362529042286445
1400,1000,0.7,40,nearest_slice_clamp,False,0.12493218729252986,0.7578056154552821,0.7549650922264329,63.64806837480235,0.7578056154552821,0.12493218729252986,False,True,True,True,False,False,first_step_unattainable,63.64806837480235,0.7549650922264329,0.06108860560910628,0.43369366785253816
1400,1000,0.8,5,nearest_slice_clamp,False,0.16081700651285077,0.8046622223746158,0.6986521281834998,63.64806837480235,0.8046622223746158,0.16081700651285077,False,True,True,True,False,False,first_step_unattainable,63.64806837480235,0.6986521281834998,0.08653752135899989,0.7221865572971699
1400,1000,0.8,10,nearest_slice_clamp,False,0.16620009526468563,0.8078541042638049,0.6939207763224144,63.64806837480235,0.8078541042638049,0.16620009526468563,False,True,True,True,False,False,first_step_unattainable,63.64806837480235,0.6939207763224144,0.08878069561570796,0.7019890824238315
1400,1000,0.8,20,nearest_slice_clamp,False,0.17612948176395513,0.8138050852314527,0.6847148201559781,63.64806837480235,0.8138050852314527,0.17612948176395513,False,True,True,True,False,False,first_step_unattainable,63.64806837480235,0.6847148201559781,0.09319932059033056,0.674972166574232
1400,1000,0.8,30,nearest_slice_clamp,False,0.18525697485452827,0.819270115533811,0.6757898164143153,63.64806837480235,0.819270115533811,0.18525697485452827,False,True,True,True,False,False,first_step_unattainable,63.64806837480235,0.6757898164143153,0.09755229965228628,0.6606466528882154
1400,1000,0.8,40,nearest_slice_clamp,False,0.19382829291586456,0.8243286006957108,0.6670961540825561,63.64806837480235,0.8243286006957108,0.19382829291586456,False,True,True,True,True,False,first_step_unattainable,63.64806837480235,0.6670961540825561,0.10185899728133166,0.6546043341461752
1400,1000,0.9,5,nearest_slice_clamp,False,0.33292302517392,0.900856502691341,0.45506302125855325,79.77973951750052,0.900856502691341,0.33292302517392,False,False,True,True,True,False,first_step_unattainable,79.77973951750052,0.45506302125855325,0.23207695195725322,0.9928486311867614
1400,1000,0.9,10,nearest_slice_clamp,False,0.336588735394837,0.9016427023956631,0.4517039147835551,79.77973951750052,0.9016427023956631,0.336588735394837,False,False,True,True,True,False,first_step_unattainable,79.77973951750052,0.4517039147835551,0.23463320251747785,0.9928481872705728
1400,1000,0.9,20,nearest_slice_clamp,False,0.34380299293545097,0.9031711118711744,0.44507426884873624,79.77973951750052,0.9031711118711744,0.34380299293545097,False,False,True,True,True,False,first_step_unattainable,79.77973951750052,0.44507426884873624,0.23973748236109685,0.9928852286176352
1400,1000,0.9,30,nearest_slice_clamp,False,0.350869325053032,0.9046441980043661,0.43855820494857917,79.77973951750052,0.9046441980043661,0.350869325053032,False,False,True,True,True,False,first_step_unattainable,79.77973951750052,0.43855820494857917,0.2448326484666175,0.9929676084790778
1400,1000,0.9,40,nearest_slice_clamp,False,0.35779679156434513,0.9060655977775769,0.432150803022766,79.77973951750052,0.9060655977775769,0.35779679156434513,False,False,True,True,True,False,first_step_unattainable,79.77973951750052,0.432150803022766,0.24992069716588652,0.9930891322324013
1400,1100,0.7,5,nearest_slice_clamp,True,0.08500735447899464,0.7056451732694757,0.798423003095285,63.64806837480235,0.8183844268196679,0.18287486836692052,False,True,True,True,False,False,lower_density_exhaustion,63.64806837480235,0.6794468877862109,0.09577925560241034,0.6732827408114233
1400,1100,0.7,10,nearest_slice_clamp,True,0.08500735447899464,0.7056451732694757,0.798423003095285,63.64806837480235,0.8597179198484626,0.25280218938055615,False,True,True,True,True,False,lower_density_exhaustion,79.77973951750052,0.5922329429188881,0.14188562019259077,0.8261101498726925
1400,1100,0.7,20,nearest_slice_clamp,True,0.08500735447899464,0.7056451732694757,0.798423003095285,63.64806837480235,0.9017819737434514,0.3704791653994086,False,False,True,True,True,False,lower_density_exhaustion,79.77973951750052,0.4514513053548866,0.2348002377664394,0.966461449657735
1400,1100,0.7,30,nearest_slice_clamp,True,0.08500735447899464,0.7056451732694757,0.798423003095285,63.64806837480235,0.9242792340293198,0.46533719127404205,False,False,True,True,False,False,lower_density_exhaustion,79.77973951750052,0.33887150644729425,0.3342548917001079,0.9958061651083646
1400,1100,0.7,40,nearest_slice_clamp,True,0.08500735447899464,0.7056451732694757,0.798423003095285,63.64806837480235,0.9387227938022805,0.5448104794290627,False,False,False,True,False,False,lower_density_exhaustion,79.77973951750052,0.2484789214186217,0.4423041820268696,0.9995930399958606
1400,1100,0.8,5,nearest_slice_clamp,True,0.1559769060380134,0.8020724186592849,0.7039767933317668,63.64806837480235,0.854656911170694,0.24084242916080054,False,True,True,True,True,False,lower_density_exhaustion,79.77973951750052,0.60630153198057,0.13394758183948177,0.8178305242272497
1400,1100,0.8,10,nearest_slice_clamp,True,0.1559769060380134,0.8020724186592849,0.7039767933317668,63.64806837480235,0.8814894516650291,0.3049674953685058,False,False,True,True,True,False,lower_density_exhaustion,79.77973951750052,0.5297079639960725,0.17987582961675372,0.9102805453512194
1400,1100,0.8,20,nearest_slice_clamp,True,0.1559769060380134,0.8020724186592849,0.7039767933317668,63.64806837480235,0.9127760199889403,0.41244380710965306,False,False,True,True,False,False,lower_density_exhaustion,79.77973951750052,0.40149346357036175,0.2753742575095931,0.9857886512650388
1400,1100,0.8,30,nearest_slice_clamp,True,0.1559769060380134,0.8020724186592849,0.7039767933317668,63.64806837480235,0.9311493936373021,0.500080108943969,False,False,False,True,False,False,lower_density_exhaustion,79.77973951750052,0.29847939264328144,0.37844057066387937,0.9984317719663868
1400,1100,0.8,40,nearest_slice_clamp,True,0.1559769060380134,0.8020724186592849,0.7039767933317668,63.64806837480235,0.9434927207599214,0.5748336970909721,False,False,False,True,False,False,lower_density_exhaustion,79.77973951750052,0.21629466068626468,0.49065941636332744,0.9998596170442527
1400,1100,0.9,5,nearest_slice_clamp,True,0.3309951114727723,0.9005578216313761,0.4585661519471453,79.77973951750052,0.9150324679105014,0.3884410654051295,False,False,True,True,True,False,lower_density_exhaustion,79.77973951750052,0.39063437612264584,0.2848979133466003,0.9973028553247871
1400,1100,0.9,10,nearest_slice_clamp,True,0.3309951114727723,0.9005578216313761,0.4585661519471453,79.77973951750052,0.9255204494708233,0.43709796896128633,False,False,True,True,False,False,lower_density_exhaustion,79.77973951750052,0.33302776450142846,0.3403350401169935,0.9991159078297001
1400,1100,0.9,20,nearest_slice_clamp,True,0.3309951114727723,0.9005578216313761,0.4585661519471453,79.77973951750052,0.9404836542872653,0.5210126128378428,False,False,False,True,False,False,lower_density_exhaustion,79.77973951750052,0.23756755807102045,0.457994091349743,0.9999271702126734
1400,1100,0.9,30,nearest_slice_clamp,True,0.3309951114727723,0.9005578216313761,0.4585661519471453,79.77973951750052,0.9506051251650479,0.593166956448267,False,False,False,True,False,False,lower_density_exhaustion,79.77973951750052,0.1656858123079363,0.583527464429793,0.9999946470433211
1400,1100,0.9,40,nearest_slice_clamp,True,0.3309951114727723,0.9005578216313761,0.4585661519471453,79.77973951750052,0.957679454331908,0.6574372972663544,False,False,False,True,False,False,lower_density_exhaustion,100.00000000000001,0.11474822530154602,0.7111093323367202,0.999999534627376
1400,1200,0.7,5,nearest_slice_clamp,True,0.11344264408894332,0.7520803705474393,0.7618661739316558,63.64806837480235,0.9623439358794315,0.7106155943812256,False,False,False,True,False,False,lower_density_exhaustion,100.00000000000001,0.08236469678833734,0.8207278212463761,0.9999999309743334
1400,1200,0.7,10,nearest_slice_clamp,True,0.11344264408894332,0.7520803705474393,0.7618661739316558,63.64806837480235,0.9776175743384984,0.9766837912402277,True,False,False,True,False,False,upper_grain_growth,100.00000000000001,0.00878153828007708,1.545575410965866,0.9999999999986697
1400,1200,0.7,20,nearest_slice_clamp,True,0.11344264408894332,0.7520803705474393,0.7618661739316558,63.64806837480235,0.988067592350918,1.3601505438852317,False,False,False,False,False,False,lower_density_exhaustion,100.00000000000001,4.6399969398563044e-05,3.2682622023821817,1.0
1400,1200,0.7,30,nearest_slice_clamp,True,0.11344264408894332,0.7520803705474393,0.7618661739316558,63.64806837480235,0.9922168840322405,1.656835716812795,False,False,False,False,False,False,lower_density_exhaustion,100.00000000000001,1.887868838424638e-07,5.330108174611751,1.0
1400,1200,0.7,40,nearest_slice_clamp,True,0.11344264408894332,0.7520803705474393,0.7618661739316558,63.64806837480235,0.9944275461217345,1.9078205053466728,False,False,False,False,False,False,lower_density_exhaustion,100.00000000000001,7.785042055944363e-10,7.744623074844808,1.0
1400,1200,0.8,5,nearest_slice_clamp,True,0.16393329582945548,0.8093058583729723,0.693802542347989,63.64806837480235,0.9627093141469539,0.7149232142481358,False,False,False,True,False,False,lower_density_exhaustion,100.00000000000001,0.07848381813077653,0.8370217989381239,0.999999947977438
1400,1200,0.8,10,nearest_slice_clamp,True,0.16393329582945548,0.8093058583729723,0.693802542347989,63.64806837480235,0.9777502022591279,0.979809218687618,True,False,False,True,False,False,upper_grain_growth,100.00000000000001,0.008072248993525872,1.5722255036870612,0.9999999999990798
1400,1200,0.8,20,nearest_slice_clamp,True,0.16393329582945548,0.8093058583729723,0.693802542347989,63.64806837480235,0.9881108949501245,1.362393636443097,False,False,False,False,False,False,lower_density_exhaustion,100.00000000000001,4.2260038481566e-05,3.30077444900236,1.0
1400,1200,0.8,30,nearest_slice_clamp,True,0.16393329582945548,0.8093058583729723,0.693802542347989,63.64806837480235,0.9922381942108254,1.6586768113448969,False,False,False,False,False,False,lower_density_exhaustion,100.00000000000001,1.7165551170710992e-07,5.368697355994522,1.0
1400,1200,0.8,40,nearest_slice_clamp,True,0.16393329582945548,0.8093058583729723,0.693802542347989,63.64806837480235,0.9944400688004817,1.9094192468678988,False,False,False,False,False,False,lower_density_exhaustion,100.00000000000001,7.085246485793779e-10,7.7895399889569585,1.0
1400,1200,0.9,5,nearest_slice_clamp,True,0.3322650862601837,0.9010726062236423,0.4585661519471453,79.77973951750052,0.9667262789444151,0.765569737329132,True,False,False,True,False,False,upper_grain_growth,100.00000000000001,0.05620879349719077,0.9488783878215882,0.9999999928789147
1400,1200,0.9,10,nearest_slice_clamp,True,0.3322650862601837,0.9010726062236423,0.4585661519471453,79.77973951750052,0.9793029005294491,1.0173110975542419,True,False,False,False,False,False,upper_grain_growth,100.00000000000001,0.00513846080815521,1.7153783803270755,0.9999999999998803
1400,1200,0.9,20,nearest_slice_clamp,True,0.3322650862601837,0.9010726062236423,0.4585661519471453,79.77973951750052,0.9886350186136813,1.3895604245113995,False,False,False,False,False,False,lower_density_exhaustion,100.00000000000001,2.5574519320277868e-05,3.4769283025180213,1.0
1400,1200,0.9,30,nearest_slice_clamp,True,0.3322650862601837,0.9010726062236423,0.4585661519471453,79.77973951750052,0.9924997728343051,1.6810481825782986,False,False,False,False,False,False,lower_density_exhaustion,100.00000000000001,1.0263387895008946e-07,5.579286095673576,1.0
1400,1200,0.9,40,nearest_slice_clamp,True,0.3322650862601837,0.9010726062236423,0.4585661519471453,79.77973951750052,0.9945951011957245,1.928878362634642,False,False,False,False,False,False,lower_density_exhaustion,100.00000000000001,4.242702861659912e-10,8.036237796981435,1.0
1400,1300,0.7,5,nearest_slice_clamp,True,0.28619635755401535,0.8860086309940329,0.5163804971501894,79.77973951750052,0.9950131200438339,2.0587081435391075,False,False,False,False,False,False,lower_density_exhaustion,100.00000000000001,9.044114976644267e-12,8.735617404989515,1.0
1400,1300,0.7,10,nearest_slice_clamp,True,0.28619635755401535,0.8860086309940329,0.5163804971501894,79.77973951750052,0.9977726464973167,2.813458391993926,False,False,False,False,False,False,lower_density_exhaustion,100.00000000000001,8.048134464087198e-23,20.795646779705937,1.0
1400,1300,0.7,20,nearest_slice_clamp,True,0.28619635755401535,0.8860086309940329,0.5163804971501894,79.77973951750052,0.9989656035286687,3.905864904935343,False,False,False,False,False,False,lower_density_exhaustion,100.00000000000001,1.4734622898104457e-34,46.67990096211239,1.0
1400,1300,0.7,30,nearest_slice_clamp,True,0.28619635755401535,0.8860086309940329,0.5163804971501894,79.77973951750052,0.9992906330290836,4.752672679867603,False,False,False,False,False,False,lower_density_exhaustion,100.00000000000001,2.7413780576198117e-40,68.99935887970064,1.0
1400,1300,0.7,40,nearest_slice_clamp,True,0.28619635755401535,0.8860086309940329,0.5163804971501894,79.77973951750052,0.9994391234245416,5.469606547104771,False,False,False,False,False,False,lower_density_exhaustion,100.00000000000001,7.33806526860598e-44,87.83694468671712,1.0
1400,1300,0.8,5,nearest_slice_clamp,True,0.22765254257160647,0.8581585976677382,0.5988705245727878,79.77973951750052,0.994782126927355,2.0208639934345762,False,False,False,False,False,False,lower_density_exhaustion,100.00000000000001,2.8552785484042914e-11,8.282176548951906,1.0
1400,1300,0.8,10,nearest_slice_clamp,True,0.22765254257160647,0.8581585976677382,0.5988705245727878,79.77973951750052,0.9977137276194392,2.7859268390721783,False,False,False,False,False,False,lower_density_exhaustion,100.00000000000001,1.689041148779942e-22,20.338253171517533,1.0
1400,1300,0.8,20,nearest_slice_clamp,True,0.22765254257160647,0.8581585976677382,0.5988705245727878,79.77973951750052,0.9989541103589008,3.8861148612962593,False,False,False,False,False,False,lower_density_exhaustion,100.00000000000001,2.015060724662456e-34,46.25108913125712,1.0
1400,1300,0.8,30,nearest_slice_clamp,True,0.22765254257160647,0.8581585976677382,0.5988705245727878,79.77973951750052,0.9992859441022224,4.736464737282319,False,False,False,False,False,False,lower_density_exhaustion,100.00000000000001,3.315715168867763e-40,68.62248751602255,1.0
1400,1300,0.8,40,nearest_slice_clamp,True,0.22765254257160647,0.8581585976677382,0.5988705245727878,79.77973951750052,0.999436545421008,5.455533275534097,False,False,False,False,False,False,lower_density_exhaustion,100.00000000000001,8.400234240238547e-44,87.50270174863479,1.0
1400,1300,0.9,5,nearest_slice_clamp,True,0.33894361449401333,0.9030868478646175,0.4497589055634874,79.77973951750052,0.9946855865310719,2.0060241348935812,False,False,False,False,False,False,lower_density_exhaustion,100.00000000000001,5.0163171521163173e-11,8.061771103934662,1.0
1400,1300,0.9,10,nearest_slice_clamp,True,0.33894361449401333,0.9030868478646175,0.4497589055634874,79.77973951750052,0.9976890129090178,2.7751813149555207,False,False,False,False,False,False,lower_density_exhaustion,100.00000000000001,3.610900710674085e-22,19.87959812117718,1.0
1400,1300,0.9,20,nearest_slice_clamp,True,0.33894361449401333,0.9030868478646175,0.4497589055634874,79.77973951750052,0.9989491407595191,3.8784364624592835,False,False,False,False,False,False,lower_density_exhaustion,100.00000000000001,2.7759063894004084e-34,45.817054074112114,1.0
1400,1300,0.9,30,nearest_slice_clamp,True,0.33894361449401333,0.9030868478646175,0.4497589055634874,79.77973951750052,0.9992838096974042,4.730171869838749,False,False,False,False,False,False,lower_density_exhaustion,100.00000000000001,4.032807090663912e-40,68.23826901440987,1.0
1400,1300,0.9,40,nearest_slice_clamp,True,0.33894361449401333,0.9030868478646175,0.4497589055634874,79.77973951750052,0.9994353033367813,5.450072914903374,False,False,False,False,False,False,lower_density_exhaustion,100.00000000000001,9.664982877322772e-44,87.1594511815215,1.0
1500,1000,0.7,5,nearest_slice_clamp,False,0.0907131796455063,0.7119685672735989,0.7933052496874475,63.64806837480235,0.7119685672735989,0.0907131796455063,False,True,True,True,False,False,first_step_unattainable,63.64806837480235,0.7933052496874475,0.044908495877693515,0.47381917800382806
1500,1000,0.7,10,nearest_slice_clamp,False,0.09672286205802559,0.7201509316562742,0.787336939316069,63.64806837480235,0.7201509316562742,0.09672286205802559,False,True,True,True,False,False,first_step_unattainable,63.64806837480235,0.787336939316069,0.04738894896773063,0.4412382379505199
1500,1000,0.7,20,nearest_slice_clamp,False,0.10711648180812003,0.7345903686767076,0.7759514191805175,63.64806837480235,0.7345903686767076,0.10711648180812003,False,True,True,True,False,False,first_step_unattainable,63.64806837480235,0.7759514191805175,0.052150562895705764,0.4214662875259002
1500,1000,0.7,30,nearest_slice_clamp,False,0.11644621566869873,0.7471052450411029,0.7650889088636383,63.64806837480235,0.7471052450411029,0.11644621566869873,False,True,True,True,False,False,first_step_unattainable,63.64806837480235,0.7650889088636383,0.05674709841917702,0.42387084952047827
1500,1000,0.7,40,nearest_slice_clamp,False,0.1252181565528807,0.7581536544747098,0.7546217177759424,63.64806837480235,0.7581536544747098,0.1252181565528807,False,True,True,True,False,False,first_step_unattainable,63.64806837480235,0.7546217177759424,0.06123692950139455,0.4341021091150343
1500,1000,0.8,5,nearest_slice_clamp,False,0.16118649484624623,0.8048800362287631,0.6983336650547115,63.64806837480235,0.8048800362287631,0.16118649484624623,False,True,True,True,False,False,first_step_unattainable,63.64806837480235,0.6983336650547115,0.08668792237630478,0.7206735222041472
1500,1000,0.8,10,nearest_slice_clamp,False,0.16654768482426546,0.8080613877650851,0.6936086610955131,63.64806837480235,0.8080613877650851,0.16654768482426546,False,True,True,True,False,False,first_step_unattainable,63.64806837480235,0.6936086610955131,0.08892933006145412,0.7008216430357985
1500,1000,0.8,20,nearest_slice_clamp,False,0.1764449487926223,0.813994564201245,0.6844131300410797,63.64806837480235,0.813994564201245,0.1764449487926223,False,True,True,True,False,False,first_step_unattainable,63.64806837480235,0.6844131300410797,0.09334534412813209,0.6743199439549215
1500,1000,0.8,30,nearest_slice_clamp,False,0.1855505959885622,0.8194449129450481,0.6754965193864557,63.64806837480235,0.8194449129450481,0.1855505959885622,False,True,True,True,False,False,first_step_unattainable,63.64806837480235,0.6754965193864557,0.09769651827579501,0.6603311120182735
1500,1000,0.8,40,nearest_slice_clamp,False,0.19410640398833945,0.8244909362262766,0.6668099303150343,63.64806837480235,0.8244909362262766,0.19410640398833945,False,True,True,True,True,False,first_step_unattainable,63.64806837480235,0.6668099303150343,0.10200191553089684,0.6545091219036635
1500,1000,0.9,5,nearest_slice_clamp,False,0.33316866134874606,0.9009093884675126,0.45483814033081676,79.77973951750052,0.9009093884675126,0.33316866134874606,False,False,True,True,True,False,first_step_unattainable,79.77973951750052,0.45483814033081676,0.2322474630126721,0.9928481844527856
1500,1000,0.9,10,nearest_slice_clamp,False,0.33683169742045665,0.9016945822680769,0.4514810403876848,79.77973951750052,0.9016945822680769,0.33683169742045665,False,False,True,True,True,False,first_step_unattainable,79.77973951750052,0.4514810403876848,0.23480351504179903,0.9928486251780642
1500,1000,0.9,20,nearest_slice_clamp,False,0.3440408676525028,0.9032210848140994,0.444855265541133,79.77973951750052,0.9032210848140994,0.3440408676525028,False,False,True,True,True,False,first_step_unattainable,79.77973951750052,0.444855265541133,0.23990745632931346,0.9928872789509777
1500,1000,0.9,30,nearest_slice_clamp,False,0.35110243027281796,0.9046923916080754,0.4383429000663063,79.77973951750052,0.9046923916080754,0.35110243027281796,False,False,True,True,True,False,first_step_unattainable,79.77973951750052,0.4383429000663063,0.24500235433788817,0.9929710624796717
1500,1000,0.9,40,nearest_slice_clamp,False,0.35802541315405334,0.9061121268081131,0.4319390413652006,79.77973951750052,0.9061121268081131,0.35802541315405334,False,False,True,True,True,False,first_step_unattainable,79.77973951750052,0.4319390413652006,0.25009019751561273,0.9930937867204112
1500,1100,0.7,5,nearest_slice_clamp,True,0.08500735447899464,0.7056451732694757,0.798423003095285,63.64806837480235,0.8220098358208984,0.18781879478641497,False,True,True,True,False,False,lower_density_exhaustion,63.64806837480235,0.6726290657938233,0.09913240852178422,0.6864316802745509
1500,1100,0.7,10,nearest_slice_clamp,True,0.08500735447899464,0.7056451732694757,0.798423003095285,63.64806837480235,0.8617466567946186,0.2571722877367862,False,True,True,True,True,False,lower_density_exhaustion,79.77973951750052,0.5869564444072106,0.14491735191151042,0.8339705013966685
1500,1100,0.7,20,nearest_slice_clamp,True,0.08500735447899464,0.7056451732694757,0.798423003095285,63.64806837480235,0.9027404058446462,0.37396531806330036,False,False,True,True,True,False,lower_density_exhaustion,79.77973951750052,0.44729375855952747,0.23799340963276558,0.9685226562854162
1500,1100,0.7,30,nearest_slice_clamp,True,0.08500735447899464,0.7056451732694757,0.798423003095285,63.64806837480235,0.9248593786008793,0.4681973907367339,False,False,True,True,False,False,lower_density_exhaustion,79.77973951750052,0.3355220894086363,0.33770993269075167,0.996106808404388
1500,1100,0.7,40,nearest_slice_clamp,True,0.08500735447899464,0.7056451732694757,0.798423003095285,63.64806837480235,0.9391180209909871,0.547263505400606,False,False,False,True,False,False,lower_density_exhaustion,79.77973951750052,0.24580896051628628,0.44606904225953437,0.9996246773405633
1500,1100,0.8,5,nearest_slice_clamp,True,0.1559769060380134,0.8020724186592849,0.7039767933317668,63.64806837480235,0.8568645178234201,0.24539128390502765,False,True,True,True,True,False,lower_density_exhaustion,79.77973951750052,0.6008603499560136,0.13699350299402738,0.8251833385610363
1500,1100,0.8,10,nearest_slice_clamp,True,0.1559769060380134,0.8020724186592849,0.7039767933317668,63.64806837480235,0.8829044269603619,0.30896216784087016,False,False,True,True,True,False,lower_density_exhaustion,79.77973951750052,0.5249445798978721,0.18296626328288224,0.9149216900809335
1500,1100,0.8,20,nearest_slice_clamp,True,0.1559769060380134,0.8020724186592849,0.7039767933317668,63.64806837480235,0.9135362415130132,0.4156386257713785,False,False,True,True,False,False,lower_density_exhaustion,79.77973951750052,0.3976867137507083,0.2786768694395454,0.9867347747332765
1500,1100,0.8,30,nearest_slice_clamp,True,0.1559769060380134,0.8020724186592849,0.7039767933317668,63.64806837480235,0.9316372990236554,0.5027490533125437,False,False,False,True,False,False,lower_density_exhaustion,79.77973951750052,0.29542135651420204,0.38202702152477247,0.998548791480985
1500,1100,0.8,40,nearest_slice_clamp,True,0.1559769060380134,0.8020724186592849,0.7039767933317668,63.64806837480235,0.9438360491972791,0.577159477296264,False,False,False,True,False,False,lower_density_exhaustion,79.77973951750052,0.2138816399083292,0.4945687677503203,0.9998708243613709
1500,1100,0.9,5,nearest_slice_clamp,True,0.3309951114727723,0.9005578216313761,0.4585661519471453,79.77973951750052,0.9158213764693854,0.3918704022997756,False,False,True,True,False,False,lower_density_exhaustion,79.77973951750052,0.3865619654578245,0.28853379246725464,0.997485875580014
1500,1100,0.9,10,nearest_slice_clamp,True,0.3309951114727723,0.9005578216313761,0.4585661519471453,79.77973951750052,0.9261307105332528,0.44015224229029987,False,False,True,True,False,False,lower_density_exhaustion,79.77973951750052,0.32943962691792417,0.3441041257382763,0.9991824934758088
1500,1100,0.9,20,nearest_slice_clamp,True,0.3309951114727723,0.9005578216313761,0.4585661519471453,79.77973951750052,0.9408869060994554,0.523578251162907,False,False,False,True,False,False,lower_density_exhaustion,79.77973951750052,0.23479254645496853,0.46208920550774485,0.9999332747528304
1500,1100,0.9,30,nearest_slice_clamp,True,0.3309951114727723,0.9005578216313761,0.4585661519471453,79.77973951750052,0.9508807749989814,0.5954212790568809,False,False,False,True,False,False,lower_density_exhaustion,79.77973951750052,0.1636880101787526,0.587749097194605,0.9999950781003641
1500,1100,0.9,40,nearest_slice_clamp,True,0.3309951114727723,0.9005578216313761,0.4585661519471453,79.77973951750052,0.957879384485703,0.6594716078215199,False,False,False,True,False,False,lower_density_exhaustion,100.00000000000001,0.11333573028944047,0.7153988718418415,0.9999995700067583
1500,1200,0.7,5,nearest_slice_clamp,True,0.11344264408894332,0.7520803705474393,0.7618661739316558,63.64806837480235,0.9639697997730021,0.7313766983634343,False,False,False,True,False,False,lower_density_exhaustion,100.00000000000001,0.07134005429815296,0.8691202803735987,0.9999999691837622
1500,1200,0.7,10,nearest_slice_clamp,True,0.11344264408894332,0.7520803705474393,0.7618661739316558,63.64806837480235,0.978217656218424,0.9918740705811785,True,False,False,True,False,False,upper_grain_growth,100.00000000000001,0.0074485569397505546,1.597641464219317,0.9999999999993412
1500,1200,0.7,20,nearest_slice_clamp,True,0.11344264408894332,0.7520803705474393,0.7618661739316558,63.64806837480235,0.9882627779410649,1.3710786518027114,False,False,False,False,False,False,lower_density_exhaustion,100.00000000000001,3.8695217934468894e-05,3.3314736099237168,1.0
1500,1200,0.7,30,nearest_slice_clamp,True,0.11344264408894332,0.7520803705474393,0.7618661739316558,63.64806837480235,0.9923123296927259,1.6658128104683496,False,False,False,False,False,False,lower_density_exhaustion,100.00000000000001,1.570524933724362e-07,5.404838861586154,1.0
1500,1200,0.7,40,nearest_slice_clamp,True,0.11344264408894332,0.7520803705474393,0.7618661739316558,63.64806837480235,0.9944832533906334,1.9156191989054518,False,False,False,False,False,False,lower_density_exhaustion,100.00000000000001,6.492521736462315e-10,7.831296263526874,1.0
1500,1200,0.8,5,nearest_slice_clamp,True,0.16393329582945548,0.8093058583729723,0.693802542347989,63.64806837480235,0.9643033210974176,0.7355580938237034,False,False,False,True,False,False,lower_density_exhaustion,100.00000000000001,0.07122956284317261,0.8696488875671429,0.9999999697371763
1500,1200,0.8,10,nearest_slice_clamp,True,0.16393329582945548,0.8093058583729723,0.693802542347989,63.64806837480235,0.9783437637834698,0.9949515301970064,True,False,False,True,False,False,upper_grain_growth,100.00000000000001,0.006842977166334307,1.6244774685353713,0.9999999999995435
1500,1200,0.8,20,nearest_slice_clamp,True,0.16393329582945548,0.8093058583729723,0.693802542347989,63.64806837480235,0.9883048815564599,1.3733038462375597,False,False,False,False,False,False,lower_density_exhaustion,100.00000000000001,3.523776548576963e-05,3.364183164107815,1.0
1500,1200,0.8,30,nearest_slice_clamp,True,0.16393329582945548,0.8093058583729723,0.693802542347989,63.64806837480235,0.9923332187695694,1.6676439759669972,False,False,False,False,False,False,lower_density_exhaustion,100.00000000000001,1.4280183343100963e-07,5.4436361331038725,1.0
1500,1200,0.8,40,nearest_slice_clamp,True,0.16393329582945548,0.8093058583729723,0.693802542347989,63.64806837480235,0.9944955808405623,1.9172114281470152,False,False,False,False,False,False,lower_density_exhaustion,100.00000000000001,5.909204343464924e-10,7.876426490861688,1.0
1500,1200,0.9,5,nearest_slice_clamp,True,0.3322650862601837,0.9010726062236423,0.4585661519471453,79.77973951750052,0.9680035854905797,0.7848724373057823,True,False,False,True,False,False,upper_grain_growth,100.00000000000001,0.04733213696291046,1.00576025848327,0.9999999971032404
1500,1200,0.9,10,nearest_slice_clamp,True,0.3322650862601837,0.9010726062236423,0.4585661519471453,79.77973951750052,0.9798229858709195,1.031899232398675,True,False,False,False,False,False,upper_grain_growth,100.00000000000001,0.004343029191589992,1.7686908387188889,0.9999999999999403
1500,1200,0.9,20,nearest_slice_clamp,True,0.3322650862601837,0.9010726062236423,0.4585661519471453,79.77973951750052,0.9888148177442928,1.4002581565523256,False,False,False,False,False,False,lower_density_exhaustion,100.00000000000001,2.1306882928303402e-05,3.5414504081254576,1.0
1500,1200,0.9,30,nearest_slice_clamp,True,0.3322650862601837,0.9010726062236423,0.4585661519471453,79.77973951750052,0.9925897166556142,1.6898963270946348,False,False,False,False,False,False,lower_density_exhaustion,100.00000000000001,8.537529597260331e-08,5.655407727030029,1.0
1500,1200,0.9,40,nearest_slice_clamp,True,0.3322650862601837,0.9010726062236423,0.4585661519471453,79.77973951750052,0.9946482323400085,1.9365920915019819,False,False,False,False,False,False,lower_density_exhaustion,100.00000000000001,3.5390162517760213e-10,8.124347471547175,1.0
1500,1300,0.7,5,nearest_slice_clamp,True,0.28619635755401535,0.8860086309940329,0.5163804971501894,79.77973951750052,0.9953433602620246,2.117437529178475,False,False,False,False,False,False,lower_density_exhaustion,100.00000000000001,1.4833324585366064e-12,9.459946768484167,1.0
1500,1300,0.7,10,nearest_slice_clamp,True,0.28619635755401535,0.8860086309940329,0.5163804971501894,79.77973951750052,0.9978587557811578,2.8566568335427998,False,False,False,False,False,False,lower_density_exhaustion,100.00000000000001,1.9740403495994098e-23,21.68943882519414,1.0
1500,1300,0.7,20,nearest_slice_clamp,True,0.28619635755401535,0.8860086309940329,0.5163804971501894,79.77973951750052,0.9989824745621242,3.937038364038843,False,False,False,False,False,False,lower_density_exhaustion,100.00000000000001,8.288417376487125e-35,47.48613581600213,1.0
1500,1300,0.7,30,nearest_slice_clamp,True,0.28619635755401535,0.8860086309940329,0.5163804971501894,79.77973951750052,0.9992973521697828,4.778308300303002,False,False,False,False,False,False,lower_density_exhaustion,100.00000000000001,1.96480651510603e-40,69.67944560758919,1.0
1500,1300,0.7,40,nearest_slice_clamp,True,0.28619635755401535,0.8860086309940329,0.5163804971501894,79.77973951750052,0.9994426920668539,5.491889280840881,False,False,False,False,False,False,lower_density_exhaustion,100.00000000000001,5.866876688355066e-44,88.41341215503105,1.0
1500,1300,0.8,5,nearest_slice_clamp,True,0.22765254257160647,0.8581585976677382,0.5988705245727878,79.77973951750052,0.9951368727198411,2.08065248636313,False,False,False,False,False,False,lower_density_exhaustion,100.00000000000001,5.079835764433461e-12,8.964285686530628,1.0
1500,1300,0.8,10,nearest_slice_clamp,True,0.22765254257160647,0.8581585976677382,0.5988705245727878,79.77973951750052,0.9978043220651622,2.8295486130558767,False,False,False,False,False,False,lower_density_exhaustion,100.00000000000001,4.0230431932903417e-23,21.231176606959394,1.0
1500,1300,0.8,20,nearest_slice_clamp,True,0.22765254257160647,0.8581585976677382,0.5988705245727878,79.77973951750052,0.9989714054940401,3.917446062274013,False,False,False,False,False,False,lower_density_exhaustion,100.00000000000001,1.1263161172212713e-34,47.059081603236976,1.0
1500,1300,0.8,30,nearest_slice_clamp,True,0.22765254257160647,0.8581585976677382,0.5988705245727878,79.77973951750052,0.999292772647447,4.762187824089303,False,False,False,False,False,False,lower_density_exhaustion,100.00000000000001,2.3704553350480063e-40,69.30417264954721,1.0
1500,1300,0.8,40,nearest_slice_clamp,True,0.22765254257160647,0.8581585976677382,0.5988705245727878,79.77973951750052,0.9994401568042612,5.47787336315867,False,False,False,False,False,False,lower_density_exhaustion,100.00000000000001,6.707409322132895e-44,88.08040568449695,1.0
1500,1300,0.9,5,nearest_slice_clamp,True,0.33894361449401333,0.9030868478646175,0.4497589055634874,79.77973951750052,0.9950507606103631,2.066239831333043,False,False,False,False,False,False,lower_density_exhaustion,100.00000000000001,9.283587585135418e-12,8.723574271813483,1.0
1500,1300,0.9,10,nearest_slice_clamp,True,0.33894361449401333,0.9030868478646175,0.4497589055634874,79.77973951750052,0.9977814848496763,2.8189709240216057,False,False,False,False,False,False,lower_density_exhaustion,100.00000000000001,8.343744940337275e-23,20.771437449857245,1.0
1500,1300,0.9,20,nearest_slice_clamp,True,0.33894361449401333,0.9030868478646175,0.4497589055634874,79.77973951750052,0.9989666119686111,3.9098294883697617,False,False,False,False,False,False,lower_density_exhaustion,100.00000000000001,1.5415940037061727e-34,46.62671924613796,1.0
1500,1300,0.9,30,nearest_slice_clamp,True,0.33894361449401333,0.9030868478646175,0.4497589055634874,79.77973951750052,0.9992906841909766,4.755929101984599,False,False,False,False,False,False,lower_density_exhaustion,100.00000000000001,2.8757684591703912e-40,68.92149189085538,1.0
1500,1300,0.9,40,nearest_slice_clamp,True,0.33894361449401333,0.9030868478646175,0.4497589055634874,79.77973951750052,0.9994389329691402,5.47243534734656,False,False,False,False,False,False,lower_density_exhaustion,100.00000000000001,7.707228307402293e-44,87.73834096145745,1.0
