candidate_id,rho_target,initial_topology,heating_rate_C_min,n_cases,HR_pct,cumulative_PR_desintering_work,reference_PR_work,PR_exposure_difference
mech_009_PR_attrition_moderate,0.85,GBseg_rich,0.2,360,,,,
mech_009_PR_attrition_moderate,0.85,GBseg_rich,1.0,360,0.0,1029078.4500866772,1029078.4500866772,0.0
mech_009_PR_attrition_moderate,0.85,GBseg_rich,5.0,360,-0.5664481210425883,275699.7863774207,1029667.2466451918,769264.2782045035
mech_009_PR_attrition_moderate,0.85,GBseg_rich,20.0,360,0.0012365962526335,95301.87476973693,1030192.3503969468,958224.1986608552
mech_009_PR_attrition_moderate,0.85,GBseg_rich,50.0,360,0.0012265950608627,56146.1397553446,1030192.3503969468,997571.8788147296
mech_009_PR_attrition_moderate,0.85,GBseg_rich,100.0,360,0.0012759007286852,34536.95860898789,1030192.3503969468,1010888.5872854368
mech_009_PR_attrition_moderate,0.85,TJ_rich,0.2,360,,,,
mech_009_PR_attrition_moderate,0.85,TJ_rich,1.0,360,0.0,191616.59289868467,191616.59289868467,0.0
mech_009_PR_attrition_moderate,0.85,TJ_rich,5.0,360,-2.3148750362848953,39883.45513966173,191661.44044410897,152090.24795610615
mech_009_PR_attrition_moderate,0.85,TJ_rich,20.0,360,-2.3750240060428145,10870.951644400906,191706.28798953324,181538.12571169937
mech_009_PR_attrition_moderate,0.85,TJ_rich,50.0,360,-2.535048928817054,4948.101428506772,191706.28798953324,187464.7316682569
mech_009_PR_attrition_moderate,0.85,TJ_rich,100.0,360,-2.8105043662567097,2974.751794224722,191706.28798953324,189443.01596409676
mech_009_PR_attrition_moderate,0.85,baseline,0.2,360,,,,
mech_009_PR_attrition_moderate,0.85,baseline,1.0,360,0.0,460839.2537755205,460839.2537755205,0.0
mech_009_PR_attrition_moderate,0.85,baseline,5.0,360,-1.5682811815258295,107472.47208155118,461654.5233021859,361674.7541599024
mech_009_PR_attrition_moderate,0.85,baseline,20.0,360,-1.934170141368553,34693.11515250581,461654.5233021859,435291.8259203004
mech_009_PR_attrition_moderate,0.85,baseline,50.0,360,-2.0667689365841815,19820.842943455318,461654.5233021859,450264.16600623535
mech_009_PR_attrition_moderate,0.85,baseline,100.0,360,-2.170481388499266,11790.455671010495,461654.5233021859,455273.9213991646
mech_009_PR_attrition_moderate,0.85,mixed_GBseg_TJ,0.2,360,,,,
mech_009_PR_attrition_moderate,0.85,mixed_GBseg_TJ,1.0,360,0.0,291751.80887816515,291751.80887816515,0.0
mech_009_PR_attrition_moderate,0.85,mixed_GBseg_TJ,5.0,360,-2.01185369573857,62619.90275891871,291751.80887816515,230617.0561646974
mech_009_PR_attrition_moderate,0.85,mixed_GBseg_TJ,20.0,360,-2.3659190977046256,19445.69861888647,292031.88695569127,275995.99080270535
mech_009_PR_attrition_moderate,0.85,mixed_GBseg_TJ,50.0,360,-2.673668011810944,10019.58159897072,292031.88695569127,285128.9605970497
mech_009_PR_attrition_moderate,0.85,mixed_GBseg_TJ,100.0,360,-2.5657990165702276,6190.695170836291,291751.80887816515,288016.0277638174
mech_009_PR_attrition_moderate,0.88,GBseg_rich,0.2,360,,,,
mech_009_PR_attrition_moderate,0.88,GBseg_rich,1.0,360,0.0,1029102.9033005332,1029102.9033005332,0.0
mech_009_PR_attrition_moderate,0.88,GBseg_rich,5.0,360,-0.11027774866993136,272916.68749961257,1029230.1386305896,773878.9153499239
mech_009_PR_attrition_moderate,0.88,GBseg_rich,20.0,360,0.03541791204577755,87370.89043580531,1029230.1386305896,959567.8867113376
mech_009_PR_attrition_moderate,0.88,GBseg_rich,50.0,360,0.0699585434596112,50367.67634399114,1029230.1386305896,999039.3590195891
mech_009_PR_attrition_moderate,0.88,GBseg_rich,100.0,360,0.03616156936803515,34569.50773678905,1029230.1386305896,1012393.1675877592
mech_009_PR_attrition_moderate,0.88,TJ_rich,0.2,360,,,,
mech_009_PR_attrition_moderate,0.88,TJ_rich,1.0,360,0.0,191679.04524657875,191679.04524657875,0.0
mech_009_PR_attrition_moderate,0.88,TJ_rich,5.0,360,-1.1992946522553676,40049.14611384636,191679.04524657875,152125.15094418643
mech_009_PR_attrition_moderate,0.88,TJ_rich,20.0,360,-1.4964839496733449,11041.0353802858,191733.85993424623,181626.40442493628
mech_009_PR_attrition_moderate,0.88,TJ_rich,50.0,360,-1.5291951521135616,5117.757234050711,191733.85993424623,187557.2089089663
mech_009_PR_attrition_moderate,0.88,TJ_rich,100.0,360,-1.787924872300979,3144.591905627646,191733.85993424623,189536.8741018446
mech_009_PR_attrition_moderate,0.88,baseline,0.2,360,,,,
mech_009_PR_attrition_moderate,0.88,baseline,1.0,360,0.0,460875.9742553566,460875.9742553566,0.0
mech_009_PR_attrition_moderate,0.88,baseline,5.0,360,-0.8989585373145922,106183.74692430117,461393.6214822538,361761.3829974809
mech_009_PR_attrition_moderate,0.88,baseline,20.0,360,-1.2350522729591775,32973.12156239861,461393.6214822538,435412.3195766489
mech_009_PR_attrition_moderate,0.88,baseline,50.0,360,-1.0700738488852308,17573.62361530377,461393.6214822538,450392.89882928046
mech_009_PR_attrition_moderate,0.88,baseline,100.0,360,-1.2330990985045793,9611.704796945738,461393.6214822538,455405.48697601445
mech_009_PR_attrition_moderate,0.88,mixed_GBseg_TJ,0.2,360,,,,
mech_009_PR_attrition_moderate,0.88,mixed_GBseg_TJ,1.0,360,0.0,291785.3362555702,291785.3362555702,0.0
mech_009_PR_attrition_moderate,0.88,mixed_GBseg_TJ,5.0,360,-1.49443276677697,64911.08778392064,291785.3362555702,230965.0539127456
mech_009_PR_attrition_moderate,0.88,mixed_GBseg_TJ,20.0,360,-1.7959282658348077,21750.412763195254,291785.3362555702,276284.9013162607
mech_009_PR_attrition_moderate,0.88,mixed_GBseg_TJ,50.0,360,-1.768992118716988,12119.790813051835,292142.01943761925,285430.38656438637
mech_009_PR_attrition_moderate,0.88,mixed_GBseg_TJ,100.0,360,-1.878362482342249,6203.43711096069,292498.7026196683,288485.041417514
mech_009_PR_attrition_moderate,0.9,GBseg_rich,0.2,360,,,,
mech_009_PR_attrition_moderate,0.9,GBseg_rich,1.0,360,0.0,1029111.57216288,1029111.57216288,0.0
mech_009_PR_attrition_moderate,0.9,GBseg_rich,5.0,360,-0.2401000807850659,266512.2228217299,1029189.6304470842,768263.4475956493
mech_009_PR_attrition_moderate,0.9,GBseg_rich,20.0,360,0.05863149792890855,78380.28851003062,1029189.6304470842,951771.6257118424
mech_009_PR_attrition_moderate,0.9,GBseg_rich,50.0,360,0.064178928156052,39268.91553187999,1029267.6887312884,997228.4424435634
mech_009_PR_attrition_moderate,0.9,GBseg_rich,100.0,360,0.2044049761935944,25249.32437809095,1029267.6887312884,1010536.7411000578
mech_009_PR_attrition_moderate,0.9,TJ_rich,0.2,360,,,,
mech_009_PR_attrition_moderate,0.9,TJ_rich,1.0,360,0.0,191627.51128534292,191627.51128534292,0.0
mech_009_PR_attrition_moderate,0.9,TJ_rich,5.0,360,-0.6322754064700904,39658.77241468641,191749.80006731307,152159.50532933016
mech_009_PR_attrition_moderate,0.9,TJ_rich,20.0,360,-0.8919485048943254,10803.202371017283,191749.80006731307,181626.6192500754
mech_009_PR_attrition_moderate,0.9,TJ_rich,50.0,360,-0.9086365402885702,5112.929365567177,191749.80006731307,187557.22852886887
mech_009_PR_attrition_moderate,0.9,TJ_rich,100.0,360,-0.8646066929474379,3217.94153257445,191749.80006731307,189536.89646925812
mech_009_PR_attrition_moderate,0.9,baseline,0.2,360,,,,
mech_009_PR_attrition_moderate,0.9,baseline,1.0,360,0.0,460754.25563511805,460754.25563511805,0.0
mech_009_PR_attrition_moderate,0.9,baseline,5.0,360,-0.4051114523620858,101526.63084175225,461486.03194260714,361761.44974770077
mech_009_PR_attrition_moderate,0.9,baseline,20.0,360,-0.5773640511760363,28055.259677545975,461486.03194260714,435412.4059118603
mech_009_PR_attrition_moderate,0.9,baseline,50.0,360,-0.5191894404912414,13038.88481142907,461486.03194260714,450392.88834788126
mech_009_PR_attrition_moderate,0.9,baseline,100.0,360,-0.5491111623475238,8011.566278237162,461486.03194260714,455405.5188711245
mech_009_PR_attrition_moderate,0.9,mixed_GBseg_TJ,0.2,360,,,,
mech_009_PR_attrition_moderate,0.9,mixed_GBseg_TJ,1.0,360,0.0,291802.39511422307,291802.39511422307,0.0
mech_009_PR_attrition_moderate,0.9,mixed_GBseg_TJ,5.0,360,-0.9634455797978954,60939.41226113157,291680.3773270269,230862.9828530915
mech_009_PR_attrition_moderate,0.9,mixed_GBseg_TJ,20.0,360,-1.2318285958493176,16637.064689244704,291741.386220625,276218.0680607844
mech_009_PR_attrition_moderate,0.9,mixed_GBseg_TJ,50.0,360,-1.2190372785698869,7655.40845467952,291802.39511422307,285430.8305707362
mech_009_PR_attrition_moderate,0.9,mixed_GBseg_TJ,100.0,360,-1.187349367498422,4651.8506870783185,291802.39511422307,288485.5028220769
mech_009_PR_attrition_moderate,0.92,GBseg_rich,0.2,360,,,,
mech_009_PR_attrition_moderate,0.92,GBseg_rich,1.0,360,0.0,1023780.6868928333,1023780.6868928333,0.0
mech_009_PR_attrition_moderate,0.92,GBseg_rich,5.0,360,0.2314787988340421,263737.1345047562,1029116.482723607,774937.6345722165
mech_009_PR_attrition_moderate,0.92,GBseg_rich,20.0,360,0.3937424812450045,76797.99999633068,1029116.482723607,961125.8430591348
mech_009_PR_attrition_moderate,0.92,GBseg_rich,50.0,360,0.5178275192447374,36642.20567737919,1029116.482723607,1000733.2802012452
mech_009_PR_attrition_moderate,0.92,GBseg_rich,100.0,360,0.4351590853499797,23021.570517648583,1029116.482723607,1014130.1198402544
mech_009_PR_attrition_moderate,0.92,TJ_rich,0.2,360,,,,
mech_009_PR_attrition_moderate,0.92,TJ_rich,1.0,360,0.0,191629.8362439144,191629.8362439144,0.0
mech_009_PR_attrition_moderate,0.92,TJ_rich,5.0,360,-0.3548473631970678,39470.39924836788,191629.8362439144,152091.64561693044
mech_009_PR_attrition_moderate,0.92,TJ_rich,20.0,360,-0.3200925277251518,10226.1508919841,191629.8362439144,181539.88376841816
mech_009_PR_attrition_moderate,0.92,TJ_rich,50.0,360,-0.4574799865831578,4299.558372349339,191629.8362439144,187466.47628805297
mech_009_PR_attrition_moderate,0.92,TJ_rich,100.0,360,-0.4206248537205497,2321.27450334235,191629.8362439144,189444.7601570599
mech_009_PR_attrition_moderate,0.92,baseline,0.2,360,,,,
mech_009_PR_attrition_moderate,0.92,baseline,1.0,360,0.0,457939.6400629182,457939.6400629182,0.0
mech_009_PR_attrition_moderate,0.92,baseline,5.0,360,-0.1849744952741641,99733.16422420766,457939.6400629182,358914.0171609614
mech_009_PR_attrition_moderate,0.92,baseline,20.0,360,-0.3804498906858268,25861.75499720629,457939.6400629182,432494.2259682829
mech_009_PR_attrition_moderate,0.92,baseline,50.0,360,-0.3211266856120082,10797.53295773428,457939.6400629182,447483.5870945786
mech_009_PR_attrition_moderate,0.92,baseline,100.0,360,-0.2144389821120382,5750.2991460247085,457939.6400629182,452500.94227127905
mech_009_PR_attrition_moderate,0.92,mixed_GBseg_TJ,0.2,360,,,,
mech_009_PR_attrition_moderate,0.92,mixed_GBseg_TJ,1.0,360,0.0,291750.15330638917,291750.15330638917,0.0
mech_009_PR_attrition_moderate,0.92,mixed_GBseg_TJ,5.0,360,-0.0643577991711293,60857.43536785655,291750.15330638917,230965.24516752237
mech_009_PR_attrition_moderate,0.92,mixed_GBseg_TJ,20.0,360,-0.4224329016774804,16633.65109959726,291750.15330638917,276285.09061172314
mech_009_PR_attrition_moderate,0.92,mixed_GBseg_TJ,50.0,360,-0.28028034590127526,7797.666013019971,291750.15330638917,285430.77607458655
mech_009_PR_attrition_moderate,0.92,mixed_GBseg_TJ,100.0,360,-0.3327712685639257,4839.172999517792,291750.15330638917,288485.46220695006
mech_009_q0_PR_attrition_moderate,0.85,GBseg_rich,0.2,360,,,,
mech_009_q0_PR_attrition_moderate,0.85,GBseg_rich,1.0,360,0.0,1028781.5019961218,1028781.5019961218,0.0
mech_009_q0_PR_attrition_moderate,0.85,GBseg_rich,5.0,360,-0.8380426459912309,273076.2950766025,1029237.0017687501,769634.8701241657
mech_009_q0_PR_attrition_moderate,0.85,GBseg_rich,20.0,360,-0.2728256902389515,92336.35597591114,1029640.6015583328,958378.2909738048
mech_009_q0_PR_attrition_moderate,0.85,GBseg_rich,50.0,360,-0.2208683582338254,53076.38601750178,1029640.6015583328,997750.0019877902
mech_009_q0_PR_attrition_moderate,0.85,GBseg_rich,100.0,360,-0.2439257057256095,34536.0874338663,1029640.6015583328,1011071.4099622607
mech_009_q0_PR_attrition_moderate,0.85,TJ_rich,0.2,360,,,,
mech_009_q0_PR_attrition_moderate,0.85,TJ_rich,1.0,360,0.0,191598.09399243657,191598.09399243657,0.0
mech_009_q0_PR_attrition_moderate,0.85,TJ_rich,5.0,360,-1.879704296894417,39610.57345167237,191640.22954348102,152071.79164285318
mech_009_q0_PR_attrition_moderate,0.85,TJ_rich,20.0,360,-2.3696640263385023,10566.690313373761,191640.22954348102,181517.55690572783
mech_009_q0_PR_attrition_moderate,0.85,TJ_rich,50.0,360,-2.562212298997628,4782.817555110805,191640.22954348102,187443.79359272585
mech_009_q0_PR_attrition_moderate,0.85,TJ_rich,100.0,360,-2.582473388609097,3025.8337936680587,191640.22954348102,189421.9599607354
mech_009_q0_PR_attrition_moderate,0.85,baseline,0.2,360,,,,
mech_009_q0_PR_attrition_moderate,0.85,baseline,1.0,360,0.0,460745.5874275216,460745.5874275216,0.0
mech_009_q0_PR_attrition_moderate,0.85,baseline,5.0,360,-1.7419584736321885,105787.10915684768,461384.50323982554,361607.71455310466
mech_009_q0_PR_attrition_moderate,0.85,baseline,20.0,360,-2.1675586001958873,33072.70673386394,461384.50323982554,435217.7989529323
mech_009_q0_PR_attrition_moderate,0.85,baseline,50.0,360,-2.331342010339447,18173.626244998948,461384.50323982554,450189.14841412375
mech_009_q0_PR_attrition_moderate,0.85,baseline,100.0,360,-2.543610090546378,11702.497199887453,461384.50323982554,455198.6049082084
mech_009_q0_PR_attrition_moderate,0.85,mixed_GBseg_TJ,0.2,360,,,,
mech_009_q0_PR_attrition_moderate,0.85,mixed_GBseg_TJ,1.0,360,0.0,291635.3323994172,291635.3323994172,0.0
mech_009_q0_PR_attrition_moderate,0.85,mixed_GBseg_TJ,5.0,360,-2.2118593007026197,61758.46888486527,291675.0701285618,230600.4420601917
mech_009_q0_PR_attrition_moderate,0.85,mixed_GBseg_TJ,20.0,360,-2.441573313585251,18748.128298482035,291714.8078577065,275971.3579084048
mech_009_q0_PR_attrition_moderate,0.85,mixed_GBseg_TJ,50.0,360,-2.7510047279364107,9548.480194633548,291714.8078577065,285103.7217029894
mech_009_q0_PR_attrition_moderate,0.85,mixed_GBseg_TJ,100.0,360,-2.6020019529808267,6190.674169003491,291714.8078577065,287997.63410472136
mech_009_q0_PR_attrition_moderate,0.88,GBseg_rich,0.2,360,,,,
mech_009_q0_PR_attrition_moderate,0.88,GBseg_rich,1.0,360,0.0,1028802.7819375616,1028802.7819375616,0.0
mech_009_q0_PR_attrition_moderate,0.88,GBseg_rich,5.0,360,-0.788866157072661,269959.67522541684,1028902.3479047735,773866.529256654
mech_009_q0_PR_attrition_moderate,0.88,GBseg_rich,20.0,360,-0.0754784279312955,84145.71115720744,1028902.3479047735,959599.0117940471
mech_009_q0_PR_attrition_moderate,0.88,GBseg_rich,50.0,360,0.0039329333700442,47281.60961082451,1028902.3479047735,999087.0805887401
mech_009_q0_PR_attrition_moderate,0.88,GBseg_rich,100.0,360,0.0313480750651055,34567.84245771205,1028902.3479047735,1012444.8292751226
mech_009_q0_PR_attrition_moderate,0.88,TJ_rich,0.2,360,,,,
mech_009_q0_PR_attrition_moderate,0.88,TJ_rich,1.0,360,0.0,191656.49376211487,191656.49376211487,0.0
mech_009_q0_PR_attrition_moderate,0.88,TJ_rich,5.0,360,-0.8128550193041961,39972.420486363786,191656.49376211487,152107.37880802227
mech_009_q0_PR_attrition_moderate,0.88,TJ_rich,20.0,360,-0.9616729097965178,10898.484297025752,191707.4646222521,181608.1315924218
mech_009_q0_PR_attrition_moderate,0.88,TJ_rich,50.0,360,-1.0596431330622058,4977.431199574274,191707.4646222521,187538.59391138837
mech_009_q0_PR_attrition_moderate,0.88,TJ_rich,100.0,360,-0.9815118199507904,3003.2951017813352,191707.4646222521,189518.21290463215
mech_009_q0_PR_attrition_moderate,0.88,baseline,0.2,360,,,,
mech_009_q0_PR_attrition_moderate,0.88,baseline,1.0,360,0.0,460776.7320453682,460776.7320453682,0.0
mech_009_q0_PR_attrition_moderate,0.88,baseline,5.0,360,-1.2349079743092888,104276.78624150965,460880.98038969724,361690.60777275264
mech_009_q0_PR_attrition_moderate,0.88,baseline,20.0,360,-1.3882810616084824,31018.946497261917,460880.98038969724,435334.4151005872
mech_009_q0_PR_attrition_moderate,0.88,baseline,50.0,360,-1.4353150315745697,16039.849190306591,460880.98038969724,450314.0499786389
mech_009_q0_PR_attrition_moderate,0.88,baseline,100.0,360,-1.7942936179873288,9366.684531194805,460880.98038969724,455326.3669723029
mech_009_q0_PR_attrition_moderate,0.88,mixed_GBseg_TJ,0.2,360,,,,
mech_009_q0_PR_attrition_moderate,0.88,mixed_GBseg_TJ,1.0,360,0.0,291745.27882174455,291745.27882174455,0.0
mech_009_q0_PR_attrition_moderate,0.88,mixed_GBseg_TJ,5.0,360,-1.389880201852432,63355.03467913462,291745.27882174455,230936.689882702
mech_009_q0_PR_attrition_moderate,0.88,mixed_GBseg_TJ,20.0,360,-1.7620452994755256,20189.883290098736,291745.27882174455,276254.1268224814
mech_009_q0_PR_attrition_moderate,0.88,mixed_GBseg_TJ,50.0,360,-1.5893801640446,11446.418784514866,292032.94709029776,285399.31638602115
mech_009_q0_PR_attrition_moderate,0.88,mixed_GBseg_TJ,100.0,360,-1.8753819152735391,6203.386790389895,292320.615358851,288453.8879355768
mech_009_q0_PR_attrition_moderate,0.9,GBseg_rich,0.2,360,,,,
mech_009_q0_PR_attrition_moderate,0.9,GBseg_rich,1.0,360,0.0,1025160.7545514522,1025160.7545514522,0.0
mech_009_q0_PR_attrition_moderate,0.9,GBseg_rich,5.0,360,-0.660325130792738,265411.32694703934,1028810.4881839792,769072.3123385198
mech_009_q0_PR_attrition_moderate,0.9,GBseg_rich,20.0,360,-0.6692691875808654,76470.28971242643,1028810.4881839792,952867.9037644144
mech_009_q0_PR_attrition_moderate,0.9,GBseg_rich,50.0,360,-0.5914077520834408,37020.06543586138,1028810.4881839792,997584.5127966392
mech_009_q0_PR_attrition_moderate,0.9,GBseg_rich,100.0,360,-0.5137327819834143,22955.65881185259,1028810.4881839792,1010900.5494676224
mech_009_q0_PR_attrition_moderate,0.9,TJ_rich,0.2,360,,,,
mech_009_q0_PR_attrition_moderate,0.9,TJ_rich,1.0,360,0.0,191608.40252340733,191608.40252340733,0.0
mech_009_q0_PR_attrition_moderate,0.9,TJ_rich,5.0,360,-0.280846547600719,39646.190312297746,191717.9918186639,152142.29316443406
mech_009_q0_PR_attrition_moderate,0.9,TJ_rich,20.0,360,-0.109307442376649,10589.621655651314,191717.9918186639,181608.07137586243
mech_009_q0_PR_attrition_moderate,0.9,TJ_rich,50.0,360,-0.4840344402449414,4901.464604584624,191717.9918186639,187538.54700970493
mech_009_q0_PR_attrition_moderate,0.9,TJ_rich,100.0,360,-0.4587698200411501,3004.7002377420827,191717.9918186639,189518.16900404243
mech_009_q0_PR_attrition_moderate,0.9,baseline,0.2,360,,,,
mech_009_q0_PR_attrition_moderate,0.9,baseline,1.0,360,0.0,459467.05219132215,459467.05219132215,0.0
mech_009_q0_PR_attrition_moderate,0.9,baseline,5.0,360,-0.575529069691546,100930.31020822795,460730.2912145902,361690.755379278
mech_009_q0_PR_attrition_moderate,0.9,baseline,20.0,360,-0.7694321744194227,27453.389373001577,460730.2912145902,435334.49182234437
mech_009_q0_PR_attrition_moderate,0.9,baseline,50.0,360,-0.8350489963863326,12433.740907305284,460730.2912145902,450314.0725897121
mech_009_q0_PR_attrition_moderate,0.9,baseline,100.0,360,-0.8761711880195506,7403.651264160527,460730.2912145902,455326.37088266236
mech_009_q0_PR_attrition_moderate,0.9,mixed_GBseg_TJ,0.2,360,,,,
mech_009_q0_PR_attrition_moderate,0.9,mixed_GBseg_TJ,1.0,360,0.0,291760.0681010398,291760.0681010398,0.0
mech_009_q0_PR_attrition_moderate,0.9,mixed_GBseg_TJ,5.0,360,-0.8792171970320289,60925.61229253723,291648.854019003,230834.45580850256
mech_009_q0_PR_attrition_moderate,0.9,mixed_GBseg_TJ,20.0,360,-0.8479025241939563,16413.353078135788,291704.4610600214,276186.609246533
mech_009_q0_PR_attrition_moderate,0.9,mixed_GBseg_TJ,50.0,360,-0.9096068083743096,7397.092144542459,291704.4610600214,285328.055625926
mech_009_q0_PR_attrition_moderate,0.9,mixed_GBseg_TJ,100.0,360,-1.0432242145751507,4391.34733529689,291704.4610600214,288381.48218797136
mech_009_q0_PR_attrition_moderate,0.92,GBseg_rich,0.2,360,,,,
mech_009_q0_PR_attrition_moderate,0.92,GBseg_rich,1.0,360,0.0,1021664.981942958,1021664.981942958,0.0
mech_009_q0_PR_attrition_moderate,0.92,GBseg_rich,5.0,360,-0.2007254380544713,263400.0628464845,1028814.7640948918,774755.3648292003
mech_009_q0_PR_attrition_moderate,0.92,GBseg_rich,20.0,360,-0.3965630813687566,74789.1645946533,1028814.7640948918,960934.5134159906
mech_009_q0_PR_attrition_moderate,0.92,GBseg_rich,50.0,360,-0.2865018972175404,34568.54730476686,1028814.7640948918,1000542.9365962108
mech_009_q0_PR_attrition_moderate,0.92,GBseg_rich,100.0,360,-0.2192692036666674,20919.71731241383,1028814.7640948918,1013941.8662428166
mech_009_q0_PR_attrition_moderate,0.92,TJ_rich,0.2,360,,,,
mech_009_q0_PR_attrition_moderate,0.92,TJ_rich,1.0,360,0.0,191609.93979330943,191609.93979330943,0.0
mech_009_q0_PR_attrition_moderate,0.92,TJ_rich,5.0,360,0.8562590425078612,39467.649744893766,191609.93979330943,152071.67250957512
mech_009_q0_PR_attrition_moderate,0.92,TJ_rich,20.0,360,0.6238625316717707,10206.36745127591,191609.93979330943,181517.5918300049
mech_009_q0_PR_attrition_moderate,0.92,TJ_rich,50.0,360,0.5108569898564916,4280.253298941716,191609.93979330943,187443.7059823391
mech_009_q0_PR_attrition_moderate,0.92,TJ_rich,100.0,360,1.114252455081185,2302.1236499778765,191609.93979330943,189421.83563130297
mech_009_q0_PR_attrition_moderate,0.92,baseline,0.2,360,,,,
mech_009_q0_PR_attrition_moderate,0.92,baseline,1.0,360,0.0,458276.76785214385,458276.76785214385,0.0
mech_009_q0_PR_attrition_moderate,0.92,baseline,5.0,360,0.16419202105845615,99847.76682765943,458276.76785214385,358825.2471664561
mech_009_q0_PR_attrition_moderate,0.92,baseline,20.0,360,0.1127478137808366,25972.611858226857,460672.95889926975,435217.39229208446
mech_009_q0_PR_attrition_moderate,0.92,baseline,50.0,360,0.1263600208889985,10832.220381288227,460672.95889926975,450188.5135812257
mech_009_q0_PR_attrition_moderate,0.92,baseline,100.0,360,0.0386770441024302,5757.15110194393,460672.95889926975,455197.8459630754
mech_009_q0_PR_attrition_moderate,0.92,mixed_GBseg_TJ,0.2,360,,,,
mech_009_q0_PR_attrition_moderate,0.92,mixed_GBseg_TJ,1.0,360,0.0,291710.26554204454,291710.26554204454,0.0
mech_009_q0_PR_attrition_moderate,0.92,mixed_GBseg_TJ,5.0,360,0.019580659618736847,60824.73421546513,291710.26554204454,230936.77974677383
mech_009_q0_PR_attrition_moderate,0.92,mixed_GBseg_TJ,20.0,360,-0.26878940561435516,16275.492550507925,291710.26554204454,276254.271380305
mech_009_q0_PR_attrition_moderate,0.92,mixed_GBseg_TJ,50.0,360,-0.3345181892059861,7438.326451182404,291710.26554204454,285399.64769921004
mech_009_q0_PR_attrition_moderate,0.92,mixed_GBseg_TJ,100.0,360,-0.17437054281206785,4484.039730102365,291710.26554204454,288454.2529882064
mech_019_PR_attrition_moderate,0.85,GBseg_rich,0.2,360,,,,
mech_019_PR_attrition_moderate,0.85,GBseg_rich,1.0,360,0.0,1029146.9538516188,1029146.9538516188,0.0
mech_019_PR_attrition_moderate,0.85,GBseg_rich,5.0,360,-1.8262188876741683,272703.42224944016,1029234.3638205264,765673.9457376539
mech_019_PR_attrition_moderate,0.85,GBseg_rich,20.0,360,-2.2525153909171904,92559.66488383597,1029776.0665498341,953265.2914119285
mech_019_PR_attrition_moderate,0.85,GBseg_rich,50.0,360,-2.3890613813688666,53623.21136779076,1029776.0665498341,992294.8806045534
mech_019_PR_attrition_moderate,0.85,GBseg_rich,100.0,360,-2.4079836103939196,35152.93451916922,1029776.0665498341,1005496.5505183183
mech_019_PR_attrition_moderate,0.85,TJ_rich,0.2,360,,,,
mech_019_PR_attrition_moderate,0.85,TJ_rich,1.0,360,0.0,191669.45616111447,191669.45616111447,0.0
mech_019_PR_attrition_moderate,0.85,TJ_rich,5.0,360,-1.5943903602049168,39940.03327100101,191748.46424796182,152080.89185782275
mech_019_PR_attrition_moderate,0.85,TJ_rich,20.0,360,-2.2740840556931654,11180.277559901317,191827.4723348092,181528.80790849705
mech_019_PR_attrition_moderate,0.85,TJ_rich,50.0,360,-2.6018775913036802,6325.912017895094,191827.4723348092,187509.13200075788
mech_019_PR_attrition_moderate,0.85,TJ_rich,100.0,360,-2.5081997594149685,3281.7897549191316,191827.4723348092,189434.96371762012
mech_019_PR_attrition_moderate,0.85,baseline,0.2,360,,,,
mech_019_PR_attrition_moderate,0.85,baseline,1.0,360,0.0,460990.28659284173,460990.28659284173,0.0
mech_019_PR_attrition_moderate,0.85,baseline,5.0,360,-1.9024049624971435,107420.1283016691,461923.9087373733,361639.62694871664
mech_019_PR_attrition_moderate,0.85,baseline,20.0,360,-2.3913436351140445,34420.197914365286,461923.9087373733,435252.7154812882
mech_019_PR_attrition_moderate,0.85,baseline,50.0,360,-2.57885147069035,19461.51995219224,461923.9087373733,450225.5258801424
mech_019_PR_attrition_moderate,0.85,baseline,100.0,360,-2.7908720135183507,12068.548754097728,461923.9087373733,455235.71994012815
mech_019_PR_attrition_moderate,0.85,mixed_GBseg_TJ,0.2,360,,,,
mech_019_PR_attrition_moderate,0.85,mixed_GBseg_TJ,1.0,360,0.0,291784.823071396,291784.823071396,0.0
mech_019_PR_attrition_moderate,0.85,mixed_GBseg_TJ,5.0,360,-1.7275813791472796,62528.471670629726,291853.2094639969,230594.95408398216
mech_019_PR_attrition_moderate,0.85,mixed_GBseg_TJ,20.0,360,-2.324091686168364,19326.96345323666,292191.83456512843,275976.0714091276
mech_019_PR_attrition_moderate,0.85,mixed_GBseg_TJ,50.0,360,-2.6193432919106536,9976.726051012836,292191.83456512843,285110.8008532494
mech_019_PR_attrition_moderate,0.85,mixed_GBseg_TJ,100.0,360,-2.6598953575402415,6385.631623016465,291853.2094639969,287997.6316707163
mech_019_PR_attrition_moderate,0.88,GBseg_rich,0.2,360,,,,
mech_019_PR_attrition_moderate,0.88,GBseg_rich,1.0,360,0.0,1029201.9959929788,1029201.9959929788,0.0
mech_019_PR_attrition_moderate,0.88,GBseg_rich,5.0,360,-1.675981688727646,267975.01126330695,1029406.4307073726,772879.8827707401
mech_019_PR_attrition_moderate,0.88,GBseg_rich,20.0,360,-2.7094037115066767,78766.67029955269,1029406.4307073726,958142.8564484384
mech_019_PR_attrition_moderate,0.88,GBseg_rich,50.0,360,-3.223716964791864,44011.22494926998,1029406.4307073726,997502.3551253962
mech_019_PR_attrition_moderate,0.88,GBseg_rich,100.0,360,-3.1599281051580914,35303.32589658939,1029406.4307073726,1010824.160309118
mech_019_PR_attrition_moderate,0.88,TJ_rich,0.2,360,,,,
mech_019_PR_attrition_moderate,0.88,TJ_rich,1.0,360,0.0,191694.69001032083,191694.69001032083,0.0
mech_019_PR_attrition_moderate,0.88,TJ_rich,5.0,360,-1.2496527557003994,40388.36769546695,191804.41582783134,152123.30880661387
mech_019_PR_attrition_moderate,0.88,TJ_rich,20.0,360,-1.6409340897043734,11300.110007177398,191804.41582783134,181581.6387901251
mech_019_PR_attrition_moderate,0.88,TJ_rich,50.0,360,-1.808597081544142,5599.419531346134,191914.14164534185,187563.6814732296
mech_019_PR_attrition_moderate,0.88,TJ_rich,100.0,360,-1.8755283212442029,3628.57454672411,191914.14164534185,189543.660485546
mech_019_PR_attrition_moderate,0.88,baseline,0.2,360,,,,
mech_019_PR_attrition_moderate,0.88,baseline,1.0,360,0.0,461080.6212127222,461080.6212127222,0.0
mech_019_PR_attrition_moderate,0.88,baseline,5.0,360,-1.29509966680509,101885.72875930704,461080.6212127222,361639.7344810228
mech_019_PR_attrition_moderate,0.88,baseline,20.0,360,-1.960391212726088,28184.42591160199,461080.6212127222,435253.3734138045
mech_019_PR_attrition_moderate,0.88,baseline,50.0,360,-2.332121412598207,13082.787585641909,461080.6212127222,450226.4213811599
mech_019_PR_attrition_moderate,0.88,baseline,100.0,360,-2.2881217400689344,8029.300935687547,461080.6212127222,455236.6981903401
mech_019_PR_attrition_moderate,0.88,mixed_GBseg_TJ,0.2,360,,,,
mech_019_PR_attrition_moderate,0.88,mixed_GBseg_TJ,1.0,360,0.0,291842.2917606045,291842.2917606045,0.0
mech_019_PR_attrition_moderate,0.88,mixed_GBseg_TJ,5.0,360,-1.285280368475426,63544.49884619417,291940.96112309466,230906.63223941356
mech_019_PR_attrition_moderate,0.88,mixed_GBseg_TJ,20.0,360,-1.8606693966685686,19328.643968202057,291940.96112309466,276210.2323279374
mech_019_PR_attrition_moderate,0.88,mixed_GBseg_TJ,50.0,360,-2.1568218437091873,12365.073615293471,291940.96112309466,285434.0721434435
mech_019_PR_attrition_moderate,0.88,mixed_GBseg_TJ,100.0,360,-2.2068791442236746,6446.683695394658,292400.6870944959,288488.8845017064
mech_019_PR_attrition_moderate,0.9,GBseg_rich,0.2,360,,,,
mech_019_PR_attrition_moderate,0.9,GBseg_rich,1.0,360,0.0,1029230.0576272472,1029230.0576272472,0.0
mech_019_PR_attrition_moderate,0.9,GBseg_rich,5.0,360,-1.5673987983505575,266460.8194896503,1029367.3728269592,768399.3913122569
mech_019_PR_attrition_moderate,0.9,GBseg_rich,20.0,360,-2.7348143380132908,78046.62880453847,1029367.3728269592,951991.6346369118
mech_019_PR_attrition_moderate,0.9,GBseg_rich,50.0,360,-3.0865012897876407,37267.87634516026,1029367.3728269592,991267.1215213954
mech_019_PR_attrition_moderate,0.9,GBseg_rich,100.0,360,-2.889482624443458,24539.522905012935,1029504.6880266712,1010733.021176931
mech_019_PR_attrition_moderate,0.9,TJ_rich,0.2,360,,,,
mech_019_PR_attrition_moderate,0.9,TJ_rich,1.0,360,0.0,191707.10235805495,191707.10235805495,0.0
mech_019_PR_attrition_moderate,0.9,TJ_rich,5.0,360,-0.5260430143560448,39879.93170200642,191963.2454554561,152164.5532456834
mech_019_PR_attrition_moderate,0.9,TJ_rich,20.0,360,-0.8503133596108647,11388.05174961216,191963.2454554561,181632.7957326976
mech_019_PR_attrition_moderate,0.9,TJ_rich,50.0,360,-0.9230896357069904,5706.488723484847,191963.2454554561,187564.120926828
mech_019_PR_attrition_moderate,0.9,TJ_rich,100.0,360,-1.2640325612531098,3801.2595924511415,191963.2454554561,189544.1374896025
mech_019_PR_attrition_moderate,0.9,baseline,0.2,360,,,,
mech_019_PR_attrition_moderate,0.9,baseline,1.0,360,0.0,460856.8835448942,460856.8835448942,0.0
mech_019_PR_attrition_moderate,0.9,baseline,5.0,360,-0.74302236560304,101528.56138771914,461136.7104080667,361642.6071380187
mech_019_PR_attrition_moderate,0.9,baseline,20.0,360,-1.3103879929036146,28226.149582329075,461136.7104080667,435256.0023299649
mech_019_PR_attrition_moderate,0.9,baseline,50.0,360,-1.4863220632701943,13278.55068802139,461136.7104080667,450228.9826538947
mech_019_PR_attrition_moderate,0.9,baseline,100.0,360,-1.7600992112255744,8273.49026181333,461136.7104080667,455239.1936146584
mech_019_PR_attrition_moderate,0.9,mixed_GBseg_TJ,0.2,360,,,,
mech_019_PR_attrition_moderate,0.9,mixed_GBseg_TJ,1.0,360,0.0,291759.15738172515,291759.15738172515,0.0
mech_019_PR_attrition_moderate,0.9,mixed_GBseg_TJ,5.0,360,-0.839358479025753,61151.69984127571,291759.15738172515,230845.23124232708
mech_019_PR_attrition_moderate,0.9,mixed_GBseg_TJ,20.0,360,-1.447909310071657,17118.611439512257,291878.04423266393,276211.4049621518
mech_019_PR_attrition_moderate,0.9,mixed_GBseg_TJ,50.0,360,-1.6427336323795565,8098.784864254907,291878.04423266393,285354.3852587632
mech_019_PR_attrition_moderate,0.9,mixed_GBseg_TJ,100.0,360,-1.5558073643109154,5090.285466396181,291878.04423266393,288407.47421906906
mech_019_PR_attrition_moderate,0.92,GBseg_rich,0.2,360,,,,
mech_019_PR_attrition_moderate,0.92,GBseg_rich,1.0,360,0.0,1017583.3919903708,1017583.3919903708,0.0
mech_019_PR_attrition_moderate,0.92,GBseg_rich,5.0,360,-1.4332271883701022,263943.8479324415,1023416.5823264571,764244.3548696657
mech_019_PR_attrition_moderate,0.92,GBseg_rich,20.0,360,-1.938199670086888,75298.93792581787,1029249.7726625436,959522.6554223284
mech_019_PR_attrition_moderate,0.92,GBseg_rich,50.0,360,-2.292035365392794,36575.14889537703,1029249.7726625436,1000643.5527832054
mech_019_PR_attrition_moderate,0.92,GBseg_rich,100.0,360,-2.5289221016297225,22935.83446001244,1029249.7726625436,1014042.6623355685
mech_019_PR_attrition_moderate,0.92,TJ_rich,0.2,360,,,,
mech_019_PR_attrition_moderate,0.92,TJ_rich,1.0,360,0.0,183841.94358912564,183841.94358912564,0.0
mech_019_PR_attrition_moderate,0.92,TJ_rich,5.0,360,0.3768736518663542,38788.4464768535,183841.94358912564,145551.3532945223
mech_019_PR_attrition_moderate,0.92,TJ_rich,20.0,360,0.6396641716275293,10098.0777104651,183841.94358912564,173849.03273526308
mech_019_PR_attrition_moderate,0.92,TJ_rich,50.0,360,0.377704614406067,4401.931722124414,183841.94358912564,179549.31258966748
mech_019_PR_attrition_moderate,0.92,TJ_rich,100.0,360,0.1964973191226624,2500.120987146012,183841.94358912564,181452.62653529493
mech_019_PR_attrition_moderate,0.92,baseline,0.2,360,,,,
mech_019_PR_attrition_moderate,0.92,baseline,1.0,360,0.0,458128.6506812379,458128.6506812379,0.0
mech_019_PR_attrition_moderate,0.92,baseline,5.0,360,-0.02327004310232985,99949.04352057818,458128.6506812379,358898.5990011273
mech_019_PR_attrition_moderate,0.92,baseline,20.0,360,-0.47428191024255983,26183.27945158338,458128.6506812379,432474.9805995908
mech_019_PR_attrition_moderate,0.92,baseline,50.0,360,-0.40503979741189894,11117.415070792063,458128.6506812379,447464.800983374
mech_019_PR_attrition_moderate,0.92,baseline,100.0,360,-0.5546150444949018,6070.8016901628325,458128.6506812379,452482.534443478
mech_019_PR_attrition_moderate,0.92,mixed_GBseg_TJ,0.2,360,,,,
mech_019_PR_attrition_moderate,0.92,mixed_GBseg_TJ,1.0,360,0.0,291769.9206753325,291769.9206753325,0.0
mech_019_PR_attrition_moderate,0.92,mixed_GBseg_TJ,5.0,360,-0.3264885262398649,61192.42905861341,291769.9206753325,230969.8993178854
mech_019_PR_attrition_moderate,0.92,mixed_GBseg_TJ,20.0,360,-0.6115831002317216,17142.049451130977,291769.9206753325,276289.7778998203
mech_019_PR_attrition_moderate,0.92,mixed_GBseg_TJ,50.0,360,-0.8221621011878055,8360.204731447482,291769.9206753325,285436.0207173201
mech_019_PR_attrition_moderate,0.92,mixed_GBseg_TJ,100.0,360,-0.8089082243106128,5376.480798817147,291769.9206753325,288490.9986230012
mech_019_q0_PR_attrition_moderate,0.85,GBseg_rich,0.2,360,,,,
mech_019_q0_PR_attrition_moderate,0.85,GBseg_rich,1.0,360,0.0,1029070.9446249314,1029070.9446249314,0.0
mech_019_q0_PR_attrition_moderate,0.85,GBseg_rich,5.0,360,-1.4530512398720368,271818.23933746107,1029157.0096240336,765998.0199185129
mech_019_q0_PR_attrition_moderate,0.85,GBseg_rich,20.0,360,-2.0336593834699297,91425.14792205309,1029682.6712654512,953490.9723531286
mech_019_q0_PR_attrition_moderate,0.85,GBseg_rich,50.0,360,-2.0517975729643907,52441.530920346515,1029682.6712654512,992539.2261952512
mech_019_q0_PR_attrition_moderate,0.85,GBseg_rich,100.0,360,-2.1061111381784015,35152.93451916922,1029682.6712654512,1005747.2629700069
mech_019_q0_PR_attrition_moderate,0.85,TJ_rich,0.2,360,,,,
mech_019_q0_PR_attrition_moderate,0.85,TJ_rich,1.0,360,0.0,191664.1868689936,191664.1868689936,0.0
mech_019_q0_PR_attrition_moderate,0.85,TJ_rich,5.0,360,-1.4560421374912984,39885.67241157829,191742.6124257017,152075.5457484304
mech_019_q0_PR_attrition_moderate,0.85,TJ_rich,20.0,360,-2.1584736485612113,11178.734804640686,191821.0379824098,181522.63527650203
mech_019_q0_PR_attrition_moderate,0.85,TJ_rich,50.0,360,-2.255375478737887,6274.130971818087,191821.0379824098,187503.34964262194
mech_019_q0_PR_attrition_moderate,0.85,TJ_rich,100.0,360,-2.25104217877471,3280.9542404437657,191821.0379824098,189428.5810023197
mech_019_q0_PR_attrition_moderate,0.85,baseline,0.2,360,,,,
mech_019_q0_PR_attrition_moderate,0.85,baseline,1.0,360,0.0,460952.682428032,460952.682428032,0.0
mech_019_q0_PR_attrition_moderate,0.85,baseline,5.0,360,-1.7132546363745096,107006.80865258524,461885.4298511731,361620.3734369074
mech_019_q0_PR_attrition_moderate,0.85,baseline,20.0,360,-2.383500374714605,33938.24333080428,461885.4298511731,435230.1590609319
mech_019_q0_PR_attrition_moderate,0.85,baseline,50.0,360,-2.57186350227545,18985.093629741896,461885.4298511731,450202.335025684
mech_019_q0_PR_attrition_moderate,0.85,baseline,100.0,360,-2.6982354147983307,11955.994665177468,461885.4298511731,455212.3186505459
mech_019_q0_PR_attrition_moderate,0.85,mixed_GBseg_TJ,0.2,360,,,,
mech_019_q0_PR_attrition_moderate,0.85,mixed_GBseg_TJ,1.0,360,0.0,291776.12410331273,291776.12410331273,0.0
mech_019_q0_PR_attrition_moderate,0.85,mixed_GBseg_TJ,5.0,360,-1.570843932765997,62378.6788449121,291844.0004099518,230584.61103355
mech_019_q0_PR_attrition_moderate,0.85,mixed_GBseg_TJ,20.0,360,-2.324091686168364,19179.23444727807,292179.58354716015,275965.06861582526
mech_019_q0_PR_attrition_moderate,0.85,mixed_GBseg_TJ,50.0,360,-2.5045608014022345,9827.47438855133,292179.58354716015,285099.33478220867
mech_019_q0_PR_attrition_moderate,0.85,mixed_GBseg_TJ,100.0,360,-2.640045832721195,6385.631623016465,291844.0004099518,287983.52203335654
mech_019_q0_PR_attrition_moderate,0.88,GBseg_rich,0.2,360,,,,
mech_019_q0_PR_attrition_moderate,0.88,GBseg_rich,1.0,360,0.0,1029125.1350989052,1029125.1350989052,0.0
mech_019_q0_PR_attrition_moderate,0.88,GBseg_rich,5.0,360,-1.834535522066005,267673.2753373582,1029225.6640481479,772883.4808649811
mech_019_q0_PR_attrition_moderate,0.88,GBseg_rich,20.0,360,-2.3965043468890848,78427.28664547496,1029225.6640481479,958160.8817194726
mech_019_q0_PR_attrition_moderate,0.88,GBseg_rich,50.0,360,-2.512807573026723,40264.522867205524,1029225.6640481479,997526.0124368652
mech_019_q0_PR_attrition_moderate,0.88,GBseg_rich,100.0,360,-2.5584969242372964,29137.68672399556,1029225.6640481479,1010849.2235431118
mech_019_q0_PR_attrition_moderate,0.88,TJ_rich,0.2,360,,,,
mech_019_q0_PR_attrition_moderate,0.88,TJ_rich,1.0,360,0.0,191689.27094806233,191689.27094806233,0.0
mech_019_q0_PR_attrition_moderate,0.88,TJ_rich,5.0,360,-0.9722453252265446,40383.35541813706,191798.1896530925,152118.02454258723
mech_019_q0_PR_attrition_moderate,0.88,TJ_rich,20.0,360,-1.4397591401231074,11295.11317242733,191798.1896530925,181575.62712333657
mech_019_q0_PR_attrition_moderate,0.88,TJ_rich,50.0,360,-1.6246988964993696,5594.476384840592,191907.10835812267,187558.3030808328
mech_019_q0_PR_attrition_moderate,0.88,TJ_rich,100.0,360,-1.5918403999274722,3623.7179570378967,191907.10835812267,189538.2610424222
mech_019_q0_PR_attrition_moderate,0.88,baseline,0.2,360,,,,
mech_019_q0_PR_attrition_moderate,0.88,baseline,1.0,360,0.0,461056.0184087414,461056.0184087414,0.0
mech_019_q0_PR_attrition_moderate,0.88,baseline,5.0,360,-1.117700056583827,101839.66238145284,461056.0184087414,361619.8475686126
mech_019_q0_PR_attrition_moderate,0.88,baseline,20.0,360,-1.6815221210077644,28152.440201184843,461056.0184087414,435229.94784519856
mech_019_q0_PR_attrition_moderate,0.88,baseline,50.0,360,-2.0887650442245587,13053.871578801252,461056.0184087414,450202.295169678
mech_019_q0_PR_attrition_moderate,0.88,baseline,100.0,360,-2.240074398528148,8001.228322984088,461056.0184087414,455212.3370849631
mech_019_q0_PR_attrition_moderate,0.88,mixed_GBseg_TJ,0.2,360,,,,
mech_019_q0_PR_attrition_moderate,0.88,mixed_GBseg_TJ,1.0,360,0.0,291833.19416366075,291833.19416366075,0.0
mech_019_q0_PR_attrition_moderate,0.88,mixed_GBseg_TJ,5.0,360,-1.1913190692046118,63366.28172645571,291931.1242310582,230898.93570747768
mech_019_q0_PR_attrition_moderate,0.88,mixed_GBseg_TJ,20.0,360,-1.677144278230365,19154.66372366251,291931.1242310582,276201.44682550186
mech_019_q0_PR_attrition_moderate,0.88,mixed_GBseg_TJ,50.0,360,-1.8560257903788289,12365.073615293411,291931.1242310582,285425.7757390182
mech_019_q0_PR_attrition_moderate,0.88,mixed_GBseg_TJ,100.0,360,-1.9968603504040892,6446.683695394593,292385.85567300767,288480.55572417757
mech_019_q0_PR_attrition_moderate,0.9,GBseg_rich,0.2,360,,,,
mech_019_q0_PR_attrition_moderate,0.9,GBseg_rich,1.0,360,0.0,1028808.7070738424,1028808.7070738424,0.0
mech_019_q0_PR_attrition_moderate,0.9,GBseg_rich,5.0,360,-1.286081884285853,266228.22422370163,1029152.829096222,768739.7307971572
mech_019_q0_PR_attrition_moderate,0.9,GBseg_rich,20.0,360,-2.375355518764058,77675.50928960416,1029152.829096222,952461.1371912009
mech_019_q0_PR_attrition_moderate,0.9,GBseg_rich,50.0,360,-2.728850665247862,36883.36789694932,1029152.829096222,991455.1956111016
mech_019_q0_PR_attrition_moderate,0.9,GBseg_rich,100.0,360,-2.553931460725122,24061.098273885833,1029152.829096222,1010771.374125365
mech_019_q0_PR_attrition_moderate,0.9,TJ_rich,0.2,360,,,,
mech_019_q0_PR_attrition_moderate,0.9,TJ_rich,1.0,360,0.0,191701.62993204524,191701.62993204524,0.0
mech_019_q0_PR_attrition_moderate,0.9,TJ_rich,5.0,360,-0.255217512723108,39878.290921592095,191955.63884197816,152159.7039700318
mech_019_q0_PR_attrition_moderate,0.9,TJ_rich,20.0,360,-0.5231501428122142,11374.16033832928,191955.63884197816,181627.43980195792
mech_019_q0_PR_attrition_moderate,0.9,TJ_rich,50.0,360,-0.908240174533206,5693.062262601765,191955.63884197816,187558.691204698
mech_019_q0_PR_attrition_moderate,0.9,TJ_rich,100.0,360,-1.0515092681456146,3788.48030215425,191955.63884197816,189538.68572526425
mech_019_q0_PR_attrition_moderate,0.9,baseline,0.2,360,,,,
mech_019_q0_PR_attrition_moderate,0.9,baseline,1.0,360,0.0,460834.66588124726,460834.66588124726,0.0
mech_019_q0_PR_attrition_moderate,0.9,baseline,5.0,360,-0.7281718361261699,101477.6294089462,461111.43297774054,361622.4163166141
mech_019_q0_PR_attrition_moderate,0.9,baseline,20.0,360,-0.9783255560430772,28185.658747287525,461111.43297774054,435232.175870232
mech_019_q0_PR_attrition_moderate,0.9,baseline,50.0,360,-1.3628823245744497,13240.144905216708,461111.43297774054,450204.423080028
mech_019_q0_PR_attrition_moderate,0.9,baseline,100.0,360,-1.5397932884624288,8235.822462247734,461111.43297774054,455212.7805440672
mech_019_q0_PR_attrition_moderate,0.9,mixed_GBseg_TJ,0.2,360,,,,
mech_019_q0_PR_attrition_moderate,0.9,mixed_GBseg_TJ,1.0,360,0.0,291750.71138869034,291750.71138869034,0.0
mech_019_q0_PR_attrition_moderate,0.9,mixed_GBseg_TJ,5.0,360,-0.7267168361193983,61149.75847341139,291750.71138869034,230836.96006185724
mech_019_q0_PR_attrition_moderate,0.9,mixed_GBseg_TJ,20.0,360,-1.3265392522625692,17109.107480848175,291868.7149619795,276202.41353169514
mech_019_q0_PR_attrition_moderate,0.9,mixed_GBseg_TJ,50.0,360,-1.4308760865040913,8090.427328157972,291868.7149619795,285345.1887126061
mech_019_q0_PR_attrition_moderate,0.9,mixed_GBseg_TJ,100.0,360,-1.413828971055441,5082.190790889559,291868.7149619795,288398.21176150604
mech_019_q0_PR_attrition_moderate,0.92,GBseg_rich,0.2,360,,,,
mech_019_q0_PR_attrition_moderate,0.92,GBseg_rich,1.0,360,0.0,1016012.6529733486,1016012.6529733486,0.0
mech_019_q0_PR_attrition_moderate,0.92,GBseg_rich,5.0,360,-1.3809488976030806,263742.8311495238,1022592.4985453719,764204.612716839
mech_019_q0_PR_attrition_moderate,0.92,GBseg_rich,20.0,360,-1.9174162016070735,74990.24178034152,1029172.3441173952,959505.391238322
mech_019_q0_PR_attrition_moderate,0.92,GBseg_rich,50.0,360,-2.1189010505741885,36194.12923044884,1029172.3441173952,1000565.4602386864
mech_019_q0_PR_attrition_moderate,0.92,GBseg_rich,100.0,360,-2.4450288694727993,22550.142113699803,1029172.3441173952,1013963.2534333247
mech_019_q0_PR_attrition_moderate,0.92,TJ_rich,0.2,360,,,,
mech_019_q0_PR_attrition_moderate,0.92,TJ_rich,1.0,360,0.0,183830.03534489145,183830.03534489145,0.0
mech_019_q0_PR_attrition_moderate,0.92,TJ_rich,5.0,360,1.3246544525146544,38727.62702005566,183830.03534489145,145544.02612809354
mech_019_q0_PR_attrition_moderate,0.92,TJ_rich,20.0,360,1.0901454810257591,10096.735838457764,183830.03534489145,173841.0028486265
mech_019_q0_PR_attrition_moderate,0.92,TJ_rich,50.0,360,1.0080294567915138,4400.819462420164,183830.03534489145,179541.18662665997
mech_019_q0_PR_attrition_moderate,0.92,TJ_rich,100.0,360,0.7548512079711814,2499.0817105995025,183830.03534489145,181444.472356149
mech_019_q0_PR_attrition_moderate,0.92,baseline,0.2,360,,,,
mech_019_q0_PR_attrition_moderate,0.92,baseline,1.0,360,0.0,458096.8345931851,458096.8345931851,0.0
mech_019_q0_PR_attrition_moderate,0.92,baseline,5.0,360,-0.01034706677798155,99939.26760304399,458096.8345931851,358872.3923125127
mech_019_q0_PR_attrition_moderate,0.92,baseline,20.0,360,0.0516779152846332,26180.462469736034,458096.8345931851,432445.23306588933
mech_019_q0_PR_attrition_moderate,0.92,baseline,50.0,360,-0.26496783390188183,11117.002126292862,458096.8345931851,447434.443607808
mech_019_q0_PR_attrition_moderate,0.92,baseline,100.0,360,-0.41416789001520055,6069.648483848252,458096.8345931851,452451.98740002443
mech_019_q0_PR_attrition_moderate,0.92,mixed_GBseg_TJ,0.2,360,,,,
mech_019_q0_PR_attrition_moderate,0.92,mixed_GBseg_TJ,1.0,360,0.0,291761.4312611477,291761.4312611477,0.0
mech_019_q0_PR_attrition_moderate,0.92,mixed_GBseg_TJ,5.0,360,-0.1855364233437264,60994.50580542127,291761.4312611477,230901.1326858867
mech_019_q0_PR_attrition_moderate,0.92,mixed_GBseg_TJ,20.0,360,-0.44813517148026555,16511.365189921547,291761.4312611477,276203.34802982246
mech_019_q0_PR_attrition_moderate,0.92,mixed_GBseg_TJ,50.0,360,-0.4894177860992095,7550.260319603478,291761.4312611477,285346.03955398384
mech_019_q0_PR_attrition_moderate,0.92,mixed_GBseg_TJ,100.0,360,-0.5015995543873177,4533.081449606272,291761.4312611477,288399.53752922884
